location_id,year,month_num,region,location,Animal Death/Injury,Animal Parts Trade,Animal Possession,Domestic Animal Trespass,Drugs/Alcohol,Encroachment/Land,Fire,Hunting/Killing,Illegal Entry,Illegal Fishing,Illegal Logging,Meat/Egg Trade,Mining,Other,Tusk Theft,Weapons/Traps,top_offence,total_cases,has_offence,date,month_sin,month_cos,season,lag_cases_1,lag_has_1,lag_top_1,lag_cases_2,lag_has_2,lag_top_2,lag_cases_3,lag_has_3,lag_top_3
Anuradhapura|Horowpothana NP,2022,1,Anuradhapura,Horowpothana NP,0.0,0.0,0.0,0.0,0.0,0.0,0.0,0.0,0.0,0.0,0.0,2.0,0.0,0.0,0.0,0.0,Meat/Egg Trade,2.0,1,2022-01-01,0.49999999999999994,0.8660254037844387,NE_monsoon,0.0,0,None,0.0,0,None,0.0,0,None
Anuradhapura|Horowpothana NP,2022,2,Anuradhapura,Horowpothana NP,0.0,0.0,0.0,0.0,0.0,0.0,0.0,0.0,0.0,0.0,0.0,0.0,0.0,0.0,0.0,0.0,None,0.0,0,2022-02-01,0.8660254037844386,0.5000000000000001,NE_monsoon,2.0,1,Meat/Egg Trade,0.0,0,None,0.0,0,None
Anuradhapura|Horowpothana NP,2022,3,Anuradhapura,Horowpothana NP,0.0,0.0,0.0,0.0,0.0,12.0,0.0,0.0,0.0,0.0,0.0,0.0,0.0,0.0,0.0,0.0,Encroachment/Land,12.0,1,2022-03-01,1.0,6.123233995736766e-17,Inter_MarApr,0.0,0,None,2.0,1,Meat/Egg Trade,0.0,0,None
Anuradhapura|Horowpothana NP,2022,4,Anuradhapura,Horowpothana NP,15.0,0.0,0.0,0.0,0.0,0.0,0.0,0.0,0.0,0.0,0.0,6.0,0.0,0.0,0.0,0.0,Animal Death/Injury,21.0,1,2022-04-01,0.8660254037844387,-0.4999999999999998,Inter_MarApr,12.0,1,Encroachment/Land,0.0,0,None,2.0,1,Meat/Egg Trade
Anuradhapura|Horowpothana NP,2022,5,Anuradhapura,Horowpothana NP,0.0,0.0,0.0,0.0,0.0,0.0,0.0,0.0,0.0,0.0,0.0,0.0,0.0,0.0,0.0,0.0,None,0.0,0,2022-05-01,0.49999999999999994,-0.8660254037844387,SW_monsoon,21.0,1,Animal Death/Injury,12.0,1,Encroachment/Land,0.0,0,None
Anuradhapura|Horowpothana NP,2022,6,Anuradhapura,Horowpothana NP,0.0,0.0,0.0,0.0,0.0,0.0,0.0,0.0,0.0,0.0,0.0,0.0,0.0,0.0,0.0,0.0,None,0.0,0,2022-06-01,1.2246467991473532e-16,-1.0,SW_monsoon,0.0,0,None,21.0,1,Animal Death/Injury,12.0,1,Encroachment/Land
Anuradhapura|Horowpothana NP,2022,7,Anuradhapura,Horowpothana NP,15.0,0.0,0.0,0.0,0.0,0.0,0.0,8.0,0.0,0.0,0.0,0.0,0.0,0.0,0.0,0.0,Animal Death/Injury,23.0,1,2022-07-01,-0.4999999999999997,-0.8660254037844388,SW_monsoon,0.0,0,None,0.0,0,None,21.0,1,Animal Death/Injury
Anuradhapura|Horowpothana NP,2022,8,Anuradhapura,Horowpothana NP,17.0,0.0,0.0,0.0,0.0,0.0,0.0,0.0,0.0,0.0,0.0,0.0,0.0,0.0,0.0,10.0,Animal Death/Injury,27.0,1,2022-08-01,-0.8660254037844384,-0.5000000000000004,SW_monsoon,23.0,1,Animal Death/Injury,0.0,0,None,0.0,0,None
Anuradhapura|Horowpothana NP,2022,9,Anuradhapura,Horowpothana NP,0.0,0.0,0.0,0.0,0.0,0.0,0.0,0.0,0.0,0.0,0.0,0.0,0.0,0.0,0.0,0.0,None,0.0,0,2022-09-01,-1.0,-1.8369701987210297e-16,SW_monsoon,27.0,1,Animal Death/Injury,23.0,1,Animal Death/Injury,0.0,0,None
Anuradhapura|Horowpothana NP,2022,10,Anuradhapura,Horowpothana NP,0.0,0.0,0.0,0.0,0.0,0.0,0.0,0.0,0.0,0.0,0.0,0.0,0.0,0.0,0.0,0.0,None,0.0,0,2022-10-01,-0.8660254037844386,0.5000000000000001,Inter_OctNov,0.0,0,None,27.0,1,Animal Death/Injury,23.0,1,Animal Death/Injury
Anuradhapura|Horowpothana NP,2022,11,Anuradhapura,Horowpothana NP,0.0,0.0,0.0,0.0,0.0,0.0,0.0,0.0,0.0,0.0,0.0,0.0,0.0,0.0,0.0,0.0,None,0.0,0,2022-11-01,-0.5000000000000004,0.8660254037844384,Inter_OctNov,0.0,0,None,0.0,0,None,27.0,1,Animal Death/Injury
Anuradhapura|Horowpothana NP,2022,12,Anuradhapura,Horowpothana NP,0.0,0.0,0.0,0.0,0.0,0.0,0.0,0.0,0.0,0.0,0.0,0.0,0.0,0.0,0.0,0.0,None,0.0,0,2022-12-01,-2.4492935982947064e-16,1.0,NE_monsoon,0.0,0,None,0.0,0,None,0.0,0,None
Anuradhapura|Horowpothana NP,2023,1,Anuradhapura,Horowpothana NP,0.0,0.0,0.0,0.0,0.0,0.0,0.0,9.0,105.0,0.0,0.0,0.0,0.0,0.0,0.0,40.0,Illegal Entry,154.0,1,2023-01-01,0.49999999999999994,0.8660254037844387,NE_monsoon,0.0,0,None,0.0,0,None,0.0,0,None
Anuradhapura|Horowpothana NP,2023,2,Anuradhapura,Horowpothana NP,0.0,0.0,0.0,0.0,0.0,0.0,0.0,18.0,0.0,0.0,0.0,5.0,0.0,0.0,0.0,27.0,Weapons/Traps,50.0,1,2023-02-01,0.8660254037844386,0.5000000000000001,NE_monsoon,154.0,1,Illegal Entry,0.0,0,None,0.0,0,None
Anuradhapura|Horowpothana NP,2023,3,Anuradhapura,Horowpothana NP,0.0,23.0,0.0,0.0,0.0,0.0,0.0,3.0,0.0,0.0,0.0,27.0,0.0,0.0,0.0,4.0,Meat/Egg Trade,57.0,1,2023-03-01,1.0,6.123233995736766e-17,Inter_MarApr,50.0,1,Weapons/Traps,154.0,1,Illegal Entry,0.0,0,None
Anuradhapura|Horowpothana NP,2023,4,Anuradhapura,Horowpothana NP,7.0,0.0,0.0,0.0,0.0,0.0,0.0,0.0,17.0,0.0,0.0,0.0,0.0,0.0,0.0,5.0,Illegal Entry,29.0,1,2023-04-01,0.8660254037844387,-0.4999999999999998,Inter_MarApr,57.0,1,Meat/Egg Trade,50.0,1,Weapons/Traps,154.0,1,Illegal Entry
Anuradhapura|Horowpothana NP,2023,5,Anuradhapura,Horowpothana NP,22.0,0.0,0.0,0.0,0.0,0.0,0.0,0.0,0.0,0.0,0.0,11.0,0.0,0.0,0.0,10.0,Animal Death/Injury,43.0,1,2023-05-01,0.49999999999999994,-0.8660254037844387,SW_monsoon,29.0,1,Illegal Entry,57.0,1,Meat/Egg Trade,50.0,1,Weapons/Traps
Anuradhapura|Horowpothana NP,2023,6,Anuradhapura,Horowpothana NP,0.0,0.0,0.0,0.0,0.0,0.0,0.0,0.0,0.0,0.0,0.0,17.0,0.0,0.0,0.0,0.0,Meat/Egg Trade,17.0,1,2023-06-01,1.2246467991473532e-16,-1.0,SW_monsoon,43.0,1,Animal Death/Injury,29.0,1,Illegal Entry,57.0,1,Meat/Egg Trade
Anuradhapura|Horowpothana NP,2023,7,Anuradhapura,Horowpothana NP,0.0,0.0,0.0,0.0,0.0,0.0,0.0,0.0,0.0,0.0,0.0,17.0,0.0,0.0,0.0,0.0,Meat/Egg Trade,17.0,1,2023-07-01,-0.4999999999999997,-0.8660254037844388,SW_monsoon,17.0,1,Meat/Egg Trade,43.0,1,Animal Death/Injury,29.0,1,Illegal Entry
Anuradhapura|Horowpothana NP,2023,8,Anuradhapura,Horowpothana NP,0.0,0.0,0.0,0.0,0.0,0.0,0.0,0.0,0.0,0.0,0.0,0.0,0.0,11.0,0.0,0.0,Other,11.0,1,2023-08-01,-0.8660254037844384,-0.5000000000000004,SW_monsoon,17.0,1,Meat/Egg Trade,17.0,1,Meat/Egg Trade,43.0,1,Animal Death/Injury
Anuradhapura|Horowpothana NP,2023,9,Anuradhapura,Horowpothana NP,0.0,0.0,0.0,0.0,0.0,0.0,0.0,0.0,0.0,0.0,0.0,4.0,0.0,0.0,0.0,5.0,Weapons/Traps,9.0,1,2023-09-01,-1.0,-1.8369701987210297e-16,SW_monsoon,11.0,1,Other,17.0,1,Meat/Egg Trade,17.0,1,Meat/Egg Trade
Anuradhapura|Horowpothana NP,2023,10,Anuradhapura,Horowpothana NP,0.0,0.0,0.0,0.0,0.0,0.0,0.0,0.0,0.0,0.0,0.0,0.0,0.0,0.0,0.0,0.0,None,0.0,0,2023-10-01,-0.8660254037844386,0.5000000000000001,Inter_OctNov,9.0,1,Weapons/Traps,11.0,1,Other,17.0,1,Meat/Egg Trade
Anuradhapura|Horowpothana NP,2023,11,Anuradhapura,Horowpothana NP,5.0,0.0,0.0,0.0,0.0,0.0,0.0,0.0,0.0,0.0,0.0,0.0,0.0,0.0,0.0,2.0,Animal Death/Injury,7.0,1,2023-11-01,-0.5000000000000004,0.8660254037844384,Inter_OctNov,0.0,0,None,9.0,1,Weapons/Traps,11.0,1,Other
Anuradhapura|Horowpothana NP,2023,12,Anuradhapura,Horowpothana NP,0.0,0.0,0.0,0.0,0.0,0.0,0.0,0.0,0.0,0.0,0.0,0.0,0.0,0.0,0.0,0.0,None,0.0,0,2023-12-01,-2.4492935982947064e-16,1.0,NE_monsoon,7.0,1,Animal Death/Injury,0.0,0,None,9.0,1,Weapons/Traps
Anuradhapura|Horowpothana NP,2024,1,Anuradhapura,Horowpothana NP,0.0,0.0,0.0,0.0,0.0,0.0,0.0,0.0,48.0,0.0,0.0,67.0,0.0,2.0,0.0,21.0,Meat/Egg Trade,138.0,1,2024-01-01,0.49999999999999994,0.8660254037844387,NE_monsoon,0.0,0,None,7.0,1,Animal Death/Injury,0.0,0,None
Anuradhapura|Horowpothana NP,2024,2,Anuradhapura,Horowpothana NP,0.0,0.0,0.0,0.0,0.0,0.0,0.0,0.0,8.0,0.0,0.0,11.0,0.0,28.0,0.0,15.0,Weapons/Traps,62.0,1,2024-02-01,0.8660254037844386,0.5000000000000001,NE_monsoon,138.0,1,Meat/Egg Trade,0.0,0,None,7.0,1,Animal Death/Injury
Anuradhapura|Horowpothana NP,2024,3,Anuradhapura,Horowpothana NP,0.0,0.0,0.0,0.0,0.0,0.0,0.0,0.0,0.0,0.0,0.0,9.0,0.0,4.0,0.0,2.0,Meat/Egg Trade,15.0,1,2024-03-01,1.0,6.123233995736766e-17,Inter_MarApr,62.0,1,Weapons/Traps,138.0,1,Meat/Egg Trade,0.0,0,None
Anuradhapura|Horowpothana NP,2024,4,Anuradhapura,Horowpothana NP,0.0,0.0,0.0,0.0,0.0,0.0,0.0,0.0,0.0,0.0,0.0,0.0,0.0,0.0,0.0,0.0,None,0.0,0,2024-04-01,0.8660254037844387,-0.4999999999999998,Inter_MarApr,15.0,1,Meat/Egg Trade,62.0,1,Weapons/Traps,138.0,1,Meat/Egg Trade
Anuradhapura|Horowpothana NP,2024,5,Anuradhapura,Horowpothana NP,0.0,0.0,0.0,0.0,0.0,0.0,0.0,0.0,16.0,0.0,0.0,0.0,0.0,22.0,0.0,0.0,Illegal Entry,38.0,1,2024-05-01,0.49999999999999994,-0.8660254037844387,SW_monsoon,0.0,0,None,15.0,1,Meat/Egg Trade,62.0,1,Weapons/Traps
Anuradhapura|Horowpothana NP,2024,6,Anuradhapura,Horowpothana NP,0.0,0.0,6.0,0.0,0.0,0.0,0.0,0.0,0.0,0.0,0.0,0.0,0.0,0.0,0.0,0.0,Animal Possession,6.0,1,2024-06-01,1.2246467991473532e-16,-1.0,SW_monsoon,38.0,1,Illegal Entry,0.0,0,None,15.0,1,Meat/Egg Trade
Anuradhapura|Horowpothana NP,2024,7,Anuradhapura,Horowpothana NP,0.0,0.0,0.0,0.0,0.0,0.0,0.0,0.0,0.0,0.0,0.0,0.0,0.0,5.0,0.0,0.0,Other,5.0,1,2024-07-01,-0.4999999999999997,-0.8660254037844388,SW_monsoon,6.0,1,Animal Possession,38.0,1,Illegal Entry,0.0,0,None
Anuradhapura|Horowpothana NP,2024,8,Anuradhapura,Horowpothana NP,0.0,0.0,0.0,0.0,0.0,0.0,0.0,0.0,0.0,0.0,0.0,0.0,0.0,0.0,0.0,0.0,None,0.0,0,2024-08-01,-0.8660254037844384,-0.5000000000000004,SW_monsoon,5.0,1,Other,6.0,1,Animal Possession,38.0,1,Illegal Entry
Anuradhapura|Horowpothana NP,2024,9,Anuradhapura,Horowpothana NP,0.0,0.0,0.0,0.0,0.0,0.0,0.0,0.0,0.0,0.0,0.0,0.0,0.0,0.0,0.0,0.0,None,0.0,0,2024-09-01,-1.0,-1.8369701987210297e-16,SW_monsoon,0.0,0,None,5.0,1,Other,6.0,1,Animal Possession
Anuradhapura|Horowpothana NP,2024,10,Anuradhapura,Horowpothana NP,0.0,0.0,0.0,0.0,0.0,0.0,0.0,0.0,0.0,0.0,0.0,0.0,0.0,0.0,0.0,0.0,None,0.0,0,2024-10-01,-0.8660254037844386,0.5000000000000001,Inter_OctNov,0.0,0,None,0.0,0,None,5.0,1,Other
Anuradhapura|Horowpothana NP,2024,11,Anuradhapura,Horowpothana NP,0.0,0.0,11.0,0.0,0.0,0.0,0.0,0.0,0.0,0.0,0.0,0.0,0.0,0.0,0.0,10.0,Animal Possession,21.0,1,2024-11-01,-0.5000000000000004,0.8660254037844384,Inter_OctNov,0.0,0,None,0.0,0,None,0.0,0,None
Anuradhapura|Horowpothana NP,2024,12,Anuradhapura,Horowpothana NP,0.0,0.0,0.0,0.0,0.0,0.0,0.0,0.0,0.0,0.0,0.0,0.0,0.0,0.0,0.0,0.0,None,0.0,0,2024-12-01,-2.4492935982947064e-16,1.0,NE_monsoon,21.0,1,Animal Possession,0.0,0,None,0.0,0,None
Anuradhapura|National Park,2022,1,Anuradhapura,National Park,0.0,0.0,0.0,0.0,0.0,0.0,0.0,0.0,12.0,0.0,0.0,0.0,0.0,0.0,0.0,18.0,Weapons/Traps,30.0,1,2022-01-01,0.49999999999999994,0.8660254037844387,NE_monsoon,0.0,0,None,0.0,0,None,0.0,0,None
Anuradhapura|National Park,2022,2,Anuradhapura,National Park,0.0,0.0,0.0,0.0,0.0,0.0,0.0,0.0,0.0,0.0,0.0,0.0,0.0,0.0,0.0,0.0,None,0.0,0,2022-02-01,0.8660254037844386,0.5000000000000001,NE_monsoon,30.0,1,Weapons/Traps,0.0,0,None,0.0,0,None
Anuradhapura|National Park,2022,3,Anuradhapura,National Park,0.0,0.0,0.0,0.0,0.0,0.0,0.0,0.0,14.0,0.0,0.0,0.0,0.0,0.0,0.0,25.0,Weapons/Traps,39.0,1,2022-03-01,1.0,6.123233995736766e-17,Inter_MarApr,0.0,0,None,30.0,1,Weapons/Traps,0.0,0,None
Anuradhapura|National Park,2022,4,Anuradhapura,National Park,0.0,0.0,9.0,0.0,0.0,0.0,0.0,0.0,0.0,0.0,0.0,0.0,0.0,0.0,0.0,1.0,Animal Possession,10.0,1,2022-04-01,0.8660254037844387,-0.4999999999999998,Inter_MarApr,39.0,1,Weapons/Traps,0.0,0,None,30.0,1,Weapons/Traps
Anuradhapura|National Park,2022,5,Anuradhapura,National Park,0.0,0.0,0.0,0.0,0.0,0.0,0.0,0.0,0.0,0.0,0.0,0.0,0.0,0.0,0.0,0.0,None,0.0,0,2022-05-01,0.49999999999999994,-0.8660254037844387,SW_monsoon,10.0,1,Animal Possession,39.0,1,Weapons/Traps,0.0,0,None
Anuradhapura|National Park,2022,6,Anuradhapura,National Park,0.0,0.0,0.0,0.0,0.0,0.0,0.0,0.0,0.0,0.0,0.0,0.0,0.0,8.0,0.0,14.0,Weapons/Traps,22.0,1,2022-06-01,1.2246467991473532e-16,-1.0,SW_monsoon,0.0,0,None,10.0,1,Animal Possession,39.0,1,Weapons/Traps
Anuradhapura|National Park,2022,7,Anuradhapura,National Park,0.0,0.0,0.0,0.0,0.0,0.0,0.0,0.0,0.0,0.0,0.0,0.0,0.0,0.0,0.0,0.0,None,0.0,0,2022-07-01,-0.4999999999999997,-0.8660254037844388,SW_monsoon,22.0,1,Weapons/Traps,0.0,0,None,10.0,1,Animal Possession
Anuradhapura|National Park,2022,8,Anuradhapura,National Park,0.0,0.0,0.0,0.0,0.0,0.0,0.0,0.0,23.0,0.0,0.0,16.0,0.0,0.0,0.0,0.0,Illegal Entry,39.0,1,2022-08-01,-0.8660254037844384,-0.5000000000000004,SW_monsoon,0.0,0,None,22.0,1,Weapons/Traps,0.0,0,None
Anuradhapura|National Park,2022,9,Anuradhapura,National Park,0.0,0.0,0.0,0.0,0.0,0.0,0.0,0.0,0.0,0.0,0.0,0.0,0.0,0.0,0.0,0.0,None,0.0,0,2022-09-01,-1.0,-1.8369701987210297e-16,SW_monsoon,39.0,1,Illegal Entry,0.0,0,None,22.0,1,Weapons/Traps
Anuradhapura|National Park,2022,10,Anuradhapura,National Park,0.0,0.0,0.0,0.0,0.0,0.0,0.0,0.0,0.0,0.0,0.0,0.0,0.0,0.0,0.0,0.0,None,0.0,0,2022-10-01,-0.8660254037844386,0.5000000000000001,Inter_OctNov,0.0,0,None,39.0,1,Illegal Entry,0.0,0,None
Anuradhapura|National Park,2022,11,Anuradhapura,National Park,0.0,0.0,0.0,0.0,0.0,1.0,0.0,0.0,0.0,0.0,0.0,0.0,0.0,0.0,0.0,11.0,Weapons/Traps,12.0,1,2022-11-01,-0.5000000000000004,0.8660254037844384,Inter_OctNov,0.0,0,None,0.0,0,None,39.0,1,Illegal Entry
Anuradhapura|National Park,2022,12,Anuradhapura,National Park,0.0,0.0,0.0,0.0,0.0,0.0,0.0,0.0,0.0,1.0,0.0,0.0,0.0,0.0,0.0,0.0,Illegal Fishing,1.0,1,2022-12-01,-2.4492935982947064e-16,1.0,NE_monsoon,12.0,1,Weapons/Traps,0.0,0,None,0.0,0,None
Anuradhapura|National Park,2023,1,Anuradhapura,National Park,0.0,0.0,0.0,0.0,0.0,0.0,0.0,0.0,0.0,0.0,0.0,0.0,0.0,0.0,0.0,0.0,None,0.0,0,2023-01-01,0.49999999999999994,0.8660254037844387,NE_monsoon,1.0,1,Illegal Fishing,12.0,1,Weapons/Traps,0.0,0,None
Anuradhapura|National Park,2023,2,Anuradhapura,National Park,0.0,0.0,0.0,0.0,0.0,0.0,0.0,0.0,0.0,0.0,0.0,14.0,0.0,0.0,0.0,0.0,Meat/Egg Trade,14.0,1,2023-02-01,0.8660254037844386,0.5000000000000001,NE_monsoon,0.0,0,None,1.0,1,Illegal Fishing,12.0,1,Weapons/Traps
Anuradhapura|National Park,2023,3,Anuradhapura,National Park,0.0,0.0,0.0,0.0,0.0,0.0,0.0,0.0,0.0,0.0,0.0,0.0,0.0,0.0,0.0,0.0,None,0.0,0,2023-03-01,1.0,6.123233995736766e-17,Inter_MarApr,14.0,1,Meat/Egg Trade,0.0,0,None,1.0,1,Illegal Fishing
Anuradhapura|National Park,2023,4,Anuradhapura,National Park,0.0,0.0,0.0,0.0,0.0,0.0,0.0,0.0,0.0,0.0,0.0,0.0,0.0,0.0,0.0,5.0,Weapons/Traps,5.0,1,2023-04-01,0.8660254037844387,-0.4999999999999998,Inter_MarApr,0.0,0,None,14.0,1,Meat/Egg Trade,0.0,0,None
Anuradhapura|National Park,2023,5,Anuradhapura,National Park,0.0,0.0,0.0,0.0,0.0,0.0,0.0,0.0,13.0,0.0,0.0,0.0,0.0,0.0,0.0,0.0,Illegal Entry,13.0,1,2023-05-01,0.49999999999999994,-0.8660254037844387,SW_monsoon,5.0,1,Weapons/Traps,0.0,0,None,14.0,1,Meat/Egg Trade
Anuradhapura|National Park,2023,6,Anuradhapura,National Park,0.0,0.0,0.0,0.0,0.0,0.0,0.0,0.0,2.0,0.0,76.0,0.0,0.0,0.0,0.0,0.0,Illegal Logging,78.0,1,2023-06-01,1.2246467991473532e-16,-1.0,SW_monsoon,13.0,1,Illegal Entry,5.0,1,Weapons/Traps,0.0,0,None
Anuradhapura|National Park,2023,7,Anuradhapura,National Park,0.0,0.0,0.0,0.0,0.0,0.0,46.0,0.0,9.0,0.0,0.0,0.0,23.0,0.0,0.0,37.0,Fire,115.0,1,2023-07-01,-0.4999999999999997,-0.8660254037844388,SW_monsoon,78.0,1,Illegal Logging,13.0,1,Illegal Entry,5.0,1,Weapons/Traps
Anuradhapura|National Park,2023,8,Anuradhapura,National Park,0.0,0.0,0.0,0.0,0.0,0.0,0.0,0.0,40.0,0.0,0.0,0.0,0.0,0.0,0.0,9.0,Illegal Entry,49.0,1,2023-08-01,-0.8660254037844384,-0.5000000000000004,SW_monsoon,115.0,1,Fire,78.0,1,Illegal Logging,13.0,1,Illegal Entry
Anuradhapura|National Park,2023,9,Anuradhapura,National Park,0.0,0.0,0.0,0.0,0.0,0.0,0.0,0.0,0.0,0.0,0.0,0.0,0.0,0.0,0.0,0.0,None,0.0,0,2023-09-01,-1.0,-1.8369701987210297e-16,SW_monsoon,49.0,1,Illegal Entry,115.0,1,Fire,78.0,1,Illegal Logging
Anuradhapura|National Park,2023,10,Anuradhapura,National Park,0.0,0.0,0.0,0.0,0.0,0.0,0.0,0.0,0.0,0.0,0.0,0.0,0.0,0.0,0.0,0.0,None,0.0,0,2023-10-01,-0.8660254037844386,0.5000000000000001,Inter_OctNov,0.0,0,None,49.0,1,Illegal Entry,115.0,1,Fire
Anuradhapura|National Park,2023,11,Anuradhapura,National Park,0.0,0.0,0.0,0.0,0.0,0.0,0.0,0.0,0.0,0.0,0.0,0.0,0.0,0.0,0.0,0.0,None,0.0,0,2023-11-01,-0.5000000000000004,0.8660254037844384,Inter_OctNov,0.0,0,None,0.0,0,None,49.0,1,Illegal Entry
Anuradhapura|National Park,2023,12,Anuradhapura,National Park,0.0,0.0,0.0,0.0,0.0,0.0,0.0,0.0,11.0,0.0,0.0,0.0,0.0,0.0,0.0,0.0,Illegal Entry,11.0,1,2023-12-01,-2.4492935982947064e-16,1.0,NE_monsoon,0.0,0,None,0.0,0,None,0.0,0,None
Anuradhapura|National Park,2024,1,Anuradhapura,National Park,0.0,0.0,0.0,0.0,0.0,0.0,15.0,0.0,0.0,0.0,0.0,0.0,0.0,0.0,0.0,0.0,Fire,15.0,1,2024-01-01,0.49999999999999994,0.8660254037844387,NE_monsoon,11.0,1,Illegal Entry,0.0,0,None,0.0,0,None
Anuradhapura|National Park,2024,2,Anuradhapura,National Park,0.0,0.0,0.0,0.0,0.0,0.0,0.0,0.0,0.0,0.0,0.0,0.0,0.0,0.0,0.0,0.0,None,0.0,0,2024-02-01,0.8660254037844386,0.5000000000000001,NE_monsoon,15.0,1,Fire,11.0,1,Illegal Entry,0.0,0,None
Anuradhapura|National Park,2024,3,Anuradhapura,National Park,0.0,0.0,0.0,0.0,0.0,10.0,0.0,0.0,3.0,0.0,0.0,0.0,0.0,0.0,0.0,6.0,Encroachment/Land,19.0,1,2024-03-01,1.0,6.123233995736766e-17,Inter_MarApr,0.0,0,None,15.0,1,Fire,11.0,1,Illegal Entry
Anuradhapura|National Park,2024,4,Anuradhapura,National Park,0.0,0.0,0.0,0.0,0.0,5.0,0.0,0.0,0.0,0.0,0.0,0.0,0.0,0.0,0.0,0.0,Encroachment/Land,5.0,1,2024-04-01,0.8660254037844387,-0.4999999999999998,Inter_MarApr,19.0,1,Encroachment/Land,0.0,0,None,15.0,1,Fire
Anuradhapura|National Park,2024,5,Anuradhapura,National Park,0.0,0.0,0.0,0.0,0.0,0.0,0.0,0.0,9.0,0.0,0.0,0.0,0.0,0.0,0.0,0.0,Illegal Entry,9.0,1,2024-05-01,0.49999999999999994,-0.8660254037844387,SW_monsoon,5.0,1,Encroachment/Land,19.0,1,Encroachment/Land,0.0,0,None
Anuradhapura|National Park,2024,6,Anuradhapura,National Park,0.0,0.0,0.0,0.0,0.0,0.0,0.0,0.0,0.0,0.0,0.0,10.0,0.0,0.0,0.0,20.0,Weapons/Traps,30.0,1,2024-06-01,1.2246467991473532e-16,-1.0,SW_monsoon,9.0,1,Illegal Entry,5.0,1,Encroachment/Land,19.0,1,Encroachment/Land
Anuradhapura|National Park,2024,7,Anuradhapura,National Park,0.0,0.0,0.0,0.0,0.0,0.0,10.0,0.0,13.0,0.0,0.0,0.0,0.0,11.0,0.0,0.0,Illegal Entry,34.0,1,2024-07-01,-0.4999999999999997,-0.8660254037844388,SW_monsoon,30.0,1,Weapons/Traps,9.0,1,Illegal Entry,5.0,1,Encroachment/Land
Anuradhapura|National Park,2024,8,Anuradhapura,National Park,0.0,0.0,0.0,0.0,0.0,0.0,0.0,0.0,0.0,0.0,0.0,0.0,0.0,0.0,0.0,1.0,Weapons/Traps,1.0,1,2024-08-01,-0.8660254037844384,-0.5000000000000004,SW_monsoon,34.0,1,Illegal Entry,30.0,1,Weapons/Traps,9.0,1,Illegal Entry
Anuradhapura|National Park,2024,9,Anuradhapura,National Park,0.0,0.0,0.0,0.0,0.0,0.0,0.0,0.0,11.0,0.0,0.0,0.0,0.0,0.0,0.0,0.0,Illegal Entry,11.0,1,2024-09-01,-1.0,-1.8369701987210297e-16,SW_monsoon,1.0,1,Weapons/Traps,34.0,1,Illegal Entry,30.0,1,Weapons/Traps
Anuradhapura|National Park,2024,10,Anuradhapura,National Park,0.0,0.0,0.0,0.0,0.0,0.0,0.0,0.0,0.0,0.0,0.0,0.0,0.0,0.0,0.0,0.0,None,0.0,0,2024-10-01,-0.8660254037844386,0.5000000000000001,Inter_OctNov,11.0,1,Illegal Entry,1.0,1,Weapons/Traps,34.0,1,Illegal Entry
Anuradhapura|National Park,2024,11,Anuradhapura,National Park,0.0,0.0,0.0,0.0,0.0,0.0,0.0,6.0,0.0,0.0,0.0,0.0,0.0,0.0,0.0,0.0,Hunting/Killing,6.0,1,2024-11-01,-0.5000000000000004,0.8660254037844384,Inter_OctNov,0.0,0,None,11.0,1,Illegal Entry,1.0,1,Weapons/Traps
Anuradhapura|National Park,2024,12,Anuradhapura,National Park,0.0,0.0,0.0,0.0,0.0,0.0,0.0,0.0,0.0,0.0,0.0,0.0,0.0,0.0,0.0,5.0,Weapons/Traps,5.0,1,2024-12-01,-2.4492935982947064e-16,1.0,NE_monsoon,6.0,1,Hunting/Killing,0.0,0,None,11.0,1,Illegal Entry
Anuradhapura|Out of Protected Area,2022,1,Anuradhapura,Out of Protected Area,0.0,0.0,0.0,0.0,0.0,0.0,0.0,53.0,0.0,0.0,0.0,141.0,0.0,0.0,0.0,23.0,Meat/Egg Trade,217.0,1,2022-01-01,0.49999999999999994,0.8660254037844387,NE_monsoon,0.0,0,None,0.0,0,None,0.0,0,None
Anuradhapura|Out of Protected Area,2022,2,Anuradhapura,Out of Protected Area,0.0,0.0,0.0,0.0,0.0,0.0,0.0,8.0,0.0,0.0,0.0,0.0,0.0,0.0,0.0,22.0,Weapons/Traps,30.0,1,2022-02-01,0.8660254037844386,0.5000000000000001,NE_monsoon,217.0,1,Meat/Egg Trade,0.0,0,None,0.0,0,None
Anuradhapura|Out of Protected Area,2022,3,Anuradhapura,Out of Protected Area,0.0,0.0,0.0,0.0,0.0,0.0,0.0,11.0,0.0,0.0,0.0,59.0,0.0,0.0,0.0,24.0,Meat/Egg Trade,94.0,1,2022-03-01,1.0,6.123233995736766e-17,Inter_MarApr,30.0,1,Weapons/Traps,217.0,1,Meat/Egg Trade,0.0,0,None
Anuradhapura|Out of Protected Area,2022,4,Anuradhapura,Out of Protected Area,0.0,0.0,0.0,0.0,0.0,0.0,0.0,25.0,0.0,0.0,0.0,14.0,0.0,0.0,0.0,0.0,Hunting/Killing,39.0,1,2022-04-01,0.8660254037844387,-0.4999999999999998,Inter_MarApr,94.0,1,Meat/Egg Trade,30.0,1,Weapons/Traps,217.0,1,Meat/Egg Trade
Anuradhapura|Out of Protected Area,2022,5,Anuradhapura,Out of Protected Area,0.0,0.0,0.0,0.0,0.0,0.0,0.0,1.0,0.0,0.0,0.0,0.0,0.0,0.0,0.0,6.0,Weapons/Traps,7.0,1,2022-05-01,0.49999999999999994,-0.8660254037844387,SW_monsoon,39.0,1,Hunting/Killing,94.0,1,Meat/Egg Trade,30.0,1,Weapons/Traps
Anuradhapura|Out of Protected Area,2022,6,Anuradhapura,Out of Protected Area,0.0,0.0,0.0,0.0,0.0,0.0,0.0,21.0,0.0,0.0,0.0,23.0,0.0,0.0,0.0,3.0,Meat/Egg Trade,47.0,1,2022-06-01,1.2246467991473532e-16,-1.0,SW_monsoon,7.0,1,Weapons/Traps,39.0,1,Hunting/Killing,94.0,1,Meat/Egg Trade
Anuradhapura|Out of Protected Area,2022,7,Anuradhapura,Out of Protected Area,5.0,0.0,0.0,0.0,0.0,0.0,0.0,5.0,0.0,0.0,0.0,10.0,0.0,0.0,0.0,0.0,Meat/Egg Trade,20.0,1,2022-07-01,-0.4999999999999997,-0.8660254037844388,SW_monsoon,47.0,1,Meat/Egg Trade,7.0,1,Weapons/Traps,39.0,1,Hunting/Killing
Anuradhapura|Out of Protected Area,2022,8,Anuradhapura,Out of Protected Area,0.0,0.0,0.0,0.0,0.0,0.0,0.0,34.0,0.0,0.0,0.0,23.0,0.0,0.0,0.0,47.0,Weapons/Traps,104.0,1,2022-08-01,-0.8660254037844384,-0.5000000000000004,SW_monsoon,20.0,1,Meat/Egg Trade,47.0,1,Meat/Egg Trade,7.0,1,Weapons/Traps
Anuradhapura|Out of Protected Area,2022,9,Anuradhapura,Out of Protected Area,0.0,0.0,0.0,0.0,0.0,0.0,0.0,0.0,0.0,0.0,0.0,0.0,0.0,0.0,0.0,0.0,None,0.0,0,2022-09-01,-1.0,-1.8369701987210297e-16,SW_monsoon,104.0,1,Weapons/Traps,20.0,1,Meat/Egg Trade,47.0,1,Meat/Egg Trade
Anuradhapura|Out of Protected Area,2022,10,Anuradhapura,Out of Protected Area,0.0,0.0,0.0,0.0,0.0,0.0,0.0,0.0,0.0,0.0,0.0,0.0,0.0,0.0,0.0,0.0,None,0.0,0,2022-10-01,-0.8660254037844386,0.5000000000000001,Inter_OctNov,0.0,0,None,104.0,1,Weapons/Traps,20.0,1,Meat/Egg Trade
Anuradhapura|Out of Protected Area,2022,11,Anuradhapura,Out of Protected Area,0.0,0.0,0.0,0.0,0.0,0.0,0.0,0.0,0.0,0.0,0.0,0.0,0.0,0.0,0.0,0.0,None,0.0,0,2022-11-01,-0.5000000000000004,0.8660254037844384,Inter_OctNov,0.0,0,None,0.0,0,None,104.0,1,Weapons/Traps
Anuradhapura|Out of Protected Area,2022,12,Anuradhapura,Out of Protected Area,0.0,0.0,0.0,0.0,0.0,0.0,0.0,0.0,0.0,0.0,0.0,0.0,0.0,0.0,0.0,0.0,None,0.0,0,2022-12-01,-2.4492935982947064e-16,1.0,NE_monsoon,0.0,0,None,0.0,0,None,0.0,0,None
Anuradhapura|Out of Protected Area,2023,1,Anuradhapura,Out of Protected Area,0.0,0.0,0.0,0.0,0.0,0.0,0.0,0.0,0.0,0.0,0.0,0.0,0.0,0.0,0.0,0.0,None,0.0,0,2023-01-01,0.49999999999999994,0.8660254037844387,NE_monsoon,0.0,0,None,0.0,0,None,0.0,0,None
Anuradhapura|Out of Protected Area,2023,2,Anuradhapura,Out of Protected Area,0.0,0.0,0.0,0.0,0.0,0.0,0.0,0.0,0.0,0.0,0.0,0.0,0.0,0.0,0.0,0.0,None,0.0,0,2023-02-01,0.8660254037844386,0.5000000000000001,NE_monsoon,0.0,0,None,0.0,0,None,0.0,0,None
Anuradhapura|Out of Protected Area,2023,3,Anuradhapura,Out of Protected Area,0.0,0.0,0.0,0.0,0.0,0.0,0.0,0.0,0.0,0.0,0.0,0.0,0.0,0.0,0.0,0.0,None,0.0,0,2023-03-01,1.0,6.123233995736766e-17,Inter_MarApr,0.0,0,None,0.0,0,None,0.0,0,None
Anuradhapura|Out of Protected Area,2023,4,Anuradhapura,Out of Protected Area,0.0,0.0,0.0,0.0,0.0,0.0,0.0,0.0,0.0,0.0,0.0,0.0,0.0,0.0,0.0,0.0,None,0.0,0,2023-04-01,0.8660254037844387,-0.4999999999999998,Inter_MarApr,0.0,0,None,0.0,0,None,0.0,0,None
Anuradhapura|Out of Protected Area,2023,5,Anuradhapura,Out of Protected Area,0.0,0.0,0.0,0.0,0.0,0.0,0.0,0.0,0.0,0.0,0.0,0.0,0.0,0.0,0.0,0.0,None,0.0,0,2023-05-01,0.49999999999999994,-0.8660254037844387,SW_monsoon,0.0,0,None,0.0,0,None,0.0,0,None
Anuradhapura|Out of Protected Area,2023,6,Anuradhapura,Out of Protected Area,0.0,0.0,0.0,0.0,0.0,0.0,0.0,0.0,0.0,0.0,0.0,0.0,0.0,0.0,0.0,0.0,None,0.0,0,2023-06-01,1.2246467991473532e-16,-1.0,SW_monsoon,0.0,0,None,0.0,0,None,0.0,0,None
Anuradhapura|Out of Protected Area,2023,7,Anuradhapura,Out of Protected Area,0.0,0.0,0.0,0.0,0.0,0.0,0.0,0.0,0.0,0.0,0.0,0.0,0.0,0.0,0.0,0.0,None,0.0,0,2023-07-01,-0.4999999999999997,-0.8660254037844388,SW_monsoon,0.0,0,None,0.0,0,None,0.0,0,None
Anuradhapura|Out of Protected Area,2023,8,Anuradhapura,Out of Protected Area,0.0,0.0,0.0,0.0,0.0,0.0,0.0,0.0,0.0,0.0,0.0,0.0,0.0,0.0,0.0,0.0,None,0.0,0,2023-08-01,-0.8660254037844384,-0.5000000000000004,SW_monsoon,0.0,0,None,0.0,0,None,0.0,0,None
Anuradhapura|Out of Protected Area,2023,9,Anuradhapura,Out of Protected Area,0.0,0.0,0.0,0.0,0.0,0.0,0.0,0.0,0.0,0.0,0.0,0.0,0.0,0.0,0.0,0.0,None,0.0,0,2023-09-01,-1.0,-1.8369701987210297e-16,SW_monsoon,0.0,0,None,0.0,0,None,0.0,0,None
Anuradhapura|Out of Protected Area,2023,10,Anuradhapura,Out of Protected Area,0.0,0.0,0.0,0.0,0.0,0.0,0.0,0.0,0.0,0.0,0.0,0.0,0.0,0.0,0.0,0.0,None,0.0,0,2023-10-01,-0.8660254037844386,0.5000000000000001,Inter_OctNov,0.0,0,None,0.0,0,None,0.0,0,None
Anuradhapura|Out of Protected Area,2023,11,Anuradhapura,Out of Protected Area,0.0,0.0,0.0,0.0,0.0,0.0,0.0,0.0,0.0,0.0,0.0,0.0,0.0,0.0,0.0,0.0,None,0.0,0,2023-11-01,-0.5000000000000004,0.8660254037844384,Inter_OctNov,0.0,0,None,0.0,0,None,0.0,0,None
Anuradhapura|Out of Protected Area,2023,12,Anuradhapura,Out of Protected Area,0.0,0.0,0.0,0.0,0.0,0.0,0.0,0.0,0.0,0.0,0.0,0.0,0.0,0.0,0.0,0.0,None,0.0,0,2023-12-01,-2.4492935982947064e-16,1.0,NE_monsoon,0.0,0,None,0.0,0,None,0.0,0,None
Anuradhapura|Out of Protected Area,2024,1,Anuradhapura,Out of Protected Area,0.0,0.0,0.0,0.0,0.0,0.0,0.0,0.0,0.0,0.0,0.0,0.0,0.0,0.0,0.0,0.0,None,0.0,0,2024-01-01,0.49999999999999994,0.8660254037844387,NE_monsoon,0.0,0,None,0.0,0,None,0.0,0,None
Anuradhapura|Out of Protected Area,2024,2,Anuradhapura,Out of Protected Area,0.0,0.0,0.0,0.0,0.0,0.0,0.0,0.0,0.0,0.0,0.0,0.0,0.0,0.0,0.0,0.0,None,0.0,0,2024-02-01,0.8660254037844386,0.5000000000000001,NE_monsoon,0.0,0,None,0.0,0,None,0.0,0,None
Anuradhapura|Out of Protected Area,2024,3,Anuradhapura,Out of Protected Area,0.0,0.0,0.0,0.0,0.0,0.0,0.0,0.0,0.0,0.0,0.0,0.0,0.0,0.0,0.0,0.0,None,0.0,0,2024-03-01,1.0,6.123233995736766e-17,Inter_MarApr,0.0,0,None,0.0,0,None,0.0,0,None
Anuradhapura|Out of Protected Area,2024,4,Anuradhapura,Out of Protected Area,0.0,0.0,0.0,0.0,0.0,0.0,0.0,0.0,0.0,0.0,0.0,0.0,0.0,0.0,0.0,0.0,None,0.0,0,2024-04-01,0.8660254037844387,-0.4999999999999998,Inter_MarApr,0.0,0,None,0.0,0,None,0.0,0,None
Anuradhapura|Out of Protected Area,2024,5,Anuradhapura,Out of Protected Area,0.0,0.0,0.0,0.0,0.0,0.0,0.0,0.0,0.0,0.0,0.0,0.0,0.0,0.0,0.0,0.0,None,0.0,0,2024-05-01,0.49999999999999994,-0.8660254037844387,SW_monsoon,0.0,0,None,0.0,0,None,0.0,0,None
Anuradhapura|Out of Protected Area,2024,6,Anuradhapura,Out of Protected Area,0.0,0.0,0.0,0.0,0.0,0.0,0.0,0.0,0.0,0.0,0.0,0.0,0.0,0.0,0.0,0.0,None,0.0,0,2024-06-01,1.2246467991473532e-16,-1.0,SW_monsoon,0.0,0,None,0.0,0,None,0.0,0,None
Anuradhapura|Out of Protected Area,2024,7,Anuradhapura,Out of Protected Area,0.0,0.0,0.0,0.0,0.0,0.0,0.0,0.0,0.0,0.0,0.0,0.0,0.0,0.0,0.0,0.0,None,0.0,0,2024-07-01,-0.4999999999999997,-0.8660254037844388,SW_monsoon,0.0,0,None,0.0,0,None,0.0,0,None
Anuradhapura|Out of Protected Area,2024,8,Anuradhapura,Out of Protected Area,0.0,0.0,0.0,0.0,0.0,0.0,0.0,0.0,0.0,0.0,0.0,0.0,0.0,0.0,0.0,0.0,None,0.0,0,2024-08-01,-0.8660254037844384,-0.5000000000000004,SW_monsoon,0.0,0,None,0.0,0,None,0.0,0,None
Anuradhapura|Out of Protected Area,2024,9,Anuradhapura,Out of Protected Area,0.0,0.0,0.0,0.0,0.0,0.0,0.0,0.0,0.0,0.0,0.0,0.0,0.0,0.0,0.0,0.0,None,0.0,0,2024-09-01,-1.0,-1.8369701987210297e-16,SW_monsoon,0.0,0,None,0.0,0,None,0.0,0,None
Anuradhapura|Out of Protected Area,2024,10,Anuradhapura,Out of Protected Area,0.0,0.0,0.0,0.0,0.0,0.0,0.0,0.0,0.0,0.0,0.0,0.0,0.0,0.0,0.0,0.0,None,0.0,0,2024-10-01,-0.8660254037844386,0.5000000000000001,Inter_OctNov,0.0,0,None,0.0,0,None,0.0,0,None
Anuradhapura|Out of Protected Area,2024,11,Anuradhapura,Out of Protected Area,0.0,0.0,0.0,0.0,0.0,0.0,0.0,0.0,0.0,0.0,0.0,0.0,0.0,0.0,0.0,0.0,None,0.0,0,2024-11-01,-0.5000000000000004,0.8660254037844384,Inter_OctNov,0.0,0,None,0.0,0,None,0.0,0,None
Anuradhapura|Out of Protected Area,2024,12,Anuradhapura,Out of Protected Area,0.0,0.0,0.0,0.0,0.0,0.0,0.0,0.0,0.0,0.0,0.0,0.0,0.0,0.0,0.0,0.0,None,0.0,0,2024-12-01,-2.4492935982947064e-16,1.0,NE_monsoon,0.0,0,None,0.0,0,None,0.0,0,None
Anuradhapura|Ritigala SNR,2022,1,Anuradhapura,Ritigala SNR,0.0,0.0,0.0,0.0,0.0,0.0,0.0,0.0,0.0,0.0,0.0,0.0,0.0,0.0,0.0,0.0,None,0.0,0,2022-01-01,0.49999999999999994,0.8660254037844387,NE_monsoon,0.0,0,None,0.0,0,None,0.0,0,None
Anuradhapura|Ritigala SNR,2022,2,Anuradhapura,Ritigala SNR,0.0,0.0,0.0,0.0,0.0,0.0,0.0,0.0,0.0,0.0,0.0,0.0,0.0,0.0,0.0,0.0,None,0.0,0,2022-02-01,0.8660254037844386,0.5000000000000001,NE_monsoon,0.0,0,None,0.0,0,None,0.0,0,None
Anuradhapura|Ritigala SNR,2022,3,Anuradhapura,Ritigala SNR,0.0,0.0,0.0,0.0,0.0,0.0,0.0,0.0,0.0,0.0,0.0,0.0,0.0,0.0,0.0,0.0,None,0.0,0,2022-03-01,1.0,6.123233995736766e-17,Inter_MarApr,0.0,0,None,0.0,0,None,0.0,0,None
Anuradhapura|Ritigala SNR,2022,4,Anuradhapura,Ritigala SNR,0.0,0.0,0.0,0.0,0.0,0.0,0.0,0.0,0.0,0.0,0.0,8.0,0.0,0.0,0.0,0.0,Meat/Egg Trade,8.0,1,2022-04-01,0.8660254037844387,-0.4999999999999998,Inter_MarApr,0.0,0,None,0.0,0,None,0.0,0,None
Anuradhapura|Ritigala SNR,2022,5,Anuradhapura,Ritigala SNR,0.0,0.0,0.0,0.0,0.0,0.0,0.0,0.0,0.0,0.0,0.0,0.0,0.0,0.0,0.0,0.0,None,0.0,0,2022-05-01,0.49999999999999994,-0.8660254037844387,SW_monsoon,8.0,1,Meat/Egg Trade,0.0,0,None,0.0,0,None
Anuradhapura|Ritigala SNR,2022,6,Anuradhapura,Ritigala SNR,0.0,0.0,0.0,0.0,0.0,0.0,0.0,0.0,0.0,0.0,0.0,0.0,0.0,0.0,0.0,0.0,None,0.0,0,2022-06-01,1.2246467991473532e-16,-1.0,SW_monsoon,0.0,0,None,8.0,1,Meat/Egg Trade,0.0,0,None
Anuradhapura|Ritigala SNR,2022,7,Anuradhapura,Ritigala SNR,0.0,0.0,0.0,0.0,0.0,0.0,0.0,0.0,0.0,0.0,0.0,0.0,0.0,0.0,0.0,0.0,None,0.0,0,2022-07-01,-0.4999999999999997,-0.8660254037844388,SW_monsoon,0.0,0,None,0.0,0,None,8.0,1,Meat/Egg Trade
Anuradhapura|Ritigala SNR,2022,8,Anuradhapura,Ritigala SNR,0.0,0.0,0.0,0.0,0.0,0.0,0.0,5.0,0.0,0.0,0.0,0.0,0.0,0.0,0.0,0.0,Hunting/Killing,5.0,1,2022-08-01,-0.8660254037844384,-0.5000000000000004,SW_monsoon,0.0,0,None,0.0,0,None,0.0,0,None
Anuradhapura|Ritigala SNR,2022,9,Anuradhapura,Ritigala SNR,0.0,0.0,0.0,0.0,0.0,0.0,0.0,0.0,0.0,0.0,0.0,0.0,0.0,0.0,0.0,0.0,None,0.0,0,2022-09-01,-1.0,-1.8369701987210297e-16,SW_monsoon,5.0,1,Hunting/Killing,0.0,0,None,0.0,0,None
Anuradhapura|Ritigala SNR,2022,10,Anuradhapura,Ritigala SNR,0.0,0.0,0.0,0.0,0.0,0.0,0.0,0.0,0.0,0.0,0.0,0.0,0.0,0.0,0.0,0.0,None,0.0,0,2022-10-01,-0.8660254037844386,0.5000000000000001,Inter_OctNov,0.0,0,None,5.0,1,Hunting/Killing,0.0,0,None
Anuradhapura|Ritigala SNR,2022,11,Anuradhapura,Ritigala SNR,0.0,0.0,0.0,0.0,0.0,0.0,0.0,0.0,0.0,0.0,0.0,0.0,0.0,0.0,0.0,0.0,None,0.0,0,2022-11-01,-0.5000000000000004,0.8660254037844384,Inter_OctNov,0.0,0,None,0.0,0,None,5.0,1,Hunting/Killing
Anuradhapura|Ritigala SNR,2022,12,Anuradhapura,Ritigala SNR,0.0,0.0,0.0,0.0,0.0,0.0,0.0,0.0,0.0,0.0,0.0,0.0,0.0,0.0,0.0,0.0,None,0.0,0,2022-12-01,-2.4492935982947064e-16,1.0,NE_monsoon,0.0,0,None,0.0,0,None,0.0,0,None
Anuradhapura|Ritigala SNR,2023,1,Anuradhapura,Ritigala SNR,0.0,0.0,0.0,0.0,0.0,0.0,0.0,38.0,0.0,0.0,0.0,0.0,0.0,0.0,0.0,0.0,Hunting/Killing,38.0,1,2023-01-01,0.49999999999999994,0.8660254037844387,NE_monsoon,0.0,0,None,0.0,0,None,0.0,0,None
Anuradhapura|Ritigala SNR,2023,2,Anuradhapura,Ritigala SNR,0.0,0.0,0.0,0.0,0.0,0.0,0.0,0.0,0.0,0.0,0.0,12.0,0.0,0.0,0.0,79.0,Weapons/Traps,91.0,1,2023-02-01,0.8660254037844386,0.5000000000000001,NE_monsoon,38.0,1,Hunting/Killing,0.0,0,None,0.0,0,None
Anuradhapura|Ritigala SNR,2023,3,Anuradhapura,Ritigala SNR,0.0,0.0,0.0,0.0,0.0,0.0,0.0,0.0,0.0,0.0,0.0,0.0,0.0,0.0,0.0,0.0,None,0.0,0,2023-03-01,1.0,6.123233995736766e-17,Inter_MarApr,91.0,1,Weapons/Traps,38.0,1,Hunting/Killing,0.0,0,None
Anuradhapura|Ritigala SNR,2023,4,Anuradhapura,Ritigala SNR,0.0,0.0,0.0,0.0,0.0,0.0,0.0,0.0,0.0,0.0,0.0,17.0,0.0,0.0,0.0,55.0,Weapons/Traps,72.0,1,2023-04-01,0.8660254037844387,-0.4999999999999998,Inter_MarApr,0.0,0,None,91.0,1,Weapons/Traps,38.0,1,Hunting/Killing
Anuradhapura|Ritigala SNR,2023,5,Anuradhapura,Ritigala SNR,0.0,0.0,0.0,0.0,0.0,0.0,0.0,1.0,0.0,0.0,0.0,0.0,0.0,0.0,15.0,0.0,Tusk Theft,16.0,1,2023-05-01,0.49999999999999994,-0.8660254037844387,SW_monsoon,72.0,1,Weapons/Traps,0.0,0,None,91.0,1,Weapons/Traps
Anuradhapura|Ritigala SNR,2023,6,Anuradhapura,Ritigala SNR,0.0,0.0,0.0,0.0,0.0,0.0,0.0,0.0,16.0,0.0,0.0,5.0,0.0,0.0,0.0,0.0,Illegal Entry,21.0,1,2023-06-01,1.2246467991473532e-16,-1.0,SW_monsoon,16.0,1,Tusk Theft,72.0,1,Weapons/Traps,0.0,0,None
Anuradhapura|Ritigala SNR,2023,7,Anuradhapura,Ritigala SNR,0.0,0.0,0.0,0.0,0.0,0.0,0.0,0.0,0.0,0.0,0.0,0.0,0.0,0.0,0.0,0.0,None,0.0,0,2023-07-01,-0.4999999999999997,-0.8660254037844388,SW_monsoon,21.0,1,Illegal Entry,16.0,1,Tusk Theft,72.0,1,Weapons/Traps
Anuradhapura|Ritigala SNR,2023,8,Anuradhapura,Ritigala SNR,0.0,0.0,0.0,0.0,0.0,0.0,0.0,0.0,20.0,0.0,0.0,0.0,0.0,0.0,0.0,0.0,Illegal Entry,20.0,1,2023-08-01,-0.8660254037844384,-0.5000000000000004,SW_monsoon,0.0,0,None,21.0,1,Illegal Entry,16.0,1,Tusk Theft
Anuradhapura|Ritigala SNR,2023,9,Anuradhapura,Ritigala SNR,0.0,0.0,0.0,0.0,0.0,0.0,0.0,0.0,0.0,0.0,0.0,6.0,0.0,0.0,0.0,0.0,Meat/Egg Trade,6.0,1,2023-09-01,-1.0,-1.8369701987210297e-16,SW_monsoon,20.0,1,Illegal Entry,0.0,0,None,21.0,1,Illegal Entry
Anuradhapura|Ritigala SNR,2023,10,Anuradhapura,Ritigala SNR,0.0,0.0,0.0,0.0,0.0,0.0,0.0,0.0,0.0,0.0,0.0,0.0,0.0,0.0,0.0,0.0,None,0.0,0,2023-10-01,-0.8660254037844386,0.5000000000000001,Inter_OctNov,6.0,1,Meat/Egg Trade,20.0,1,Illegal Entry,0.0,0,None
Anuradhapura|Ritigala SNR,2023,11,Anuradhapura,Ritigala SNR,0.0,0.0,0.0,0.0,0.0,0.0,0.0,0.0,0.0,0.0,0.0,0.0,0.0,0.0,0.0,0.0,None,0.0,0,2023-11-01,-0.5000000000000004,0.8660254037844384,Inter_OctNov,0.0,0,None,6.0,1,Meat/Egg Trade,20.0,1,Illegal Entry
Anuradhapura|Ritigala SNR,2023,12,Anuradhapura,Ritigala SNR,0.0,0.0,0.0,0.0,0.0,0.0,0.0,0.0,0.0,0.0,0.0,0.0,0.0,0.0,0.0,0.0,None,0.0,0,2023-12-01,-2.4492935982947064e-16,1.0,NE_monsoon,0.0,0,None,0.0,0,None,6.0,1,Meat/Egg Trade
Anuradhapura|Ritigala SNR,2024,1,Anuradhapura,Ritigala SNR,0.0,0.0,0.0,0.0,0.0,0.0,0.0,0.0,0.0,0.0,0.0,5.0,0.0,0.0,0.0,0.0,Meat/Egg Trade,5.0,1,2024-01-01,0.49999999999999994,0.8660254037844387,NE_monsoon,0.0,0,None,0.0,0,None,0.0,0,None
Anuradhapura|Ritigala SNR,2024,2,Anuradhapura,Ritigala SNR,0.0,0.0,0.0,0.0,0.0,0.0,0.0,0.0,0.0,0.0,0.0,0.0,0.0,0.0,0.0,0.0,None,0.0,0,2024-02-01,0.8660254037844386,0.5000000000000001,NE_monsoon,5.0,1,Meat/Egg Trade,0.0,0,None,0.0,0,None
Anuradhapura|Ritigala SNR,2024,3,Anuradhapura,Ritigala SNR,0.0,0.0,0.0,0.0,0.0,0.0,0.0,0.0,0.0,0.0,0.0,0.0,0.0,0.0,0.0,0.0,None,0.0,0,2024-03-01,1.0,6.123233995736766e-17,Inter_MarApr,0.0,0,None,5.0,1,Meat/Egg Trade,0.0,0,None
Anuradhapura|Ritigala SNR,2024,4,Anuradhapura,Ritigala SNR,0.0,0.0,0.0,0.0,0.0,0.0,0.0,0.0,4.0,0.0,0.0,3.0,0.0,0.0,0.0,0.0,Illegal Entry,7.0,1,2024-04-01,0.8660254037844387,-0.4999999999999998,Inter_MarApr,0.0,0,None,0.0,0,None,5.0,1,Meat/Egg Trade
Anuradhapura|Ritigala SNR,2024,5,Anuradhapura,Ritigala SNR,0.0,0.0,0.0,0.0,0.0,0.0,0.0,0.0,0.0,0.0,0.0,49.0,0.0,0.0,0.0,0.0,Meat/Egg Trade,49.0,1,2024-05-01,0.49999999999999994,-0.8660254037844387,SW_monsoon,7.0,1,Illegal Entry,0.0,0,None,0.0,0,None
Anuradhapura|Ritigala SNR,2024,6,Anuradhapura,Ritigala SNR,0.0,0.0,0.0,0.0,0.0,0.0,0.0,0.0,0.0,0.0,0.0,0.0,0.0,0.0,0.0,0.0,None,0.0,0,2024-06-01,1.2246467991473532e-16,-1.0,SW_monsoon,49.0,1,Meat/Egg Trade,7.0,1,Illegal Entry,0.0,0,None
Anuradhapura|Ritigala SNR,2024,7,Anuradhapura,Ritigala SNR,0.0,0.0,0.0,0.0,0.0,0.0,0.0,0.0,2.0,0.0,0.0,0.0,0.0,0.0,0.0,7.0,Weapons/Traps,9.0,1,2024-07-01,-0.4999999999999997,-0.8660254037844388,SW_monsoon,0.0,0,None,49.0,1,Meat/Egg Trade,7.0,1,Illegal Entry
Anuradhapura|Ritigala SNR,2024,8,Anuradhapura,Ritigala SNR,0.0,0.0,0.0,0.0,0.0,0.0,0.0,0.0,0.0,0.0,0.0,0.0,0.0,0.0,0.0,0.0,None,0.0,0,2024-08-01,-0.8660254037844384,-0.5000000000000004,SW_monsoon,9.0,1,Weapons/Traps,0.0,0,None,49.0,1,Meat/Egg Trade
Anuradhapura|Ritigala SNR,2024,9,Anuradhapura,Ritigala SNR,0.0,0.0,0.0,0.0,0.0,0.0,0.0,0.0,0.0,0.0,0.0,0.0,0.0,0.0,0.0,0.0,None,0.0,0,2024-09-01,-1.0,-1.8369701987210297e-16,SW_monsoon,0.0,0,None,9.0,1,Weapons/Traps,0.0,0,None
Anuradhapura|Ritigala SNR,2024,10,Anuradhapura,Ritigala SNR,0.0,0.0,0.0,0.0,0.0,0.0,0.0,0.0,0.0,0.0,0.0,0.0,0.0,0.0,0.0,0.0,None,0.0,0,2024-10-01,-0.8660254037844386,0.5000000000000001,Inter_OctNov,0.0,0,None,0.0,0,None,9.0,1,Weapons/Traps
Anuradhapura|Ritigala SNR,2024,11,Anuradhapura,Ritigala SNR,0.0,0.0,0.0,0.0,0.0,0.0,0.0,0.0,0.0,0.0,0.0,0.0,0.0,0.0,0.0,0.0,None,0.0,0,2024-11-01,-0.5000000000000004,0.8660254037844384,Inter_OctNov,0.0,0,None,0.0,0,None,0.0,0,None
Anuradhapura|Ritigala SNR,2024,12,Anuradhapura,Ritigala SNR,0.0,0.0,0.0,0.0,0.0,0.0,0.0,0.0,0.0,0.0,0.0,1.0,0.0,0.0,0.0,0.0,Meat/Egg Trade,1.0,1,2024-12-01,-2.4492935982947064e-16,1.0,NE_monsoon,0.0,0,None,0.0,0,None,0.0,0,None
Anuradhapura|Sanctuary,2022,1,Anuradhapura,Sanctuary,0.0,0.0,0.0,0.0,0.0,0.0,0.0,0.0,0.0,0.0,0.0,0.0,0.0,0.0,0.0,0.0,None,0.0,0,2022-01-01,0.49999999999999994,0.8660254037844387,NE_monsoon,0.0,0,None,0.0,0,None,0.0,0,None
Anuradhapura|Sanctuary,2022,2,Anuradhapura,Sanctuary,0.0,0.0,0.0,0.0,0.0,0.0,0.0,0.0,0.0,0.0,0.0,0.0,0.0,0.0,0.0,0.0,None,0.0,0,2022-02-01,0.8660254037844386,0.5000000000000001,NE_monsoon,0.0,0,None,0.0,0,None,0.0,0,None
Anuradhapura|Sanctuary,2022,3,Anuradhapura,Sanctuary,0.0,0.0,0.0,0.0,0.0,0.0,0.0,0.0,0.0,0.0,0.0,8.0,0.0,0.0,0.0,0.0,Meat/Egg Trade,8.0,1,2022-03-01,1.0,6.123233995736766e-17,Inter_MarApr,0.0,0,None,0.0,0,None,0.0,0,None
Anuradhapura|Sanctuary,2022,4,Anuradhapura,Sanctuary,0.0,0.0,0.0,0.0,0.0,0.0,0.0,0.0,0.0,0.0,0.0,0.0,0.0,0.0,0.0,0.0,None,0.0,0,2022-04-01,0.8660254037844387,-0.4999999999999998,Inter_MarApr,8.0,1,Meat/Egg Trade,0.0,0,None,0.0,0,None
Anuradhapura|Sanctuary,2022,5,Anuradhapura,Sanctuary,0.0,0.0,0.0,0.0,0.0,0.0,0.0,0.0,0.0,0.0,0.0,0.0,0.0,0.0,0.0,0.0,None,0.0,0,2022-05-01,0.49999999999999994,-0.8660254037844387,SW_monsoon,0.0,0,None,8.0,1,Meat/Egg Trade,0.0,0,None
Anuradhapura|Sanctuary,2022,6,Anuradhapura,Sanctuary,0.0,0.0,0.0,0.0,0.0,0.0,0.0,0.0,0.0,0.0,0.0,0.0,0.0,0.0,0.0,0.0,None,0.0,0,2022-06-01,1.2246467991473532e-16,-1.0,SW_monsoon,0.0,0,None,0.0,0,None,8.0,1,Meat/Egg Trade
Anuradhapura|Sanctuary,2022,7,Anuradhapura,Sanctuary,0.0,0.0,0.0,0.0,0.0,0.0,0.0,0.0,0.0,0.0,0.0,0.0,0.0,0.0,0.0,0.0,None,0.0,0,2022-07-01,-0.4999999999999997,-0.8660254037844388,SW_monsoon,0.0,0,None,0.0,0,None,0.0,0,None
Anuradhapura|Sanctuary,2022,8,Anuradhapura,Sanctuary,0.0,0.0,0.0,0.0,0.0,0.0,0.0,0.0,0.0,0.0,0.0,0.0,0.0,0.0,0.0,0.0,None,0.0,0,2022-08-01,-0.8660254037844384,-0.5000000000000004,SW_monsoon,0.0,0,None,0.0,0,None,0.0,0,None
Anuradhapura|Sanctuary,2022,9,Anuradhapura,Sanctuary,0.0,0.0,0.0,0.0,0.0,0.0,0.0,0.0,0.0,0.0,0.0,0.0,0.0,0.0,0.0,0.0,None,0.0,0,2022-09-01,-1.0,-1.8369701987210297e-16,SW_monsoon,0.0,0,None,0.0,0,None,0.0,0,None
Anuradhapura|Sanctuary,2022,10,Anuradhapura,Sanctuary,0.0,0.0,0.0,0.0,0.0,0.0,0.0,0.0,0.0,0.0,0.0,0.0,0.0,0.0,0.0,0.0,None,0.0,0,2022-10-01,-0.8660254037844386,0.5000000000000001,Inter_OctNov,0.0,0,None,0.0,0,None,0.0,0,None
Anuradhapura|Sanctuary,2022,11,Anuradhapura,Sanctuary,0.0,0.0,0.0,0.0,0.0,0.0,0.0,0.0,0.0,0.0,0.0,0.0,0.0,0.0,0.0,0.0,None,0.0,0,2022-11-01,-0.5000000000000004,0.8660254037844384,Inter_OctNov,0.0,0,None,0.0,0,None,0.0,0,None
Anuradhapura|Sanctuary,2022,12,Anuradhapura,Sanctuary,0.0,0.0,0.0,0.0,0.0,0.0,0.0,0.0,0.0,0.0,0.0,0.0,0.0,0.0,0.0,0.0,None,0.0,0,2022-12-01,-2.4492935982947064e-16,1.0,NE_monsoon,0.0,0,None,0.0,0,None,0.0,0,None
Anuradhapura|Sanctuary,2023,1,Anuradhapura,Sanctuary,0.0,0.0,0.0,0.0,0.0,0.0,0.0,0.0,0.0,0.0,0.0,0.0,0.0,0.0,0.0,0.0,None,0.0,0,2023-01-01,0.49999999999999994,0.8660254037844387,NE_monsoon,0.0,0,None,0.0,0,None,0.0,0,None
Anuradhapura|Sanctuary,2023,2,Anuradhapura,Sanctuary,0.0,0.0,0.0,0.0,0.0,0.0,0.0,0.0,0.0,0.0,0.0,0.0,0.0,0.0,0.0,0.0,None,0.0,0,2023-02-01,0.8660254037844386,0.5000000000000001,NE_monsoon,0.0,0,None,0.0,0,None,0.0,0,None
Anuradhapura|Sanctuary,2023,3,Anuradhapura,Sanctuary,0.0,0.0,0.0,0.0,0.0,0.0,0.0,0.0,0.0,0.0,0.0,0.0,0.0,0.0,0.0,0.0,None,0.0,0,2023-03-01,1.0,6.123233995736766e-17,Inter_MarApr,0.0,0,None,0.0,0,None,0.0,0,None
Anuradhapura|Sanctuary,2023,4,Anuradhapura,Sanctuary,0.0,0.0,0.0,0.0,0.0,0.0,0.0,0.0,0.0,0.0,0.0,0.0,0.0,0.0,0.0,0.0,None,0.0,0,2023-04-01,0.8660254037844387,-0.4999999999999998,Inter_MarApr,0.0,0,None,0.0,0,None,0.0,0,None
Anuradhapura|Sanctuary,2023,5,Anuradhapura,Sanctuary,0.0,0.0,0.0,0.0,0.0,0.0,0.0,0.0,0.0,0.0,0.0,0.0,0.0,0.0,0.0,0.0,None,0.0,0,2023-05-01,0.49999999999999994,-0.8660254037844387,SW_monsoon,0.0,0,None,0.0,0,None,0.0,0,None
Anuradhapura|Sanctuary,2023,6,Anuradhapura,Sanctuary,0.0,0.0,0.0,0.0,0.0,0.0,0.0,0.0,0.0,0.0,0.0,0.0,0.0,0.0,0.0,0.0,None,0.0,0,2023-06-01,1.2246467991473532e-16,-1.0,SW_monsoon,0.0,0,None,0.0,0,None,0.0,0,None
Anuradhapura|Sanctuary,2023,7,Anuradhapura,Sanctuary,0.0,0.0,0.0,0.0,0.0,0.0,0.0,0.0,0.0,0.0,0.0,0.0,0.0,0.0,0.0,0.0,None,0.0,0,2023-07-01,-0.4999999999999997,-0.8660254037844388,SW_monsoon,0.0,0,None,0.0,0,None,0.0,0,None
Anuradhapura|Sanctuary,2023,8,Anuradhapura,Sanctuary,0.0,0.0,0.0,0.0,0.0,0.0,0.0,0.0,0.0,0.0,0.0,0.0,0.0,0.0,0.0,0.0,None,0.0,0,2023-08-01,-0.8660254037844384,-0.5000000000000004,SW_monsoon,0.0,0,None,0.0,0,None,0.0,0,None
Anuradhapura|Sanctuary,2023,9,Anuradhapura,Sanctuary,0.0,0.0,0.0,0.0,0.0,0.0,0.0,0.0,0.0,0.0,0.0,0.0,0.0,0.0,0.0,0.0,None,0.0,0,2023-09-01,-1.0,-1.8369701987210297e-16,SW_monsoon,0.0,0,None,0.0,0,None,0.0,0,None
Anuradhapura|Sanctuary,2023,10,Anuradhapura,Sanctuary,0.0,0.0,0.0,0.0,0.0,0.0,0.0,0.0,0.0,0.0,0.0,0.0,0.0,0.0,0.0,0.0,None,0.0,0,2023-10-01,-0.8660254037844386,0.5000000000000001,Inter_OctNov,0.0,0,None,0.0,0,None,0.0,0,None
Anuradhapura|Sanctuary,2023,11,Anuradhapura,Sanctuary,0.0,0.0,0.0,0.0,0.0,0.0,0.0,0.0,0.0,0.0,0.0,0.0,0.0,0.0,0.0,0.0,None,0.0,0,2023-11-01,-0.5000000000000004,0.8660254037844384,Inter_OctNov,0.0,0,None,0.0,0,None,0.0,0,None
Anuradhapura|Sanctuary,2023,12,Anuradhapura,Sanctuary,0.0,0.0,0.0,0.0,0.0,0.0,0.0,0.0,0.0,0.0,0.0,0.0,0.0,0.0,0.0,0.0,None,0.0,0,2023-12-01,-2.4492935982947064e-16,1.0,NE_monsoon,0.0,0,None,0.0,0,None,0.0,0,None
Anuradhapura|Sanctuary,2024,1,Anuradhapura,Sanctuary,0.0,0.0,0.0,0.0,0.0,0.0,0.0,0.0,0.0,0.0,0.0,0.0,0.0,0.0,0.0,0.0,None,0.0,0,2024-01-01,0.49999999999999994,0.8660254037844387,NE_monsoon,0.0,0,None,0.0,0,None,0.0,0,None
Anuradhapura|Sanctuary,2024,2,Anuradhapura,Sanctuary,0.0,0.0,0.0,0.0,0.0,0.0,0.0,0.0,0.0,0.0,0.0,0.0,0.0,0.0,0.0,0.0,None,0.0,0,2024-02-01,0.8660254037844386,0.5000000000000001,NE_monsoon,0.0,0,None,0.0,0,None,0.0,0,None
Anuradhapura|Sanctuary,2024,3,Anuradhapura,Sanctuary,0.0,0.0,0.0,0.0,0.0,0.0,0.0,0.0,0.0,0.0,0.0,0.0,0.0,0.0,0.0,0.0,None,0.0,0,2024-03-01,1.0,6.123233995736766e-17,Inter_MarApr,0.0,0,None,0.0,0,None,0.0,0,None
Anuradhapura|Sanctuary,2024,4,Anuradhapura,Sanctuary,0.0,0.0,0.0,0.0,0.0,0.0,0.0,0.0,0.0,0.0,0.0,0.0,0.0,0.0,0.0,0.0,None,0.0,0,2024-04-01,0.8660254037844387,-0.4999999999999998,Inter_MarApr,0.0,0,None,0.0,0,None,0.0,0,None
Anuradhapura|Sanctuary,2024,5,Anuradhapura,Sanctuary,0.0,0.0,0.0,0.0,0.0,0.0,0.0,0.0,0.0,0.0,0.0,0.0,0.0,0.0,0.0,0.0,None,0.0,0,2024-05-01,0.49999999999999994,-0.8660254037844387,SW_monsoon,0.0,0,None,0.0,0,None,0.0,0,None
Anuradhapura|Sanctuary,2024,6,Anuradhapura,Sanctuary,0.0,0.0,0.0,0.0,0.0,0.0,0.0,0.0,0.0,0.0,0.0,0.0,0.0,0.0,0.0,0.0,None,0.0,0,2024-06-01,1.2246467991473532e-16,-1.0,SW_monsoon,0.0,0,None,0.0,0,None,0.0,0,None
Anuradhapura|Sanctuary,2024,7,Anuradhapura,Sanctuary,0.0,0.0,0.0,0.0,0.0,0.0,0.0,0.0,0.0,0.0,0.0,0.0,0.0,0.0,0.0,0.0,None,0.0,0,2024-07-01,-0.4999999999999997,-0.8660254037844388,SW_monsoon,0.0,0,None,0.0,0,None,0.0,0,None
Anuradhapura|Sanctuary,2024,8,Anuradhapura,Sanctuary,0.0,0.0,0.0,0.0,0.0,0.0,0.0,0.0,0.0,0.0,0.0,0.0,0.0,0.0,0.0,0.0,None,0.0,0,2024-08-01,-0.8660254037844384,-0.5000000000000004,SW_monsoon,0.0,0,None,0.0,0,None,0.0,0,None
Anuradhapura|Sanctuary,2024,9,Anuradhapura,Sanctuary,0.0,0.0,0.0,0.0,0.0,0.0,0.0,0.0,0.0,0.0,0.0,0.0,0.0,0.0,0.0,0.0,None,0.0,0,2024-09-01,-1.0,-1.8369701987210297e-16,SW_monsoon,0.0,0,None,0.0,0,None,0.0,0,None
Anuradhapura|Sanctuary,2024,10,Anuradhapura,Sanctuary,0.0,0.0,0.0,0.0,0.0,0.0,0.0,0.0,0.0,0.0,0.0,0.0,0.0,0.0,0.0,0.0,None,0.0,0,2024-10-01,-0.8660254037844386,0.5000000000000001,Inter_OctNov,0.0,0,None,0.0,0,None,0.0,0,None
Anuradhapura|Sanctuary,2024,11,Anuradhapura,Sanctuary,0.0,0.0,0.0,0.0,0.0,0.0,0.0,0.0,0.0,0.0,0.0,0.0,0.0,0.0,0.0,0.0,None,0.0,0,2024-11-01,-0.5000000000000004,0.8660254037844384,Inter_OctNov,0.0,0,None,0.0,0,None,0.0,0,None
Anuradhapura|Sanctuary,2024,12,Anuradhapura,Sanctuary,0.0,0.0,0.0,0.0,0.0,0.0,0.0,0.0,0.0,0.0,0.0,0.0,0.0,0.0,0.0,0.0,None,0.0,0,2024-12-01,-2.4492935982947064e-16,1.0,NE_monsoon,0.0,0,None,0.0,0,None,0.0,0,None
Anuradhapura|Sand/Mineral/Any Mining,2022,1,Anuradhapura,Sand/Mineral/Any Mining,0.0,0.0,0.0,0.0,0.0,0.0,0.0,0.0,0.0,0.0,0.0,0.0,0.0,0.0,0.0,0.0,None,0.0,0,2022-01-01,0.49999999999999994,0.8660254037844387,NE_monsoon,0.0,0,None,0.0,0,None,0.0,0,None
Anuradhapura|Sand/Mineral/Any Mining,2022,2,Anuradhapura,Sand/Mineral/Any Mining,0.0,0.0,0.0,0.0,0.0,0.0,0.0,0.0,0.0,0.0,0.0,0.0,0.0,0.0,0.0,0.0,None,0.0,0,2022-02-01,0.8660254037844386,0.5000000000000001,NE_monsoon,0.0,0,None,0.0,0,None,0.0,0,None
Anuradhapura|Sand/Mineral/Any Mining,2022,3,Anuradhapura,Sand/Mineral/Any Mining,0.0,0.0,0.0,0.0,0.0,0.0,0.0,0.0,0.0,0.0,0.0,0.0,0.0,0.0,0.0,0.0,None,0.0,0,2022-03-01,1.0,6.123233995736766e-17,Inter_MarApr,0.0,0,None,0.0,0,None,0.0,0,None
Anuradhapura|Sand/Mineral/Any Mining,2022,4,Anuradhapura,Sand/Mineral/Any Mining,0.0,0.0,0.0,0.0,0.0,0.0,0.0,0.0,0.0,0.0,0.0,0.0,0.0,0.0,0.0,0.0,None,0.0,0,2022-04-01,0.8660254037844387,-0.4999999999999998,Inter_MarApr,0.0,0,None,0.0,0,None,0.0,0,None
Anuradhapura|Sand/Mineral/Any Mining,2022,5,Anuradhapura,Sand/Mineral/Any Mining,0.0,0.0,0.0,0.0,0.0,0.0,0.0,0.0,0.0,0.0,0.0,0.0,0.0,0.0,0.0,0.0,None,0.0,0,2022-05-01,0.49999999999999994,-0.8660254037844387,SW_monsoon,0.0,0,None,0.0,0,None,0.0,0,None
Anuradhapura|Sand/Mineral/Any Mining,2022,6,Anuradhapura,Sand/Mineral/Any Mining,0.0,0.0,0.0,0.0,0.0,0.0,0.0,0.0,0.0,0.0,0.0,0.0,0.0,0.0,0.0,0.0,None,0.0,0,2022-06-01,1.2246467991473532e-16,-1.0,SW_monsoon,0.0,0,None,0.0,0,None,0.0,0,None
Anuradhapura|Sand/Mineral/Any Mining,2022,7,Anuradhapura,Sand/Mineral/Any Mining,0.0,0.0,0.0,0.0,0.0,0.0,0.0,0.0,0.0,0.0,0.0,0.0,0.0,0.0,0.0,0.0,None,0.0,0,2022-07-01,-0.4999999999999997,-0.8660254037844388,SW_monsoon,0.0,0,None,0.0,0,None,0.0,0,None
Anuradhapura|Sand/Mineral/Any Mining,2022,8,Anuradhapura,Sand/Mineral/Any Mining,0.0,0.0,0.0,0.0,0.0,0.0,0.0,0.0,0.0,0.0,0.0,0.0,0.0,0.0,0.0,0.0,None,0.0,0,2022-08-01,-0.8660254037844384,-0.5000000000000004,SW_monsoon,0.0,0,None,0.0,0,None,0.0,0,None
Anuradhapura|Sand/Mineral/Any Mining,2022,9,Anuradhapura,Sand/Mineral/Any Mining,0.0,0.0,0.0,0.0,0.0,0.0,0.0,0.0,0.0,0.0,0.0,0.0,0.0,0.0,0.0,0.0,None,0.0,0,2022-09-01,-1.0,-1.8369701987210297e-16,SW_monsoon,0.0,0,None,0.0,0,None,0.0,0,None
Anuradhapura|Sand/Mineral/Any Mining,2022,10,Anuradhapura,Sand/Mineral/Any Mining,0.0,0.0,0.0,0.0,0.0,0.0,0.0,0.0,0.0,0.0,0.0,0.0,0.0,0.0,0.0,0.0,None,0.0,0,2022-10-01,-0.8660254037844386,0.5000000000000001,Inter_OctNov,0.0,0,None,0.0,0,None,0.0,0,None
Anuradhapura|Sand/Mineral/Any Mining,2022,11,Anuradhapura,Sand/Mineral/Any Mining,0.0,0.0,0.0,0.0,0.0,0.0,0.0,0.0,0.0,0.0,0.0,0.0,0.0,0.0,0.0,0.0,None,0.0,0,2022-11-01,-0.5000000000000004,0.8660254037844384,Inter_OctNov,0.0,0,None,0.0,0,None,0.0,0,None
Anuradhapura|Sand/Mineral/Any Mining,2022,12,Anuradhapura,Sand/Mineral/Any Mining,0.0,0.0,0.0,0.0,0.0,0.0,0.0,0.0,0.0,0.0,0.0,0.0,0.0,0.0,0.0,0.0,None,0.0,0,2022-12-01,-2.4492935982947064e-16,1.0,NE_monsoon,0.0,0,None,0.0,0,None,0.0,0,None
Anuradhapura|Sand/Mineral/Any Mining,2023,1,Anuradhapura,Sand/Mineral/Any Mining,0.0,0.0,0.0,0.0,0.0,0.0,0.0,0.0,0.0,0.0,0.0,0.0,0.0,0.0,0.0,0.0,None,0.0,0,2023-01-01,0.49999999999999994,0.8660254037844387,NE_monsoon,0.0,0,None,0.0,0,None,0.0,0,None
Anuradhapura|Sand/Mineral/Any Mining,2023,2,Anuradhapura,Sand/Mineral/Any Mining,0.0,0.0,0.0,0.0,0.0,0.0,0.0,0.0,0.0,0.0,0.0,0.0,0.0,0.0,0.0,0.0,None,0.0,0,2023-02-01,0.8660254037844386,0.5000000000000001,NE_monsoon,0.0,0,None,0.0,0,None,0.0,0,None
Anuradhapura|Sand/Mineral/Any Mining,2023,3,Anuradhapura,Sand/Mineral/Any Mining,0.0,0.0,0.0,0.0,0.0,0.0,0.0,0.0,0.0,0.0,0.0,0.0,0.0,0.0,0.0,0.0,None,0.0,0,2023-03-01,1.0,6.123233995736766e-17,Inter_MarApr,0.0,0,None,0.0,0,None,0.0,0,None
Anuradhapura|Sand/Mineral/Any Mining,2023,4,Anuradhapura,Sand/Mineral/Any Mining,0.0,0.0,0.0,0.0,0.0,0.0,0.0,0.0,0.0,0.0,0.0,0.0,0.0,0.0,0.0,0.0,None,0.0,0,2023-04-01,0.8660254037844387,-0.4999999999999998,Inter_MarApr,0.0,0,None,0.0,0,None,0.0,0,None
Anuradhapura|Sand/Mineral/Any Mining,2023,5,Anuradhapura,Sand/Mineral/Any Mining,0.0,0.0,0.0,0.0,0.0,0.0,0.0,0.0,0.0,0.0,0.0,0.0,0.0,0.0,0.0,0.0,None,0.0,0,2023-05-01,0.49999999999999994,-0.8660254037844387,SW_monsoon,0.0,0,None,0.0,0,None,0.0,0,None
Anuradhapura|Sand/Mineral/Any Mining,2023,6,Anuradhapura,Sand/Mineral/Any Mining,0.0,0.0,0.0,0.0,0.0,0.0,0.0,0.0,0.0,0.0,0.0,0.0,0.0,0.0,0.0,0.0,None,0.0,0,2023-06-01,1.2246467991473532e-16,-1.0,SW_monsoon,0.0,0,None,0.0,0,None,0.0,0,None
Anuradhapura|Sand/Mineral/Any Mining,2023,7,Anuradhapura,Sand/Mineral/Any Mining,0.0,0.0,0.0,0.0,0.0,0.0,0.0,0.0,0.0,0.0,0.0,0.0,0.0,24.0,0.0,0.0,Other,24.0,1,2023-07-01,-0.4999999999999997,-0.8660254037844388,SW_monsoon,0.0,0,None,0.0,0,None,0.0,0,None
Anuradhapura|Sand/Mineral/Any Mining,2023,8,Anuradhapura,Sand/Mineral/Any Mining,0.0,0.0,0.0,0.0,0.0,0.0,0.0,0.0,0.0,0.0,0.0,0.0,0.0,0.0,0.0,0.0,None,0.0,0,2023-08-01,-0.8660254037844384,-0.5000000000000004,SW_monsoon,24.0,1,Other,0.0,0,None,0.0,0,None
Anuradhapura|Sand/Mineral/Any Mining,2023,9,Anuradhapura,Sand/Mineral/Any Mining,0.0,0.0,0.0,0.0,0.0,0.0,0.0,0.0,0.0,0.0,0.0,0.0,0.0,0.0,0.0,0.0,None,0.0,0,2023-09-01,-1.0,-1.8369701987210297e-16,SW_monsoon,0.0,0,None,24.0,1,Other,0.0,0,None
Anuradhapura|Sand/Mineral/Any Mining,2023,10,Anuradhapura,Sand/Mineral/Any Mining,0.0,0.0,0.0,0.0,0.0,0.0,0.0,0.0,0.0,0.0,0.0,0.0,0.0,0.0,0.0,0.0,None,0.0,0,2023-10-01,-0.8660254037844386,0.5000000000000001,Inter_OctNov,0.0,0,None,0.0,0,None,24.0,1,Other
Anuradhapura|Sand/Mineral/Any Mining,2023,11,Anuradhapura,Sand/Mineral/Any Mining,0.0,0.0,0.0,0.0,0.0,0.0,0.0,0.0,0.0,0.0,0.0,0.0,0.0,0.0,0.0,0.0,None,0.0,0,2023-11-01,-0.5000000000000004,0.8660254037844384,Inter_OctNov,0.0,0,None,0.0,0,None,0.0,0,None
Anuradhapura|Sand/Mineral/Any Mining,2023,12,Anuradhapura,Sand/Mineral/Any Mining,0.0,0.0,0.0,0.0,0.0,0.0,0.0,0.0,0.0,0.0,0.0,0.0,0.0,0.0,0.0,0.0,None,0.0,0,2023-12-01,-2.4492935982947064e-16,1.0,NE_monsoon,0.0,0,None,0.0,0,None,0.0,0,None
Anuradhapura|Sand/Mineral/Any Mining,2024,1,Anuradhapura,Sand/Mineral/Any Mining,0.0,0.0,0.0,0.0,0.0,0.0,0.0,0.0,0.0,0.0,0.0,0.0,0.0,0.0,0.0,0.0,None,0.0,0,2024-01-01,0.49999999999999994,0.8660254037844387,NE_monsoon,0.0,0,None,0.0,0,None,0.0,0,None
Anuradhapura|Sand/Mineral/Any Mining,2024,2,Anuradhapura,Sand/Mineral/Any Mining,0.0,0.0,0.0,0.0,0.0,0.0,0.0,0.0,0.0,0.0,0.0,0.0,0.0,0.0,0.0,0.0,None,0.0,0,2024-02-01,0.8660254037844386,0.5000000000000001,NE_monsoon,0.0,0,None,0.0,0,None,0.0,0,None
Anuradhapura|Sand/Mineral/Any Mining,2024,3,Anuradhapura,Sand/Mineral/Any Mining,0.0,0.0,0.0,0.0,0.0,0.0,0.0,0.0,0.0,0.0,0.0,0.0,0.0,0.0,0.0,0.0,None,0.0,0,2024-03-01,1.0,6.123233995736766e-17,Inter_MarApr,0.0,0,None,0.0,0,None,0.0,0,None
Anuradhapura|Sand/Mineral/Any Mining,2024,4,Anuradhapura,Sand/Mineral/Any Mining,0.0,0.0,0.0,0.0,0.0,0.0,0.0,0.0,0.0,0.0,0.0,0.0,0.0,0.0,0.0,0.0,None,0.0,0,2024-04-01,0.8660254037844387,-0.4999999999999998,Inter_MarApr,0.0,0,None,0.0,0,None,0.0,0,None
Anuradhapura|Sand/Mineral/Any Mining,2024,5,Anuradhapura,Sand/Mineral/Any Mining,0.0,0.0,0.0,0.0,0.0,0.0,0.0,0.0,0.0,0.0,0.0,0.0,0.0,0.0,0.0,0.0,None,0.0,0,2024-05-01,0.49999999999999994,-0.8660254037844387,SW_monsoon,0.0,0,None,0.0,0,None,0.0,0,None
Anuradhapura|Sand/Mineral/Any Mining,2024,6,Anuradhapura,Sand/Mineral/Any Mining,0.0,0.0,0.0,0.0,0.0,0.0,0.0,0.0,0.0,0.0,0.0,0.0,0.0,0.0,0.0,0.0,None,0.0,0,2024-06-01,1.2246467991473532e-16,-1.0,SW_monsoon,0.0,0,None,0.0,0,None,0.0,0,None
Anuradhapura|Sand/Mineral/Any Mining,2024,7,Anuradhapura,Sand/Mineral/Any Mining,0.0,0.0,0.0,0.0,0.0,0.0,0.0,0.0,0.0,0.0,0.0,0.0,0.0,0.0,0.0,0.0,None,0.0,0,2024-07-01,-0.4999999999999997,-0.8660254037844388,SW_monsoon,0.0,0,None,0.0,0,None,0.0,0,None
Anuradhapura|Sand/Mineral/Any Mining,2024,8,Anuradhapura,Sand/Mineral/Any Mining,0.0,0.0,0.0,0.0,0.0,0.0,0.0,0.0,0.0,0.0,0.0,0.0,0.0,0.0,0.0,0.0,None,0.0,0,2024-08-01,-0.8660254037844384,-0.5000000000000004,SW_monsoon,0.0,0,None,0.0,0,None,0.0,0,None
Anuradhapura|Sand/Mineral/Any Mining,2024,9,Anuradhapura,Sand/Mineral/Any Mining,0.0,0.0,0.0,0.0,0.0,0.0,0.0,0.0,0.0,0.0,0.0,0.0,0.0,0.0,0.0,0.0,None,0.0,0,2024-09-01,-1.0,-1.8369701987210297e-16,SW_monsoon,0.0,0,None,0.0,0,None,0.0,0,None
Anuradhapura|Sand/Mineral/Any Mining,2024,10,Anuradhapura,Sand/Mineral/Any Mining,0.0,0.0,0.0,0.0,0.0,0.0,0.0,0.0,0.0,0.0,0.0,0.0,0.0,0.0,0.0,0.0,None,0.0,0,2024-10-01,-0.8660254037844386,0.5000000000000001,Inter_OctNov,0.0,0,None,0.0,0,None,0.0,0,None
Anuradhapura|Sand/Mineral/Any Mining,2024,11,Anuradhapura,Sand/Mineral/Any Mining,0.0,0.0,0.0,0.0,0.0,0.0,0.0,0.0,0.0,0.0,0.0,0.0,0.0,0.0,0.0,0.0,None,0.0,0,2024-11-01,-0.5000000000000004,0.8660254037844384,Inter_OctNov,0.0,0,None,0.0,0,None,0.0,0,None
Anuradhapura|Sand/Mineral/Any Mining,2024,12,Anuradhapura,Sand/Mineral/Any Mining,0.0,0.0,0.0,0.0,0.0,0.0,0.0,0.0,0.0,0.0,0.0,0.0,0.0,0.0,0.0,0.0,None,0.0,0,2024-12-01,-2.4492935982947064e-16,1.0,NE_monsoon,0.0,0,None,0.0,0,None,0.0,0,None
Anuradhapura|Strict Nature Reserve,2022,1,Anuradhapura,Strict Nature Reserve,0.0,0.0,0.0,0.0,0.0,0.0,0.0,0.0,0.0,0.0,0.0,0.0,0.0,0.0,0.0,0.0,None,0.0,0,2022-01-01,0.49999999999999994,0.8660254037844387,NE_monsoon,0.0,0,None,0.0,0,None,0.0,0,None
Anuradhapura|Strict Nature Reserve,2022,2,Anuradhapura,Strict Nature Reserve,0.0,0.0,0.0,0.0,0.0,0.0,0.0,0.0,0.0,0.0,0.0,0.0,0.0,0.0,0.0,0.0,None,0.0,0,2022-02-01,0.8660254037844386,0.5000000000000001,NE_monsoon,0.0,0,None,0.0,0,None,0.0,0,None
Anuradhapura|Strict Nature Reserve,2022,3,Anuradhapura,Strict Nature Reserve,0.0,0.0,0.0,0.0,0.0,0.0,0.0,0.0,0.0,0.0,0.0,0.0,0.0,0.0,0.0,0.0,None,0.0,0,2022-03-01,1.0,6.123233995736766e-17,Inter_MarApr,0.0,0,None,0.0,0,None,0.0,0,None
Anuradhapura|Strict Nature Reserve,2022,4,Anuradhapura,Strict Nature Reserve,0.0,0.0,0.0,0.0,0.0,0.0,0.0,0.0,0.0,0.0,0.0,0.0,0.0,0.0,0.0,0.0,None,0.0,0,2022-04-01,0.8660254037844387,-0.4999999999999998,Inter_MarApr,0.0,0,None,0.0,0,None,0.0,0,None
Anuradhapura|Strict Nature Reserve,2022,5,Anuradhapura,Strict Nature Reserve,0.0,0.0,0.0,0.0,0.0,0.0,0.0,0.0,0.0,0.0,0.0,0.0,0.0,0.0,0.0,0.0,None,0.0,0,2022-05-01,0.49999999999999994,-0.8660254037844387,SW_monsoon,0.0,0,None,0.0,0,None,0.0,0,None
Anuradhapura|Strict Nature Reserve,2022,6,Anuradhapura,Strict Nature Reserve,0.0,0.0,0.0,0.0,0.0,0.0,0.0,0.0,0.0,0.0,0.0,0.0,0.0,0.0,0.0,4.0,Weapons/Traps,4.0,1,2022-06-01,1.2246467991473532e-16,-1.0,SW_monsoon,0.0,0,None,0.0,0,None,0.0,0,None
Anuradhapura|Strict Nature Reserve,2022,7,Anuradhapura,Strict Nature Reserve,0.0,0.0,0.0,0.0,0.0,0.0,0.0,0.0,0.0,0.0,0.0,0.0,0.0,0.0,0.0,0.0,None,0.0,0,2022-07-01,-0.4999999999999997,-0.8660254037844388,SW_monsoon,4.0,1,Weapons/Traps,0.0,0,None,0.0,0,None
Anuradhapura|Strict Nature Reserve,2022,8,Anuradhapura,Strict Nature Reserve,0.0,0.0,0.0,0.0,0.0,0.0,0.0,0.0,3.0,0.0,0.0,0.0,0.0,0.0,0.0,0.0,Illegal Entry,3.0,1,2022-08-01,-0.8660254037844384,-0.5000000000000004,SW_monsoon,0.0,0,None,4.0,1,Weapons/Traps,0.0,0,None
Anuradhapura|Strict Nature Reserve,2022,9,Anuradhapura,Strict Nature Reserve,0.0,0.0,0.0,0.0,0.0,0.0,0.0,0.0,0.0,0.0,0.0,0.0,0.0,0.0,0.0,0.0,None,0.0,0,2022-09-01,-1.0,-1.8369701987210297e-16,SW_monsoon,3.0,1,Illegal Entry,0.0,0,None,4.0,1,Weapons/Traps
Anuradhapura|Strict Nature Reserve,2022,10,Anuradhapura,Strict Nature Reserve,0.0,0.0,0.0,0.0,0.0,0.0,0.0,0.0,0.0,0.0,0.0,0.0,0.0,0.0,0.0,0.0,None,0.0,0,2022-10-01,-0.8660254037844386,0.5000000000000001,Inter_OctNov,0.0,0,None,3.0,1,Illegal Entry,0.0,0,None
Anuradhapura|Strict Nature Reserve,2022,11,Anuradhapura,Strict Nature Reserve,0.0,0.0,0.0,0.0,0.0,0.0,0.0,0.0,0.0,0.0,0.0,0.0,0.0,0.0,0.0,0.0,None,0.0,0,2022-11-01,-0.5000000000000004,0.8660254037844384,Inter_OctNov,0.0,0,None,0.0,0,None,3.0,1,Illegal Entry
Anuradhapura|Strict Nature Reserve,2022,12,Anuradhapura,Strict Nature Reserve,0.0,0.0,0.0,0.0,0.0,0.0,0.0,0.0,0.0,0.0,0.0,0.0,0.0,0.0,0.0,0.0,None,0.0,0,2022-12-01,-2.4492935982947064e-16,1.0,NE_monsoon,0.0,0,None,0.0,0,None,0.0,0,None
Anuradhapura|Strict Nature Reserve,2023,1,Anuradhapura,Strict Nature Reserve,0.0,0.0,0.0,0.0,0.0,0.0,0.0,0.0,0.0,0.0,0.0,0.0,0.0,0.0,0.0,0.0,None,0.0,0,2023-01-01,0.49999999999999994,0.8660254037844387,NE_monsoon,0.0,0,None,0.0,0,None,0.0,0,None
Anuradhapura|Strict Nature Reserve,2023,2,Anuradhapura,Strict Nature Reserve,0.0,0.0,0.0,0.0,0.0,0.0,0.0,0.0,0.0,0.0,0.0,0.0,0.0,0.0,0.0,0.0,None,0.0,0,2023-02-01,0.8660254037844386,0.5000000000000001,NE_monsoon,0.0,0,None,0.0,0,None,0.0,0,None
Anuradhapura|Strict Nature Reserve,2023,3,Anuradhapura,Strict Nature Reserve,0.0,0.0,0.0,0.0,0.0,0.0,0.0,0.0,0.0,0.0,0.0,0.0,0.0,0.0,0.0,0.0,None,0.0,0,2023-03-01,1.0,6.123233995736766e-17,Inter_MarApr,0.0,0,None,0.0,0,None,0.0,0,None
Anuradhapura|Strict Nature Reserve,2023,4,Anuradhapura,Strict Nature Reserve,0.0,0.0,0.0,0.0,0.0,0.0,0.0,0.0,0.0,0.0,0.0,0.0,0.0,0.0,0.0,0.0,None,0.0,0,2023-04-01,0.8660254037844387,-0.4999999999999998,Inter_MarApr,0.0,0,None,0.0,0,None,0.0,0,None
Anuradhapura|Strict Nature Reserve,2023,5,Anuradhapura,Strict Nature Reserve,0.0,0.0,0.0,0.0,0.0,0.0,0.0,0.0,0.0,0.0,0.0,12.0,0.0,0.0,0.0,0.0,Meat/Egg Trade,12.0,1,2023-05-01,0.49999999999999994,-0.8660254037844387,SW_monsoon,0.0,0,None,0.0,0,None,0.0,0,None
Anuradhapura|Strict Nature Reserve,2023,6,Anuradhapura,Strict Nature Reserve,0.0,0.0,0.0,0.0,0.0,0.0,0.0,0.0,0.0,0.0,0.0,0.0,0.0,0.0,0.0,0.0,None,0.0,0,2023-06-01,1.2246467991473532e-16,-1.0,SW_monsoon,12.0,1,Meat/Egg Trade,0.0,0,None,0.0,0,None
Anuradhapura|Strict Nature Reserve,2023,7,Anuradhapura,Strict Nature Reserve,0.0,0.0,0.0,0.0,0.0,0.0,0.0,0.0,0.0,0.0,0.0,0.0,0.0,0.0,0.0,0.0,None,0.0,0,2023-07-01,-0.4999999999999997,-0.8660254037844388,SW_monsoon,0.0,0,None,12.0,1,Meat/Egg Trade,0.0,0,None
Anuradhapura|Strict Nature Reserve,2023,8,Anuradhapura,Strict Nature Reserve,0.0,0.0,0.0,0.0,0.0,0.0,0.0,0.0,0.0,0.0,0.0,0.0,0.0,0.0,0.0,0.0,None,0.0,0,2023-08-01,-0.8660254037844384,-0.5000000000000004,SW_monsoon,0.0,0,None,0.0,0,None,12.0,1,Meat/Egg Trade
Anuradhapura|Strict Nature Reserve,2023,9,Anuradhapura,Strict Nature Reserve,0.0,0.0,0.0,0.0,0.0,0.0,0.0,0.0,0.0,0.0,0.0,0.0,0.0,0.0,0.0,0.0,None,0.0,0,2023-09-01,-1.0,-1.8369701987210297e-16,SW_monsoon,0.0,0,None,0.0,0,None,0.0,0,None
Anuradhapura|Strict Nature Reserve,2023,10,Anuradhapura,Strict Nature Reserve,0.0,0.0,0.0,0.0,0.0,0.0,0.0,0.0,0.0,0.0,0.0,0.0,0.0,0.0,0.0,0.0,None,0.0,0,2023-10-01,-0.8660254037844386,0.5000000000000001,Inter_OctNov,0.0,0,None,0.0,0,None,0.0,0,None
Anuradhapura|Strict Nature Reserve,2023,11,Anuradhapura,Strict Nature Reserve,0.0,0.0,0.0,0.0,0.0,0.0,0.0,0.0,0.0,0.0,0.0,0.0,0.0,0.0,0.0,0.0,None,0.0,0,2023-11-01,-0.5000000000000004,0.8660254037844384,Inter_OctNov,0.0,0,None,0.0,0,None,0.0,0,None
Anuradhapura|Strict Nature Reserve,2023,12,Anuradhapura,Strict Nature Reserve,0.0,0.0,0.0,0.0,0.0,0.0,0.0,0.0,0.0,0.0,0.0,0.0,0.0,0.0,0.0,0.0,None,0.0,0,2023-12-01,-2.4492935982947064e-16,1.0,NE_monsoon,0.0,0,None,0.0,0,None,0.0,0,None
Anuradhapura|Strict Nature Reserve,2024,1,Anuradhapura,Strict Nature Reserve,0.0,0.0,0.0,0.0,0.0,0.0,0.0,0.0,0.0,0.0,0.0,0.0,0.0,0.0,0.0,0.0,None,0.0,0,2024-01-01,0.49999999999999994,0.8660254037844387,NE_monsoon,0.0,0,None,0.0,0,None,0.0,0,None
Anuradhapura|Strict Nature Reserve,2024,2,Anuradhapura,Strict Nature Reserve,0.0,0.0,0.0,0.0,0.0,0.0,0.0,0.0,0.0,0.0,0.0,0.0,0.0,0.0,0.0,0.0,None,0.0,0,2024-02-01,0.8660254037844386,0.5000000000000001,NE_monsoon,0.0,0,None,0.0,0,None,0.0,0,None
Anuradhapura|Strict Nature Reserve,2024,3,Anuradhapura,Strict Nature Reserve,0.0,0.0,0.0,0.0,0.0,0.0,0.0,0.0,0.0,0.0,0.0,0.0,0.0,0.0,0.0,0.0,None,0.0,0,2024-03-01,1.0,6.123233995736766e-17,Inter_MarApr,0.0,0,None,0.0,0,None,0.0,0,None
Anuradhapura|Strict Nature Reserve,2024,4,Anuradhapura,Strict Nature Reserve,0.0,0.0,0.0,0.0,0.0,0.0,0.0,0.0,0.0,0.0,0.0,0.0,0.0,0.0,0.0,0.0,None,0.0,0,2024-04-01,0.8660254037844387,-0.4999999999999998,Inter_MarApr,0.0,0,None,0.0,0,None,0.0,0,None
Anuradhapura|Strict Nature Reserve,2024,5,Anuradhapura,Strict Nature Reserve,0.0,0.0,0.0,0.0,0.0,0.0,0.0,0.0,0.0,0.0,0.0,0.0,0.0,0.0,0.0,0.0,None,0.0,0,2024-05-01,0.49999999999999994,-0.8660254037844387,SW_monsoon,0.0,0,None,0.0,0,None,0.0,0,None
Anuradhapura|Strict Nature Reserve,2024,6,Anuradhapura,Strict Nature Reserve,0.0,0.0,0.0,0.0,0.0,0.0,0.0,0.0,0.0,0.0,0.0,0.0,0.0,0.0,0.0,0.0,None,0.0,0,2024-06-01,1.2246467991473532e-16,-1.0,SW_monsoon,0.0,0,None,0.0,0,None,0.0,0,None
Anuradhapura|Strict Nature Reserve,2024,7,Anuradhapura,Strict Nature Reserve,0.0,0.0,0.0,0.0,0.0,0.0,0.0,0.0,0.0,0.0,0.0,0.0,0.0,0.0,0.0,0.0,None,0.0,0,2024-07-01,-0.4999999999999997,-0.8660254037844388,SW_monsoon,0.0,0,None,0.0,0,None,0.0,0,None
Anuradhapura|Strict Nature Reserve,2024,8,Anuradhapura,Strict Nature Reserve,0.0,0.0,0.0,0.0,0.0,0.0,0.0,0.0,0.0,0.0,0.0,0.0,0.0,0.0,0.0,0.0,None,0.0,0,2024-08-01,-0.8660254037844384,-0.5000000000000004,SW_monsoon,0.0,0,None,0.0,0,None,0.0,0,None
Anuradhapura|Strict Nature Reserve,2024,9,Anuradhapura,Strict Nature Reserve,0.0,0.0,0.0,0.0,0.0,0.0,0.0,0.0,0.0,0.0,0.0,0.0,0.0,0.0,0.0,0.0,None,0.0,0,2024-09-01,-1.0,-1.8369701987210297e-16,SW_monsoon,0.0,0,None,0.0,0,None,0.0,0,None
Anuradhapura|Strict Nature Reserve,2024,10,Anuradhapura,Strict Nature Reserve,0.0,0.0,0.0,0.0,0.0,0.0,0.0,0.0,0.0,0.0,0.0,0.0,0.0,0.0,0.0,0.0,None,0.0,0,2024-10-01,-0.8660254037844386,0.5000000000000001,Inter_OctNov,0.0,0,None,0.0,0,None,0.0,0,None
Anuradhapura|Strict Nature Reserve,2024,11,Anuradhapura,Strict Nature Reserve,0.0,0.0,0.0,0.0,0.0,0.0,0.0,0.0,0.0,0.0,0.0,0.0,0.0,0.0,0.0,0.0,None,0.0,0,2024-11-01,-0.5000000000000004,0.8660254037844384,Inter_OctNov,0.0,0,None,0.0,0,None,0.0,0,None
Anuradhapura|Strict Nature Reserve,2024,12,Anuradhapura,Strict Nature Reserve,0.0,0.0,0.0,0.0,0.0,0.0,0.0,0.0,0.0,0.0,0.0,0.0,0.0,0.0,0.0,0.0,None,0.0,0,2024-12-01,-2.4492935982947064e-16,1.0,NE_monsoon,0.0,0,None,0.0,0,None,0.0,0,None
Anuradhapura|Unknown,2022,1,Anuradhapura,Unknown,0.0,0.0,0.0,0.0,0.0,0.0,0.0,0.0,0.0,0.0,0.0,0.0,0.0,0.0,0.0,0.0,None,0.0,0,2022-01-01,0.49999999999999994,0.8660254037844387,NE_monsoon,0.0,0,None,0.0,0,None,0.0,0,None
Anuradhapura|Unknown,2022,2,Anuradhapura,Unknown,0.0,0.0,0.0,0.0,0.0,15.0,0.0,0.0,0.0,0.0,0.0,0.0,0.0,0.0,0.0,0.0,Encroachment/Land,15.0,1,2022-02-01,0.8660254037844386,0.5000000000000001,NE_monsoon,0.0,0,None,0.0,0,None,0.0,0,None
Anuradhapura|Unknown,2022,3,Anuradhapura,Unknown,0.0,0.0,0.0,0.0,0.0,0.0,0.0,0.0,0.0,0.0,0.0,0.0,0.0,0.0,0.0,0.0,None,0.0,0,2022-03-01,1.0,6.123233995736766e-17,Inter_MarApr,15.0,1,Encroachment/Land,0.0,0,None,0.0,0,None
Anuradhapura|Unknown,2022,4,Anuradhapura,Unknown,0.0,0.0,0.0,0.0,0.0,0.0,0.0,0.0,0.0,0.0,0.0,0.0,0.0,0.0,0.0,0.0,None,0.0,0,2022-04-01,0.8660254037844387,-0.4999999999999998,Inter_MarApr,0.0,0,None,15.0,1,Encroachment/Land,0.0,0,None
Anuradhapura|Unknown,2022,5,Anuradhapura,Unknown,0.0,0.0,0.0,0.0,0.0,0.0,0.0,0.0,0.0,0.0,0.0,0.0,0.0,0.0,0.0,0.0,None,0.0,0,2022-05-01,0.49999999999999994,-0.8660254037844387,SW_monsoon,0.0,0,None,0.0,0,None,15.0,1,Encroachment/Land
Anuradhapura|Unknown,2022,6,Anuradhapura,Unknown,0.0,0.0,0.0,0.0,0.0,0.0,5.0,0.0,0.0,0.0,0.0,0.0,0.0,0.0,0.0,0.0,Fire,5.0,1,2022-06-01,1.2246467991473532e-16,-1.0,SW_monsoon,0.0,0,None,0.0,0,None,0.0,0,None
Anuradhapura|Unknown,2022,7,Anuradhapura,Unknown,0.0,0.0,0.0,0.0,0.0,0.0,0.0,0.0,0.0,0.0,0.0,0.0,0.0,0.0,0.0,0.0,None,0.0,0,2022-07-01,-0.4999999999999997,-0.8660254037844388,SW_monsoon,5.0,1,Fire,0.0,0,None,0.0,0,None
Anuradhapura|Unknown,2022,8,Anuradhapura,Unknown,0.0,0.0,0.0,0.0,0.0,21.0,0.0,0.0,0.0,0.0,0.0,0.0,0.0,0.0,0.0,0.0,Encroachment/Land,21.0,1,2022-08-01,-0.8660254037844384,-0.5000000000000004,SW_monsoon,0.0,0,None,5.0,1,Fire,0.0,0,None
Anuradhapura|Unknown,2022,9,Anuradhapura,Unknown,10.0,7.0,0.0,0.0,0.0,0.0,0.0,0.0,0.0,0.0,0.0,0.0,0.0,10.0,0.0,51.0,Weapons/Traps,78.0,1,2022-09-01,-1.0,-1.8369701987210297e-16,SW_monsoon,21.0,1,Encroachment/Land,0.0,0,None,5.0,1,Fire
Anuradhapura|Unknown,2022,10,Anuradhapura,Unknown,0.0,0.0,0.0,0.0,0.0,0.0,0.0,0.0,0.0,0.0,0.0,0.0,0.0,0.0,0.0,0.0,None,0.0,0,2022-10-01,-0.8660254037844386,0.5000000000000001,Inter_OctNov,78.0,1,Weapons/Traps,21.0,1,Encroachment/Land,0.0,0,None
Anuradhapura|Unknown,2022,11,Anuradhapura,Unknown,0.0,0.0,0.0,0.0,0.0,0.0,0.0,0.0,0.0,0.0,0.0,15.0,0.0,9.0,0.0,30.0,Weapons/Traps,54.0,1,2022-11-01,-0.5000000000000004,0.8660254037844384,Inter_OctNov,0.0,0,None,78.0,1,Weapons/Traps,21.0,1,Encroachment/Land
Anuradhapura|Unknown,2022,12,Anuradhapura,Unknown,10.0,0.0,0.0,0.0,0.0,0.0,0.0,21.0,0.0,0.0,0.0,9.0,0.0,23.0,0.0,0.0,Hunting/Killing,63.0,1,2022-12-01,-2.4492935982947064e-16,1.0,NE_monsoon,54.0,1,Weapons/Traps,0.0,0,None,78.0,1,Weapons/Traps
Anuradhapura|Unknown,2023,1,Anuradhapura,Unknown,0.0,0.0,0.0,0.0,0.0,0.0,0.0,47.0,60.0,0.0,0.0,80.0,0.0,64.0,0.0,201.0,Weapons/Traps,452.0,1,2023-01-01,0.49999999999999994,0.8660254037844387,NE_monsoon,63.0,1,Hunting/Killing,54.0,1,Weapons/Traps,0.0,0,None
Anuradhapura|Unknown,2023,2,Anuradhapura,Unknown,23.0,0.0,0.0,0.0,0.0,0.0,0.0,50.0,0.0,0.0,0.0,34.0,11.0,30.0,0.0,75.0,Weapons/Traps,223.0,1,2023-02-01,0.8660254037844386,0.5000000000000001,NE_monsoon,452.0,1,Weapons/Traps,63.0,1,Hunting/Killing,54.0,1,Weapons/Traps
Anuradhapura|Unknown,2023,3,Anuradhapura,Unknown,23.0,0.0,0.0,0.0,0.0,0.0,0.0,14.0,0.0,0.0,22.0,32.0,0.0,16.0,0.0,63.0,Weapons/Traps,170.0,1,2023-03-01,1.0,6.123233995736766e-17,Inter_MarApr,223.0,1,Weapons/Traps,452.0,1,Weapons/Traps,63.0,1,Hunting/Killing
Anuradhapura|Unknown,2023,4,Anuradhapura,Unknown,5.0,0.0,0.0,0.0,0.0,0.0,0.0,0.0,0.0,0.0,0.0,13.0,0.0,11.0,0.0,18.0,Weapons/Traps,47.0,1,2023-04-01,0.8660254037844387,-0.4999999999999998,Inter_MarApr,170.0,1,Weapons/Traps,223.0,1,Weapons/Traps,452.0,1,Weapons/Traps
Anuradhapura|Unknown,2023,5,Anuradhapura,Unknown,21.0,6.0,0.0,0.0,0.0,0.0,0.0,0.0,0.0,0.0,0.0,30.0,0.0,0.0,0.0,90.0,Weapons/Traps,147.0,1,2023-05-01,0.49999999999999994,-0.8660254037844387,SW_monsoon,47.0,1,Weapons/Traps,170.0,1,Weapons/Traps,223.0,1,Weapons/Traps
Anuradhapura|Unknown,2023,6,Anuradhapura,Unknown,0.0,0.0,0.0,0.0,0.0,0.0,0.0,5.0,14.0,0.0,0.0,15.0,0.0,0.0,0.0,0.0,Meat/Egg Trade,34.0,1,2023-06-01,1.2246467991473532e-16,-1.0,SW_monsoon,147.0,1,Weapons/Traps,47.0,1,Weapons/Traps,170.0,1,Weapons/Traps
Anuradhapura|Unknown,2023,7,Anuradhapura,Unknown,31.0,0.0,0.0,0.0,0.0,0.0,0.0,18.0,0.0,0.0,0.0,34.0,0.0,8.0,0.0,9.0,Meat/Egg Trade,100.0,1,2023-07-01,-0.4999999999999997,-0.8660254037844388,SW_monsoon,34.0,1,Meat/Egg Trade,147.0,1,Weapons/Traps,47.0,1,Weapons/Traps
Anuradhapura|Unknown,2023,8,Anuradhapura,Unknown,0.0,0.0,0.0,0.0,0.0,0.0,2.0,0.0,0.0,0.0,0.0,69.0,0.0,35.0,0.0,24.0,Meat/Egg Trade,130.0,1,2023-08-01,-0.8660254037844384,-0.5000000000000004,SW_monsoon,100.0,1,Meat/Egg Trade,34.0,1,Meat/Egg Trade,147.0,1,Weapons/Traps
Anuradhapura|Unknown,2023,9,Anuradhapura,Unknown,11.0,0.0,0.0,0.0,0.0,0.0,0.0,7.0,3.0,0.0,0.0,8.0,0.0,0.0,0.0,9.0,Animal Death/Injury,38.0,1,2023-09-01,-1.0,-1.8369701987210297e-16,SW_monsoon,130.0,1,Meat/Egg Trade,100.0,1,Meat/Egg Trade,34.0,1,Meat/Egg Trade
Anuradhapura|Unknown,2023,10,Anuradhapura,Unknown,0.0,0.0,0.0,0.0,0.0,0.0,0.0,0.0,0.0,0.0,0.0,0.0,0.0,0.0,0.0,0.0,None,0.0,0,2023-10-01,-0.8660254037844386,0.5000000000000001,Inter_OctNov,38.0,1,Animal Death/Injury,130.0,1,Meat/Egg Trade,100.0,1,Meat/Egg Trade
Anuradhapura|Unknown,2023,11,Anuradhapura,Unknown,21.0,0.0,0.0,0.0,0.0,0.0,0.0,10.0,0.0,0.0,0.0,11.0,0.0,0.0,0.0,8.0,Animal Death/Injury,50.0,1,2023-11-01,-0.5000000000000004,0.8660254037844384,Inter_OctNov,0.0,0,None,38.0,1,Animal Death/Injury,130.0,1,Meat/Egg Trade
Anuradhapura|Unknown,2023,12,Anuradhapura,Unknown,10.0,0.0,0.0,0.0,0.0,0.0,0.0,16.0,0.0,0.0,0.0,9.0,0.0,0.0,0.0,1.0,Hunting/Killing,36.0,1,2023-12-01,-2.4492935982947064e-16,1.0,NE_monsoon,50.0,1,Animal Death/Injury,0.0,0,None,38.0,1,Animal Death/Injury
Anuradhapura|Unknown,2024,1,Anuradhapura,Unknown,0.0,0.0,0.0,0.0,0.0,0.0,0.0,0.0,0.0,0.0,0.0,151.0,0.0,25.0,0.0,69.0,Meat/Egg Trade,245.0,1,2024-01-01,0.49999999999999994,0.8660254037844387,NE_monsoon,36.0,1,Hunting/Killing,50.0,1,Animal Death/Injury,0.0,0,None
Anuradhapura|Unknown,2024,2,Anuradhapura,Unknown,0.0,0.0,0.0,0.0,0.0,0.0,0.0,0.0,0.0,0.0,0.0,0.0,0.0,4.0,0.0,0.0,Other,4.0,1,2024-02-01,0.8660254037844386,0.5000000000000001,NE_monsoon,245.0,1,Meat/Egg Trade,36.0,1,Hunting/Killing,50.0,1,Animal Death/Injury
Anuradhapura|Unknown,2024,3,Anuradhapura,Unknown,0.0,0.0,7.0,0.0,0.0,0.0,0.0,0.0,0.0,0.0,0.0,9.0,0.0,5.0,0.0,0.0,Meat/Egg Trade,21.0,1,2024-03-01,1.0,6.123233995736766e-17,Inter_MarApr,4.0,1,Other,245.0,1,Meat/Egg Trade,36.0,1,Hunting/Killing
Anuradhapura|Unknown,2024,4,Anuradhapura,Unknown,0.0,3.0,0.0,0.0,0.0,0.0,0.0,0.0,0.0,0.0,0.0,19.0,0.0,21.0,0.0,0.0,Meat/Egg Trade,43.0,1,2024-04-01,0.8660254037844387,-0.4999999999999998,Inter_MarApr,21.0,1,Meat/Egg Trade,4.0,1,Other,245.0,1,Meat/Egg Trade
Anuradhapura|Unknown,2024,5,Anuradhapura,Unknown,0.0,0.0,0.0,0.0,0.0,0.0,0.0,0.0,0.0,0.0,0.0,36.0,0.0,48.0,0.0,30.0,Meat/Egg Trade,114.0,1,2024-05-01,0.49999999999999994,-0.8660254037844387,SW_monsoon,43.0,1,Meat/Egg Trade,21.0,1,Meat/Egg Trade,4.0,1,Other
Anuradhapura|Unknown,2024,6,Anuradhapura,Unknown,0.0,0.0,0.0,0.0,0.0,0.0,0.0,0.0,0.0,0.0,0.0,0.0,0.0,8.0,0.0,8.0,Weapons/Traps,16.0,1,2024-06-01,1.2246467991473532e-16,-1.0,SW_monsoon,114.0,1,Meat/Egg Trade,43.0,1,Meat/Egg Trade,21.0,1,Meat/Egg Trade
Anuradhapura|Unknown,2024,7,Anuradhapura,Unknown,0.0,8.0,0.0,0.0,0.0,0.0,0.0,0.0,0.0,0.0,0.0,6.0,0.0,9.0,0.0,7.0,Animal Parts Trade,30.0,1,2024-07-01,-0.4999999999999997,-0.8660254037844388,SW_monsoon,16.0,1,Weapons/Traps,114.0,1,Meat/Egg Trade,43.0,1,Meat/Egg Trade
Anuradhapura|Unknown,2024,8,Anuradhapura,Unknown,0.0,0.0,0.0,0.0,0.0,0.0,0.0,11.0,0.0,0.0,0.0,35.0,0.0,2.0,0.0,42.0,Weapons/Traps,90.0,1,2024-08-01,-0.8660254037844384,-0.5000000000000004,SW_monsoon,30.0,1,Animal Parts Trade,16.0,1,Weapons/Traps,114.0,1,Meat/Egg Trade
Anuradhapura|Unknown,2024,9,Anuradhapura,Unknown,0.0,0.0,0.0,0.0,0.0,0.0,0.0,0.0,0.0,0.0,0.0,12.0,0.0,9.0,0.0,0.0,Meat/Egg Trade,21.0,1,2024-09-01,-1.0,-1.8369701987210297e-16,SW_monsoon,90.0,1,Weapons/Traps,30.0,1,Animal Parts Trade,16.0,1,Weapons/Traps
Anuradhapura|Unknown,2024,10,Anuradhapura,Unknown,0.0,0.0,0.0,0.0,0.0,0.0,0.0,0.0,0.0,0.0,0.0,0.0,0.0,0.0,0.0,0.0,None,0.0,0,2024-10-01,-0.8660254037844386,0.5000000000000001,Inter_OctNov,21.0,1,Meat/Egg Trade,90.0,1,Weapons/Traps,30.0,1,Animal Parts Trade
Anuradhapura|Unknown,2024,11,Anuradhapura,Unknown,0.0,0.0,0.0,0.0,0.0,0.0,0.0,0.0,0.0,0.0,0.0,5.0,0.0,34.0,0.0,18.0,Weapons/Traps,57.0,1,2024-11-01,-0.5000000000000004,0.8660254037844384,Inter_OctNov,0.0,0,None,21.0,1,Meat/Egg Trade,90.0,1,Weapons/Traps
Anuradhapura|Unknown,2024,12,Anuradhapura,Unknown,0.0,0.0,0.0,0.0,0.0,0.0,0.0,0.0,0.0,0.0,0.0,3.0,0.0,2.0,0.0,4.0,Weapons/Traps,9.0,1,2024-12-01,-2.4492935982947064e-16,1.0,NE_monsoon,57.0,1,Weapons/Traps,0.0,0,None,21.0,1,Meat/Egg Trade
Anuradhapura|Wilpaththu NP,2022,1,Anuradhapura,Wilpaththu NP,0.0,0.0,0.0,0.0,0.0,0.0,0.0,0.0,13.0,0.0,0.0,0.0,0.0,0.0,0.0,14.0,Weapons/Traps,27.0,1,2022-01-01,0.49999999999999994,0.8660254037844387,NE_monsoon,0.0,0,None,0.0,0,None,0.0,0,None
Anuradhapura|Wilpaththu NP,2022,2,Anuradhapura,Wilpaththu NP,0.0,0.0,0.0,0.0,0.0,0.0,0.0,0.0,0.0,0.0,0.0,0.0,0.0,0.0,0.0,0.0,None,0.0,0,2022-02-01,0.8660254037844386,0.5000000000000001,NE_monsoon,27.0,1,Weapons/Traps,0.0,0,None,0.0,0,None
Anuradhapura|Wilpaththu NP,2022,3,Anuradhapura,Wilpaththu NP,0.0,0.0,0.0,0.0,0.0,0.0,0.0,0.0,0.0,0.0,0.0,18.0,0.0,0.0,0.0,0.0,Meat/Egg Trade,18.0,1,2022-03-01,1.0,6.123233995736766e-17,Inter_MarApr,0.0,0,None,27.0,1,Weapons/Traps,0.0,0,None
Anuradhapura|Wilpaththu NP,2022,4,Anuradhapura,Wilpaththu NP,0.0,0.0,0.0,0.0,0.0,0.0,0.0,0.0,0.0,0.0,0.0,0.0,0.0,0.0,0.0,0.0,None,0.0,0,2022-04-01,0.8660254037844387,-0.4999999999999998,Inter_MarApr,18.0,1,Meat/Egg Trade,0.0,0,None,27.0,1,Weapons/Traps
Anuradhapura|Wilpaththu NP,2022,5,Anuradhapura,Wilpaththu NP,0.0,0.0,0.0,0.0,0.0,0.0,0.0,0.0,0.0,0.0,0.0,3.0,0.0,0.0,0.0,5.0,Weapons/Traps,8.0,1,2022-05-01,0.49999999999999994,-0.8660254037844387,SW_monsoon,0.0,0,None,18.0,1,Meat/Egg Trade,0.0,0,None
Anuradhapura|Wilpaththu NP,2022,6,Anuradhapura,Wilpaththu NP,0.0,0.0,0.0,0.0,0.0,0.0,0.0,0.0,0.0,0.0,0.0,0.0,0.0,0.0,0.0,0.0,None,0.0,0,2022-06-01,1.2246467991473532e-16,-1.0,SW_monsoon,8.0,1,Weapons/Traps,0.0,0,None,18.0,1,Meat/Egg Trade
Anuradhapura|Wilpaththu NP,2022,7,Anuradhapura,Wilpaththu NP,0.0,0.0,0.0,0.0,0.0,0.0,0.0,0.0,2.0,0.0,0.0,0.0,0.0,0.0,0.0,0.0,Illegal Entry,2.0,1,2022-07-01,-0.4999999999999997,-0.8660254037844388,SW_monsoon,0.0,0,None,8.0,1,Weapons/Traps,0.0,0,None
Anuradhapura|Wilpaththu NP,2022,8,Anuradhapura,Wilpaththu NP,0.0,0.0,0.0,0.0,0.0,39.0,0.0,0.0,15.0,0.0,0.0,0.0,0.0,0.0,0.0,0.0,Encroachment/Land,54.0,1,2022-08-01,-0.8660254037844384,-0.5000000000000004,SW_monsoon,2.0,1,Illegal Entry,0.0,0,None,8.0,1,Weapons/Traps
Anuradhapura|Wilpaththu NP,2022,9,Anuradhapura,Wilpaththu NP,0.0,0.0,0.0,0.0,0.0,0.0,0.0,0.0,0.0,0.0,0.0,0.0,0.0,0.0,0.0,0.0,None,0.0,0,2022-09-01,-1.0,-1.8369701987210297e-16,SW_monsoon,54.0,1,Encroachment/Land,2.0,1,Illegal Entry,0.0,0,None
Anuradhapura|Wilpaththu NP,2022,10,Anuradhapura,Wilpaththu NP,0.0,0.0,0.0,0.0,0.0,0.0,0.0,0.0,0.0,0.0,0.0,0.0,0.0,0.0,0.0,0.0,None,0.0,0,2022-10-01,-0.8660254037844386,0.5000000000000001,Inter_OctNov,0.0,0,None,54.0,1,Encroachment/Land,2.0,1,Illegal Entry
Anuradhapura|Wilpaththu NP,2022,11,Anuradhapura,Wilpaththu NP,0.0,0.0,0.0,0.0,0.0,0.0,0.0,0.0,0.0,0.0,0.0,0.0,0.0,0.0,0.0,0.0,None,0.0,0,2022-11-01,-0.5000000000000004,0.8660254037844384,Inter_OctNov,0.0,0,None,0.0,0,None,54.0,1,Encroachment/Land
Anuradhapura|Wilpaththu NP,2022,12,Anuradhapura,Wilpaththu NP,0.0,0.0,0.0,0.0,0.0,0.0,0.0,0.0,0.0,0.0,0.0,16.0,0.0,0.0,0.0,56.0,Weapons/Traps,72.0,1,2022-12-01,-2.4492935982947064e-16,1.0,NE_monsoon,0.0,0,None,0.0,0,None,0.0,0,None
Anuradhapura|Wilpaththu NP,2023,1,Anuradhapura,Wilpaththu NP,0.0,0.0,0.0,0.0,0.0,0.0,0.0,0.0,22.0,0.0,0.0,10.0,0.0,13.0,0.0,52.0,Weapons/Traps,97.0,1,2023-01-01,0.49999999999999994,0.8660254037844387,NE_monsoon,72.0,1,Weapons/Traps,0.0,0,None,0.0,0,None
Anuradhapura|Wilpaththu NP,2023,2,Anuradhapura,Wilpaththu NP,0.0,0.0,0.0,0.0,0.0,0.0,0.0,0.0,28.0,0.0,0.0,0.0,0.0,0.0,0.0,0.0,Illegal Entry,28.0,1,2023-02-01,0.8660254037844386,0.5000000000000001,NE_monsoon,97.0,1,Weapons/Traps,72.0,1,Weapons/Traps,0.0,0,None
Anuradhapura|Wilpaththu NP,2023,3,Anuradhapura,Wilpaththu NP,0.0,23.0,0.0,0.0,0.0,0.0,0.0,0.0,7.0,0.0,0.0,13.0,0.0,0.0,0.0,30.0,Weapons/Traps,73.0,1,2023-03-01,1.0,6.123233995736766e-17,Inter_MarApr,28.0,1,Illegal Entry,97.0,1,Weapons/Traps,72.0,1,Weapons/Traps
Anuradhapura|Wilpaththu NP,2023,4,Anuradhapura,Wilpaththu NP,0.0,0.0,0.0,0.0,0.0,0.0,0.0,0.0,0.0,0.0,0.0,0.0,0.0,0.0,0.0,0.0,None,0.0,0,2023-04-01,0.8660254037844387,-0.4999999999999998,Inter_MarApr,73.0,1,Weapons/Traps,28.0,1,Illegal Entry,97.0,1,Weapons/Traps
Anuradhapura|Wilpaththu NP,2023,5,Anuradhapura,Wilpaththu NP,0.0,0.0,0.0,0.0,0.0,0.0,0.0,0.0,0.0,0.0,0.0,0.0,0.0,0.0,0.0,0.0,None,0.0,0,2023-05-01,0.49999999999999994,-0.8660254037844387,SW_monsoon,0.0,0,None,73.0,1,Weapons/Traps,28.0,1,Illegal Entry
Anuradhapura|Wilpaththu NP,2023,6,Anuradhapura,Wilpaththu NP,0.0,0.0,0.0,0.0,0.0,0.0,0.0,0.0,0.0,0.0,0.0,3.0,0.0,0.0,0.0,0.0,Meat/Egg Trade,3.0,1,2023-06-01,1.2246467991473532e-16,-1.0,SW_monsoon,0.0,0,None,0.0,0,None,73.0,1,Weapons/Traps
Anuradhapura|Wilpaththu NP,2023,7,Anuradhapura,Wilpaththu NP,0.0,0.0,0.0,0.0,0.0,0.0,0.0,0.0,0.0,0.0,0.0,0.0,1.0,19.0,0.0,0.0,Mining,20.0,1,2023-07-01,-0.4999999999999997,-0.8660254037844388,SW_monsoon,3.0,1,Meat/Egg Trade,0.0,0,None,0.0,0,None
Anuradhapura|Wilpaththu NP,2023,8,Anuradhapura,Wilpaththu NP,0.0,0.0,0.0,0.0,0.0,0.0,0.0,0.0,0.0,0.0,0.0,0.0,0.0,0.0,0.0,0.0,None,0.0,0,2023-08-01,-0.8660254037844384,-0.5000000000000004,SW_monsoon,20.0,1,Mining,3.0,1,Meat/Egg Trade,0.0,0,None
Anuradhapura|Wilpaththu NP,2023,9,Anuradhapura,Wilpaththu NP,0.0,0.0,0.0,0.0,0.0,0.0,0.0,0.0,0.0,0.0,0.0,2.0,0.0,0.0,0.0,0.0,Meat/Egg Trade,2.0,1,2023-09-01,-1.0,-1.8369701987210297e-16,SW_monsoon,0.0,0,None,20.0,1,Mining,3.0,1,Meat/Egg Trade
Anuradhapura|Wilpaththu NP,2023,10,Anuradhapura,Wilpaththu NP,0.0,0.0,0.0,0.0,0.0,0.0,0.0,0.0,0.0,0.0,0.0,0.0,0.0,0.0,0.0,0.0,None,0.0,0,2023-10-01,-0.8660254037844386,0.5000000000000001,Inter_OctNov,2.0,1,Meat/Egg Trade,0.0,0,None,20.0,1,Mining
Anuradhapura|Wilpaththu NP,2023,11,Anuradhapura,Wilpaththu NP,0.0,0.0,0.0,0.0,0.0,0.0,0.0,0.0,0.0,0.0,0.0,5.0,0.0,7.0,0.0,22.0,Weapons/Traps,34.0,1,2023-11-01,-0.5000000000000004,0.8660254037844384,Inter_OctNov,0.0,0,None,2.0,1,Meat/Egg Trade,0.0,0,None
Anuradhapura|Wilpaththu NP,2023,12,Anuradhapura,Wilpaththu NP,0.0,0.0,0.0,0.0,0.0,0.0,0.0,0.0,0.0,0.0,0.0,0.0,6.0,0.0,0.0,2.0,Mining,8.0,1,2023-12-01,-2.4492935982947064e-16,1.0,NE_monsoon,34.0,1,Weapons/Traps,0.0,0,None,2.0,1,Meat/Egg Trade
Anuradhapura|Wilpaththu NP,2024,1,Anuradhapura,Wilpaththu NP,0.0,0.0,0.0,0.0,0.0,0.0,0.0,0.0,0.0,0.0,0.0,0.0,0.0,0.0,0.0,3.0,Weapons/Traps,3.0,1,2024-01-01,0.49999999999999994,0.8660254037844387,NE_monsoon,8.0,1,Mining,34.0,1,Weapons/Traps,0.0,0,None
Anuradhapura|Wilpaththu NP,2024,2,Anuradhapura,Wilpaththu NP,0.0,0.0,0.0,0.0,0.0,0.0,0.0,0.0,0.0,0.0,0.0,12.0,0.0,0.0,0.0,0.0,Meat/Egg Trade,12.0,1,2024-02-01,0.8660254037844386,0.5000000000000001,NE_monsoon,3.0,1,Weapons/Traps,8.0,1,Mining,34.0,1,Weapons/Traps
Anuradhapura|Wilpaththu NP,2024,3,Anuradhapura,Wilpaththu NP,0.0,0.0,0.0,0.0,0.0,0.0,0.0,0.0,0.0,0.0,0.0,0.0,0.0,0.0,0.0,0.0,None,0.0,0,2024-03-01,1.0,6.123233995736766e-17,Inter_MarApr,12.0,1,Meat/Egg Trade,3.0,1,Weapons/Traps,8.0,1,Mining
Anuradhapura|Wilpaththu NP,2024,4,Anuradhapura,Wilpaththu NP,0.0,0.0,0.0,0.0,0.0,0.0,0.0,0.0,0.0,0.0,0.0,0.0,0.0,0.0,0.0,0.0,None,0.0,0,2024-04-01,0.8660254037844387,-0.4999999999999998,Inter_MarApr,0.0,0,None,12.0,1,Meat/Egg Trade,3.0,1,Weapons/Traps
Anuradhapura|Wilpaththu NP,2024,5,Anuradhapura,Wilpaththu NP,0.0,0.0,0.0,0.0,0.0,0.0,0.0,0.0,21.0,0.0,0.0,0.0,0.0,0.0,0.0,0.0,Illegal Entry,21.0,1,2024-05-01,0.49999999999999994,-0.8660254037844387,SW_monsoon,0.0,0,None,0.0,0,None,12.0,1,Meat/Egg Trade
Anuradhapura|Wilpaththu NP,2024,6,Anuradhapura,Wilpaththu NP,0.0,0.0,0.0,0.0,0.0,0.0,0.0,0.0,0.0,0.0,0.0,14.0,0.0,0.0,0.0,0.0,Meat/Egg Trade,14.0,1,2024-06-01,1.2246467991473532e-16,-1.0,SW_monsoon,21.0,1,Illegal Entry,0.0,0,None,0.0,0,None
Anuradhapura|Wilpaththu NP,2024,7,Anuradhapura,Wilpaththu NP,0.0,0.0,0.0,0.0,0.0,0.0,0.0,0.0,0.0,0.0,0.0,0.0,0.0,0.0,0.0,13.0,Weapons/Traps,13.0,1,2024-07-01,-0.4999999999999997,-0.8660254037844388,SW_monsoon,14.0,1,Meat/Egg Trade,21.0,1,Illegal Entry,0.0,0,None
Anuradhapura|Wilpaththu NP,2024,8,Anuradhapura,Wilpaththu NP,0.0,0.0,0.0,0.0,0.0,0.0,0.0,0.0,0.0,0.0,0.0,0.0,0.0,0.0,0.0,0.0,None,0.0,0,2024-08-01,-0.8660254037844384,-0.5000000000000004,SW_monsoon,13.0,1,Weapons/Traps,14.0,1,Meat/Egg Trade,21.0,1,Illegal Entry
Anuradhapura|Wilpaththu NP,2024,9,Anuradhapura,Wilpaththu NP,0.0,0.0,0.0,0.0,0.0,0.0,0.0,0.0,7.0,0.0,0.0,0.0,0.0,0.0,0.0,6.0,Illegal Entry,13.0,1,2024-09-01,-1.0,-1.8369701987210297e-16,SW_monsoon,0.0,0,None,13.0,1,Weapons/Traps,14.0,1,Meat/Egg Trade
Anuradhapura|Wilpaththu NP,2024,10,Anuradhapura,Wilpaththu NP,0.0,0.0,0.0,0.0,0.0,0.0,0.0,0.0,0.0,0.0,0.0,0.0,0.0,0.0,0.0,0.0,None,0.0,0,2024-10-01,-0.8660254037844386,0.5000000000000001,Inter_OctNov,13.0,1,Illegal Entry,0.0,0,None,13.0,1,Weapons/Traps
Anuradhapura|Wilpaththu NP,2024,11,Anuradhapura,Wilpaththu NP,0.0,0.0,0.0,7.0,0.0,0.0,0.0,0.0,0.0,0.0,0.0,0.0,0.0,0.0,0.0,0.0,Domestic Animal Trespass,7.0,1,2024-11-01,-0.5000000000000004,0.8660254037844384,Inter_OctNov,0.0,0,None,13.0,1,Illegal Entry,0.0,0,None
Anuradhapura|Wilpaththu NP,2024,12,Anuradhapura,Wilpaththu NP,0.0,0.0,0.0,0.0,0.0,0.0,0.0,0.0,0.0,0.0,0.0,0.0,0.0,0.0,0.0,0.0,None,0.0,0,2024-12-01,-2.4492935982947064e-16,1.0,NE_monsoon,7.0,1,Domestic Animal Trespass,0.0,0,None,13.0,1,Illegal Entry
Central|Galway's Land NP,2022,1,Central,Galway's Land NP,0.0,0.0,0.0,0.0,0.0,0.0,0.0,0.0,0.0,0.0,0.0,0.0,0.0,0.0,0.0,0.0,None,0.0,0,2022-01-01,0.49999999999999994,0.8660254037844387,NE_monsoon,0.0,0,None,0.0,0,None,0.0,0,None
Central|Galway's Land NP,2022,2,Central,Galway's Land NP,0.0,0.0,0.0,0.0,0.0,0.0,0.0,0.0,0.0,0.0,0.0,0.0,0.0,0.0,0.0,0.0,None,0.0,0,2022-02-01,0.8660254037844386,0.5000000000000001,NE_monsoon,0.0,0,None,0.0,0,None,0.0,0,None
Central|Galway's Land NP,2022,3,Central,Galway's Land NP,0.0,0.0,0.0,0.0,0.0,0.0,0.0,0.0,0.0,0.0,0.0,0.0,0.0,0.0,0.0,0.0,None,0.0,0,2022-03-01,1.0,6.123233995736766e-17,Inter_MarApr,0.0,0,None,0.0,0,None,0.0,0,None
Central|Galway's Land NP,2022,4,Central,Galway's Land NP,0.0,0.0,0.0,0.0,0.0,0.0,0.0,0.0,0.0,0.0,0.0,0.0,0.0,0.0,0.0,0.0,None,0.0,0,2022-04-01,0.8660254037844387,-0.4999999999999998,Inter_MarApr,0.0,0,None,0.0,0,None,0.0,0,None
Central|Galway's Land NP,2022,5,Central,Galway's Land NP,0.0,0.0,0.0,0.0,0.0,0.0,0.0,0.0,0.0,0.0,0.0,0.0,0.0,0.0,0.0,0.0,None,0.0,0,2022-05-01,0.49999999999999994,-0.8660254037844387,SW_monsoon,0.0,0,None,0.0,0,None,0.0,0,None
Central|Galway's Land NP,2022,6,Central,Galway's Land NP,0.0,0.0,0.0,0.0,0.0,0.0,0.0,0.0,0.0,0.0,0.0,0.0,0.0,0.0,0.0,0.0,None,0.0,0,2022-06-01,1.2246467991473532e-16,-1.0,SW_monsoon,0.0,0,None,0.0,0,None,0.0,0,None
Central|Galway's Land NP,2022,7,Central,Galway's Land NP,0.0,0.0,0.0,0.0,0.0,0.0,0.0,0.0,0.0,0.0,0.0,0.0,0.0,0.0,0.0,0.0,None,0.0,0,2022-07-01,-0.4999999999999997,-0.8660254037844388,SW_monsoon,0.0,0,None,0.0,0,None,0.0,0,None
Central|Galway's Land NP,2022,8,Central,Galway's Land NP,0.0,0.0,0.0,0.0,0.0,0.0,0.0,0.0,0.0,0.0,0.0,0.0,0.0,0.0,0.0,0.0,None,0.0,0,2022-08-01,-0.8660254037844384,-0.5000000000000004,SW_monsoon,0.0,0,None,0.0,0,None,0.0,0,None
Central|Galway's Land NP,2022,9,Central,Galway's Land NP,0.0,0.0,0.0,0.0,0.0,0.0,0.0,0.0,0.0,0.0,0.0,0.0,0.0,0.0,0.0,0.0,None,0.0,0,2022-09-01,-1.0,-1.8369701987210297e-16,SW_monsoon,0.0,0,None,0.0,0,None,0.0,0,None
Central|Galway's Land NP,2022,10,Central,Galway's Land NP,0.0,0.0,0.0,0.0,0.0,0.0,0.0,0.0,0.0,0.0,0.0,0.0,0.0,0.0,0.0,0.0,None,0.0,0,2022-10-01,-0.8660254037844386,0.5000000000000001,Inter_OctNov,0.0,0,None,0.0,0,None,0.0,0,None
Central|Galway's Land NP,2022,11,Central,Galway's Land NP,0.0,0.0,0.0,0.0,0.0,0.0,0.0,0.0,0.0,0.0,0.0,0.0,0.0,0.0,0.0,0.0,None,0.0,0,2022-11-01,-0.5000000000000004,0.8660254037844384,Inter_OctNov,0.0,0,None,0.0,0,None,0.0,0,None
Central|Galway's Land NP,2022,12,Central,Galway's Land NP,0.0,0.0,0.0,0.0,0.0,0.0,0.0,0.0,0.0,0.0,0.0,0.0,0.0,0.0,0.0,0.0,None,0.0,0,2022-12-01,-2.4492935982947064e-16,1.0,NE_monsoon,0.0,0,None,0.0,0,None,0.0,0,None
Central|Galway's Land NP,2023,1,Central,Galway's Land NP,0.0,0.0,0.0,0.0,0.0,0.0,0.0,0.0,0.0,0.0,0.0,0.0,0.0,0.0,0.0,0.0,None,0.0,0,2023-01-01,0.49999999999999994,0.8660254037844387,NE_monsoon,0.0,0,None,0.0,0,None,0.0,0,None
Central|Galway's Land NP,2023,2,Central,Galway's Land NP,0.0,0.0,0.0,0.0,0.0,0.0,0.0,0.0,0.0,0.0,0.0,0.0,0.0,0.0,0.0,0.0,None,0.0,0,2023-02-01,0.8660254037844386,0.5000000000000001,NE_monsoon,0.0,0,None,0.0,0,None,0.0,0,None
Central|Galway's Land NP,2023,3,Central,Galway's Land NP,0.0,0.0,0.0,0.0,0.0,0.0,0.0,0.0,0.0,0.0,0.0,0.0,0.0,0.0,0.0,0.0,None,0.0,0,2023-03-01,1.0,6.123233995736766e-17,Inter_MarApr,0.0,0,None,0.0,0,None,0.0,0,None
Central|Galway's Land NP,2023,4,Central,Galway's Land NP,0.0,0.0,0.0,0.0,0.0,0.0,0.0,0.0,0.0,0.0,0.0,0.0,0.0,0.0,0.0,0.0,None,0.0,0,2023-04-01,0.8660254037844387,-0.4999999999999998,Inter_MarApr,0.0,0,None,0.0,0,None,0.0,0,None
Central|Galway's Land NP,2023,5,Central,Galway's Land NP,0.0,0.0,0.0,0.0,0.0,0.0,0.0,0.0,0.0,0.0,0.0,0.0,0.0,0.0,0.0,11.0,Weapons/Traps,11.0,1,2023-05-01,0.49999999999999994,-0.8660254037844387,SW_monsoon,0.0,0,None,0.0,0,None,0.0,0,None
Central|Galway's Land NP,2023,6,Central,Galway's Land NP,0.0,0.0,0.0,0.0,0.0,0.0,0.0,0.0,0.0,0.0,0.0,0.0,0.0,0.0,0.0,0.0,None,0.0,0,2023-06-01,1.2246467991473532e-16,-1.0,SW_monsoon,11.0,1,Weapons/Traps,0.0,0,None,0.0,0,None
Central|Galway's Land NP,2023,7,Central,Galway's Land NP,0.0,0.0,0.0,0.0,0.0,0.0,0.0,0.0,0.0,0.0,0.0,0.0,0.0,0.0,0.0,0.0,None,0.0,0,2023-07-01,-0.4999999999999997,-0.8660254037844388,SW_monsoon,0.0,0,None,11.0,1,Weapons/Traps,0.0,0,None
Central|Galway's Land NP,2023,8,Central,Galway's Land NP,0.0,0.0,0.0,0.0,0.0,0.0,0.0,0.0,0.0,0.0,0.0,0.0,0.0,0.0,0.0,0.0,None,0.0,0,2023-08-01,-0.8660254037844384,-0.5000000000000004,SW_monsoon,0.0,0,None,0.0,0,None,11.0,1,Weapons/Traps
Central|Galway's Land NP,2023,9,Central,Galway's Land NP,0.0,0.0,0.0,0.0,0.0,0.0,0.0,0.0,0.0,0.0,0.0,0.0,0.0,0.0,0.0,0.0,None,0.0,0,2023-09-01,-1.0,-1.8369701987210297e-16,SW_monsoon,0.0,0,None,0.0,0,None,0.0,0,None
Central|Galway's Land NP,2023,10,Central,Galway's Land NP,0.0,0.0,0.0,0.0,0.0,0.0,0.0,0.0,0.0,0.0,0.0,0.0,0.0,0.0,0.0,0.0,None,0.0,0,2023-10-01,-0.8660254037844386,0.5000000000000001,Inter_OctNov,0.0,0,None,0.0,0,None,0.0,0,None
Central|Galway's Land NP,2023,11,Central,Galway's Land NP,0.0,0.0,0.0,0.0,0.0,0.0,0.0,0.0,0.0,0.0,0.0,0.0,0.0,0.0,0.0,0.0,None,0.0,0,2023-11-01,-0.5000000000000004,0.8660254037844384,Inter_OctNov,0.0,0,None,0.0,0,None,0.0,0,None
Central|Galway's Land NP,2023,12,Central,Galway's Land NP,0.0,0.0,0.0,0.0,0.0,0.0,0.0,0.0,0.0,0.0,0.0,0.0,0.0,0.0,0.0,0.0,None,0.0,0,2023-12-01,-2.4492935982947064e-16,1.0,NE_monsoon,0.0,0,None,0.0,0,None,0.0,0,None
Central|Galway's Land NP,2024,1,Central,Galway's Land NP,0.0,0.0,0.0,0.0,0.0,0.0,0.0,0.0,0.0,0.0,0.0,0.0,0.0,0.0,0.0,0.0,None,0.0,0,2024-01-01,0.49999999999999994,0.8660254037844387,NE_monsoon,0.0,0,None,0.0,0,None,0.0,0,None
Central|Galway's Land NP,2024,2,Central,Galway's Land NP,0.0,0.0,0.0,0.0,0.0,0.0,0.0,0.0,5.0,0.0,0.0,0.0,0.0,0.0,0.0,0.0,Illegal Entry,5.0,1,2024-02-01,0.8660254037844386,0.5000000000000001,NE_monsoon,0.0,0,None,0.0,0,None,0.0,0,None
Central|Galway's Land NP,2024,3,Central,Galway's Land NP,0.0,0.0,0.0,0.0,0.0,0.0,0.0,0.0,0.0,0.0,0.0,0.0,0.0,0.0,0.0,0.0,None,0.0,0,2024-03-01,1.0,6.123233995736766e-17,Inter_MarApr,5.0,1,Illegal Entry,0.0,0,None,0.0,0,None
Central|Galway's Land NP,2024,4,Central,Galway's Land NP,0.0,0.0,0.0,0.0,0.0,0.0,0.0,0.0,0.0,0.0,0.0,0.0,0.0,0.0,0.0,0.0,None,0.0,0,2024-04-01,0.8660254037844387,-0.4999999999999998,Inter_MarApr,0.0,0,None,5.0,1,Illegal Entry,0.0,0,None
Central|Galway's Land NP,2024,5,Central,Galway's Land NP,0.0,0.0,0.0,0.0,0.0,0.0,0.0,0.0,9.0,0.0,0.0,0.0,0.0,0.0,0.0,0.0,Illegal Entry,9.0,1,2024-05-01,0.49999999999999994,-0.8660254037844387,SW_monsoon,0.0,0,None,0.0,0,None,5.0,1,Illegal Entry
Central|Galway's Land NP,2024,6,Central,Galway's Land NP,0.0,0.0,0.0,0.0,0.0,0.0,0.0,0.0,0.0,0.0,0.0,0.0,0.0,0.0,0.0,0.0,None,0.0,0,2024-06-01,1.2246467991473532e-16,-1.0,SW_monsoon,9.0,1,Illegal Entry,0.0,0,None,0.0,0,None
Central|Galway's Land NP,2024,7,Central,Galway's Land NP,0.0,0.0,0.0,0.0,0.0,0.0,0.0,0.0,0.0,0.0,0.0,0.0,0.0,0.0,0.0,0.0,None,0.0,0,2024-07-01,-0.4999999999999997,-0.8660254037844388,SW_monsoon,0.0,0,None,9.0,1,Illegal Entry,0.0,0,None
Central|Galway's Land NP,2024,8,Central,Galway's Land NP,0.0,0.0,0.0,0.0,0.0,0.0,0.0,0.0,0.0,0.0,0.0,0.0,0.0,0.0,0.0,0.0,None,0.0,0,2024-08-01,-0.8660254037844384,-0.5000000000000004,SW_monsoon,0.0,0,None,0.0,0,None,9.0,1,Illegal Entry
Central|Galway's Land NP,2024,9,Central,Galway's Land NP,0.0,0.0,0.0,0.0,0.0,0.0,0.0,0.0,0.0,0.0,0.0,0.0,0.0,0.0,0.0,0.0,None,0.0,0,2024-09-01,-1.0,-1.8369701987210297e-16,SW_monsoon,0.0,0,None,0.0,0,None,0.0,0,None
Central|Galway's Land NP,2024,10,Central,Galway's Land NP,0.0,0.0,0.0,0.0,0.0,0.0,0.0,0.0,0.0,0.0,0.0,0.0,0.0,0.0,0.0,0.0,None,0.0,0,2024-10-01,-0.8660254037844386,0.5000000000000001,Inter_OctNov,0.0,0,None,0.0,0,None,0.0,0,None
Central|Galway's Land NP,2024,11,Central,Galway's Land NP,0.0,0.0,0.0,0.0,0.0,0.0,0.0,0.0,0.0,0.0,0.0,0.0,0.0,0.0,0.0,0.0,None,0.0,0,2024-11-01,-0.5000000000000004,0.8660254037844384,Inter_OctNov,0.0,0,None,0.0,0,None,0.0,0,None
Central|Galway's Land NP,2024,12,Central,Galway's Land NP,0.0,0.0,0.0,0.0,0.0,0.0,0.0,0.0,0.0,0.0,0.0,0.0,0.0,0.0,0.0,0.0,None,0.0,0,2024-12-01,-2.4492935982947064e-16,1.0,NE_monsoon,0.0,0,None,0.0,0,None,0.0,0,None
Central|Hakgala SNR,2022,1,Central,Hakgala SNR,0.0,0.0,0.0,0.0,0.0,0.0,0.0,0.0,0.0,0.0,0.0,0.0,0.0,0.0,0.0,0.0,None,0.0,0,2022-01-01,0.49999999999999994,0.8660254037844387,NE_monsoon,0.0,0,None,0.0,0,None,0.0,0,None
Central|Hakgala SNR,2022,2,Central,Hakgala SNR,0.0,0.0,0.0,0.0,0.0,0.0,0.0,0.0,0.0,0.0,0.0,0.0,0.0,0.0,0.0,0.0,None,0.0,0,2022-02-01,0.8660254037844386,0.5000000000000001,NE_monsoon,0.0,0,None,0.0,0,None,0.0,0,None
Central|Hakgala SNR,2022,3,Central,Hakgala SNR,0.0,0.0,0.0,0.0,0.0,0.0,0.0,0.0,0.0,0.0,0.0,0.0,0.0,0.0,0.0,0.0,None,0.0,0,2022-03-01,1.0,6.123233995736766e-17,Inter_MarApr,0.0,0,None,0.0,0,None,0.0,0,None
Central|Hakgala SNR,2022,4,Central,Hakgala SNR,0.0,0.0,0.0,0.0,0.0,0.0,0.0,0.0,0.0,0.0,0.0,0.0,0.0,0.0,0.0,0.0,None,0.0,0,2022-04-01,0.8660254037844387,-0.4999999999999998,Inter_MarApr,0.0,0,None,0.0,0,None,0.0,0,None
Central|Hakgala SNR,2022,5,Central,Hakgala SNR,0.0,0.0,0.0,0.0,0.0,0.0,0.0,0.0,0.0,0.0,0.0,0.0,0.0,0.0,0.0,0.0,None,0.0,0,2022-05-01,0.49999999999999994,-0.8660254037844387,SW_monsoon,0.0,0,None,0.0,0,None,0.0,0,None
Central|Hakgala SNR,2022,6,Central,Hakgala SNR,0.0,0.0,0.0,0.0,0.0,0.0,0.0,0.0,0.0,0.0,0.0,0.0,0.0,0.0,0.0,0.0,None,0.0,0,2022-06-01,1.2246467991473532e-16,-1.0,SW_monsoon,0.0,0,None,0.0,0,None,0.0,0,None
Central|Hakgala SNR,2022,7,Central,Hakgala SNR,0.0,0.0,0.0,0.0,0.0,0.0,0.0,0.0,0.0,0.0,0.0,0.0,0.0,0.0,0.0,0.0,None,0.0,0,2022-07-01,-0.4999999999999997,-0.8660254037844388,SW_monsoon,0.0,0,None,0.0,0,None,0.0,0,None
Central|Hakgala SNR,2022,8,Central,Hakgala SNR,0.0,0.0,0.0,0.0,0.0,0.0,0.0,0.0,0.0,0.0,0.0,0.0,0.0,0.0,0.0,0.0,None,0.0,0,2022-08-01,-0.8660254037844384,-0.5000000000000004,SW_monsoon,0.0,0,None,0.0,0,None,0.0,0,None
Central|Hakgala SNR,2022,9,Central,Hakgala SNR,0.0,0.0,0.0,0.0,0.0,0.0,0.0,0.0,0.0,0.0,0.0,0.0,0.0,0.0,0.0,0.0,None,0.0,0,2022-09-01,-1.0,-1.8369701987210297e-16,SW_monsoon,0.0,0,None,0.0,0,None,0.0,0,None
Central|Hakgala SNR,2022,10,Central,Hakgala SNR,0.0,0.0,0.0,0.0,0.0,0.0,0.0,0.0,0.0,0.0,0.0,0.0,0.0,0.0,0.0,0.0,None,0.0,0,2022-10-01,-0.8660254037844386,0.5000000000000001,Inter_OctNov,0.0,0,None,0.0,0,None,0.0,0,None
Central|Hakgala SNR,2022,11,Central,Hakgala SNR,0.0,0.0,0.0,0.0,0.0,0.0,0.0,0.0,0.0,0.0,0.0,0.0,0.0,0.0,0.0,0.0,None,0.0,0,2022-11-01,-0.5000000000000004,0.8660254037844384,Inter_OctNov,0.0,0,None,0.0,0,None,0.0,0,None
Central|Hakgala SNR,2022,12,Central,Hakgala SNR,0.0,0.0,0.0,0.0,0.0,0.0,0.0,0.0,0.0,0.0,0.0,0.0,0.0,0.0,0.0,0.0,None,0.0,0,2022-12-01,-2.4492935982947064e-16,1.0,NE_monsoon,0.0,0,None,0.0,0,None,0.0,0,None
Central|Hakgala SNR,2023,1,Central,Hakgala SNR,0.0,0.0,0.0,0.0,0.0,0.0,0.0,0.0,0.0,0.0,0.0,0.0,0.0,0.0,0.0,0.0,None,0.0,0,2023-01-01,0.49999999999999994,0.8660254037844387,NE_monsoon,0.0,0,None,0.0,0,None,0.0,0,None
Central|Hakgala SNR,2023,2,Central,Hakgala SNR,0.0,5.0,0.0,0.0,0.0,0.0,0.0,0.0,0.0,0.0,0.0,0.0,0.0,0.0,0.0,0.0,Animal Parts Trade,5.0,1,2023-02-01,0.8660254037844386,0.5000000000000001,NE_monsoon,0.0,0,None,0.0,0,None,0.0,0,None
Central|Hakgala SNR,2023,3,Central,Hakgala SNR,0.0,0.0,0.0,0.0,0.0,0.0,0.0,0.0,0.0,0.0,0.0,0.0,0.0,0.0,0.0,0.0,None,0.0,0,2023-03-01,1.0,6.123233995736766e-17,Inter_MarApr,5.0,1,Animal Parts Trade,0.0,0,None,0.0,0,None
Central|Hakgala SNR,2023,4,Central,Hakgala SNR,0.0,0.0,0.0,0.0,0.0,0.0,0.0,0.0,0.0,0.0,0.0,0.0,0.0,0.0,0.0,0.0,None,0.0,0,2023-04-01,0.8660254037844387,-0.4999999999999998,Inter_MarApr,0.0,0,None,5.0,1,Animal Parts Trade,0.0,0,None
Central|Hakgala SNR,2023,5,Central,Hakgala SNR,0.0,0.0,0.0,0.0,0.0,0.0,0.0,0.0,0.0,0.0,0.0,8.0,0.0,10.0,0.0,0.0,Meat/Egg Trade,18.0,1,2023-05-01,0.49999999999999994,-0.8660254037844387,SW_monsoon,0.0,0,None,0.0,0,None,5.0,1,Animal Parts Trade
Central|Hakgala SNR,2023,6,Central,Hakgala SNR,0.0,0.0,0.0,0.0,0.0,0.0,0.0,0.0,0.0,0.0,0.0,3.0,0.0,0.0,0.0,0.0,Meat/Egg Trade,3.0,1,2023-06-01,1.2246467991473532e-16,-1.0,SW_monsoon,18.0,1,Meat/Egg Trade,0.0,0,None,0.0,0,None
Central|Hakgala SNR,2023,7,Central,Hakgala SNR,0.0,0.0,0.0,0.0,0.0,0.0,0.0,0.0,0.0,0.0,0.0,0.0,0.0,0.0,0.0,0.0,None,0.0,0,2023-07-01,-0.4999999999999997,-0.8660254037844388,SW_monsoon,3.0,1,Meat/Egg Trade,18.0,1,Meat/Egg Trade,0.0,0,None
Central|Hakgala SNR,2023,8,Central,Hakgala SNR,0.0,0.0,0.0,0.0,0.0,0.0,0.0,4.0,0.0,0.0,0.0,0.0,0.0,3.0,0.0,0.0,Hunting/Killing,7.0,1,2023-08-01,-0.8660254037844384,-0.5000000000000004,SW_monsoon,0.0,0,None,3.0,1,Meat/Egg Trade,18.0,1,Meat/Egg Trade
Central|Hakgala SNR,2023,9,Central,Hakgala SNR,0.0,0.0,0.0,0.0,0.0,0.0,0.0,0.0,0.0,0.0,0.0,0.0,0.0,0.0,0.0,0.0,None,0.0,0,2023-09-01,-1.0,-1.8369701987210297e-16,SW_monsoon,7.0,1,Hunting/Killing,0.0,0,None,3.0,1,Meat/Egg Trade
Central|Hakgala SNR,2023,10,Central,Hakgala SNR,0.0,0.0,0.0,0.0,0.0,0.0,0.0,0.0,0.0,0.0,0.0,0.0,0.0,0.0,0.0,0.0,None,0.0,0,2023-10-01,-0.8660254037844386,0.5000000000000001,Inter_OctNov,0.0,0,None,7.0,1,Hunting/Killing,0.0,0,None
Central|Hakgala SNR,2023,11,Central,Hakgala SNR,0.0,0.0,0.0,0.0,0.0,0.0,0.0,0.0,0.0,0.0,0.0,0.0,0.0,0.0,0.0,0.0,None,0.0,0,2023-11-01,-0.5000000000000004,0.8660254037844384,Inter_OctNov,0.0,0,None,0.0,0,None,7.0,1,Hunting/Killing
Central|Hakgala SNR,2023,12,Central,Hakgala SNR,0.0,0.0,0.0,0.0,0.0,0.0,0.0,0.0,0.0,0.0,0.0,0.0,0.0,0.0,0.0,0.0,None,0.0,0,2023-12-01,-2.4492935982947064e-16,1.0,NE_monsoon,0.0,0,None,0.0,0,None,0.0,0,None
Central|Hakgala SNR,2024,1,Central,Hakgala SNR,0.0,0.0,0.0,0.0,0.0,0.0,0.0,0.0,6.0,0.0,0.0,2.0,0.0,0.0,0.0,0.0,Illegal Entry,8.0,1,2024-01-01,0.49999999999999994,0.8660254037844387,NE_monsoon,0.0,0,None,0.0,0,None,0.0,0,None
Central|Hakgala SNR,2024,2,Central,Hakgala SNR,0.0,0.0,0.0,0.0,0.0,0.0,0.0,0.0,0.0,0.0,0.0,4.0,0.0,0.0,0.0,0.0,Meat/Egg Trade,4.0,1,2024-02-01,0.8660254037844386,0.5000000000000001,NE_monsoon,8.0,1,Illegal Entry,0.0,0,None,0.0,0,None
Central|Hakgala SNR,2024,3,Central,Hakgala SNR,0.0,2.0,0.0,0.0,0.0,0.0,0.0,0.0,0.0,0.0,0.0,1.0,0.0,0.0,0.0,0.0,Animal Parts Trade,3.0,1,2024-03-01,1.0,6.123233995736766e-17,Inter_MarApr,4.0,1,Meat/Egg Trade,8.0,1,Illegal Entry,0.0,0,None
Central|Hakgala SNR,2024,4,Central,Hakgala SNR,0.0,0.0,0.0,0.0,0.0,0.0,0.0,0.0,0.0,0.0,0.0,0.0,0.0,0.0,0.0,0.0,None,0.0,0,2024-04-01,0.8660254037844387,-0.4999999999999998,Inter_MarApr,3.0,1,Animal Parts Trade,4.0,1,Meat/Egg Trade,8.0,1,Illegal Entry
Central|Hakgala SNR,2024,5,Central,Hakgala SNR,0.0,0.0,0.0,0.0,0.0,0.0,0.0,0.0,0.0,0.0,0.0,0.0,0.0,0.0,0.0,0.0,None,0.0,0,2024-05-01,0.49999999999999994,-0.8660254037844387,SW_monsoon,0.0,0,None,3.0,1,Animal Parts Trade,4.0,1,Meat/Egg Trade
Central|Hakgala SNR,2024,6,Central,Hakgala SNR,0.0,0.0,1.0,0.0,0.0,0.0,0.0,0.0,0.0,0.0,0.0,0.0,0.0,0.0,0.0,0.0,Animal Possession,1.0,1,2024-06-01,1.2246467991473532e-16,-1.0,SW_monsoon,0.0,0,None,0.0,0,None,3.0,1,Animal Parts Trade
Central|Hakgala SNR,2024,7,Central,Hakgala SNR,0.0,0.0,0.0,0.0,0.0,0.0,0.0,0.0,0.0,0.0,0.0,3.0,0.0,0.0,0.0,0.0,Meat/Egg Trade,3.0,1,2024-07-01,-0.4999999999999997,-0.8660254037844388,SW_monsoon,1.0,1,Animal Possession,0.0,0,None,0.0,0,None
Central|Hakgala SNR,2024,8,Central,Hakgala SNR,0.0,4.0,0.0,0.0,0.0,0.0,0.0,0.0,0.0,0.0,0.0,0.0,0.0,0.0,0.0,2.0,Animal Parts Trade,6.0,1,2024-08-01,-0.8660254037844384,-0.5000000000000004,SW_monsoon,3.0,1,Meat/Egg Trade,1.0,1,Animal Possession,0.0,0,None
Central|Hakgala SNR,2024,9,Central,Hakgala SNR,0.0,0.0,0.0,0.0,0.0,0.0,0.0,0.0,0.0,0.0,0.0,0.0,0.0,0.0,0.0,0.0,None,0.0,0,2024-09-01,-1.0,-1.8369701987210297e-16,SW_monsoon,6.0,1,Animal Parts Trade,3.0,1,Meat/Egg Trade,1.0,1,Animal Possession
Central|Hakgala SNR,2024,10,Central,Hakgala SNR,0.0,0.0,0.0,0.0,0.0,0.0,0.0,0.0,0.0,0.0,0.0,0.0,0.0,0.0,0.0,0.0,None,0.0,0,2024-10-01,-0.8660254037844386,0.5000000000000001,Inter_OctNov,0.0,0,None,6.0,1,Animal Parts Trade,3.0,1,Meat/Egg Trade
Central|Hakgala SNR,2024,11,Central,Hakgala SNR,0.0,0.0,0.0,0.0,0.0,0.0,0.0,0.0,0.0,0.0,0.0,3.0,0.0,0.0,0.0,0.0,Meat/Egg Trade,3.0,1,2024-11-01,-0.5000000000000004,0.8660254037844384,Inter_OctNov,0.0,0,None,0.0,0,None,6.0,1,Animal Parts Trade
Central|Hakgala SNR,2024,12,Central,Hakgala SNR,0.0,0.0,0.0,0.0,0.0,0.0,0.0,0.0,0.0,5.0,0.0,0.0,0.0,0.0,0.0,0.0,Illegal Fishing,5.0,1,2024-12-01,-2.4492935982947064e-16,1.0,NE_monsoon,3.0,1,Meat/Egg Trade,0.0,0,None,0.0,0,None
Central|Horton Plains NP,2022,1,Central,Horton Plains NP,0.0,0.0,0.0,0.0,0.0,0.0,0.0,0.0,0.0,0.0,0.0,0.0,0.0,0.0,0.0,0.0,None,0.0,0,2022-01-01,0.49999999999999994,0.8660254037844387,NE_monsoon,0.0,0,None,0.0,0,None,0.0,0,None
Central|Horton Plains NP,2022,2,Central,Horton Plains NP,0.0,0.0,0.0,0.0,0.0,0.0,0.0,0.0,0.0,0.0,0.0,0.0,0.0,0.0,0.0,0.0,None,0.0,0,2022-02-01,0.8660254037844386,0.5000000000000001,NE_monsoon,0.0,0,None,0.0,0,None,0.0,0,None
Central|Horton Plains NP,2022,3,Central,Horton Plains NP,0.0,0.0,0.0,0.0,0.0,0.0,0.0,0.0,0.0,0.0,0.0,0.0,0.0,0.0,0.0,0.0,None,0.0,0,2022-03-01,1.0,6.123233995736766e-17,Inter_MarApr,0.0,0,None,0.0,0,None,0.0,0,None
Central|Horton Plains NP,2022,4,Central,Horton Plains NP,0.0,0.0,0.0,0.0,0.0,0.0,0.0,0.0,0.0,0.0,0.0,0.0,0.0,0.0,0.0,0.0,None,0.0,0,2022-04-01,0.8660254037844387,-0.4999999999999998,Inter_MarApr,0.0,0,None,0.0,0,None,0.0,0,None
Central|Horton Plains NP,2022,5,Central,Horton Plains NP,0.0,0.0,0.0,0.0,0.0,0.0,0.0,0.0,0.0,0.0,0.0,0.0,0.0,0.0,0.0,0.0,None,0.0,0,2022-05-01,0.49999999999999994,-0.8660254037844387,SW_monsoon,0.0,0,None,0.0,0,None,0.0,0,None
Central|Horton Plains NP,2022,6,Central,Horton Plains NP,0.0,0.0,0.0,0.0,0.0,0.0,0.0,0.0,0.0,0.0,0.0,0.0,0.0,0.0,0.0,0.0,None,0.0,0,2022-06-01,1.2246467991473532e-16,-1.0,SW_monsoon,0.0,0,None,0.0,0,None,0.0,0,None
Central|Horton Plains NP,2022,7,Central,Horton Plains NP,0.0,0.0,0.0,0.0,0.0,0.0,0.0,0.0,0.0,0.0,0.0,0.0,0.0,0.0,0.0,0.0,None,0.0,0,2022-07-01,-0.4999999999999997,-0.8660254037844388,SW_monsoon,0.0,0,None,0.0,0,None,0.0,0,None
Central|Horton Plains NP,2022,8,Central,Horton Plains NP,0.0,0.0,0.0,0.0,0.0,0.0,0.0,0.0,0.0,0.0,0.0,0.0,0.0,0.0,0.0,0.0,None,0.0,0,2022-08-01,-0.8660254037844384,-0.5000000000000004,SW_monsoon,0.0,0,None,0.0,0,None,0.0,0,None
Central|Horton Plains NP,2022,9,Central,Horton Plains NP,0.0,0.0,0.0,0.0,0.0,0.0,0.0,0.0,0.0,0.0,0.0,0.0,0.0,0.0,0.0,0.0,None,0.0,0,2022-09-01,-1.0,-1.8369701987210297e-16,SW_monsoon,0.0,0,None,0.0,0,None,0.0,0,None
Central|Horton Plains NP,2022,10,Central,Horton Plains NP,0.0,0.0,0.0,0.0,0.0,0.0,0.0,0.0,0.0,0.0,0.0,0.0,0.0,0.0,0.0,0.0,None,0.0,0,2022-10-01,-0.8660254037844386,0.5000000000000001,Inter_OctNov,0.0,0,None,0.0,0,None,0.0,0,None
Central|Horton Plains NP,2022,11,Central,Horton Plains NP,0.0,0.0,0.0,0.0,0.0,0.0,0.0,0.0,0.0,0.0,0.0,0.0,0.0,0.0,0.0,0.0,None,0.0,0,2022-11-01,-0.5000000000000004,0.8660254037844384,Inter_OctNov,0.0,0,None,0.0,0,None,0.0,0,None
Central|Horton Plains NP,2022,12,Central,Horton Plains NP,0.0,0.0,0.0,0.0,0.0,0.0,0.0,0.0,0.0,0.0,0.0,0.0,0.0,0.0,0.0,0.0,None,0.0,0,2022-12-01,-2.4492935982947064e-16,1.0,NE_monsoon,0.0,0,None,0.0,0,None,0.0,0,None
Central|Horton Plains NP,2023,1,Central,Horton Plains NP,0.0,0.0,0.0,0.0,0.0,0.0,0.0,0.0,0.0,0.0,0.0,0.0,0.0,0.0,0.0,0.0,None,0.0,0,2023-01-01,0.49999999999999994,0.8660254037844387,NE_monsoon,0.0,0,None,0.0,0,None,0.0,0,None
Central|Horton Plains NP,2023,2,Central,Horton Plains NP,0.0,0.0,0.0,0.0,0.0,0.0,0.0,0.0,0.0,0.0,0.0,0.0,0.0,0.0,0.0,0.0,None,0.0,0,2023-02-01,0.8660254037844386,0.5000000000000001,NE_monsoon,0.0,0,None,0.0,0,None,0.0,0,None
Central|Horton Plains NP,2023,3,Central,Horton Plains NP,0.0,0.0,0.0,0.0,0.0,0.0,0.0,0.0,0.0,0.0,0.0,0.0,0.0,0.0,0.0,0.0,None,0.0,0,2023-03-01,1.0,6.123233995736766e-17,Inter_MarApr,0.0,0,None,0.0,0,None,0.0,0,None
Central|Horton Plains NP,2023,4,Central,Horton Plains NP,0.0,0.0,0.0,0.0,0.0,0.0,0.0,0.0,0.0,0.0,0.0,0.0,0.0,0.0,0.0,0.0,None,0.0,0,2023-04-01,0.8660254037844387,-0.4999999999999998,Inter_MarApr,0.0,0,None,0.0,0,None,0.0,0,None
Central|Horton Plains NP,2023,5,Central,Horton Plains NP,0.0,0.0,0.0,0.0,0.0,0.0,0.0,0.0,0.0,0.0,0.0,0.0,0.0,0.0,0.0,0.0,None,0.0,0,2023-05-01,0.49999999999999994,-0.8660254037844387,SW_monsoon,0.0,0,None,0.0,0,None,0.0,0,None
Central|Horton Plains NP,2023,6,Central,Horton Plains NP,0.0,0.0,0.0,0.0,0.0,0.0,0.0,0.0,0.0,0.0,0.0,0.0,0.0,0.0,0.0,0.0,None,0.0,0,2023-06-01,1.2246467991473532e-16,-1.0,SW_monsoon,0.0,0,None,0.0,0,None,0.0,0,None
Central|Horton Plains NP,2023,7,Central,Horton Plains NP,0.0,0.0,0.0,0.0,0.0,0.0,0.0,0.0,0.0,0.0,0.0,0.0,0.0,6.0,0.0,0.0,Other,6.0,1,2023-07-01,-0.4999999999999997,-0.8660254037844388,SW_monsoon,0.0,0,None,0.0,0,None,0.0,0,None
Central|Horton Plains NP,2023,8,Central,Horton Plains NP,0.0,2.0,0.0,0.0,0.0,0.0,0.0,0.0,0.0,0.0,0.0,0.0,0.0,0.0,0.0,0.0,Animal Parts Trade,2.0,1,2023-08-01,-0.8660254037844384,-0.5000000000000004,SW_monsoon,6.0,1,Other,0.0,0,None,0.0,0,None
Central|Horton Plains NP,2023,9,Central,Horton Plains NP,0.0,0.0,0.0,0.0,0.0,0.0,0.0,0.0,6.0,0.0,0.0,0.0,0.0,0.0,0.0,0.0,Illegal Entry,6.0,1,2023-09-01,-1.0,-1.8369701987210297e-16,SW_monsoon,2.0,1,Animal Parts Trade,6.0,1,Other,0.0,0,None
Central|Horton Plains NP,2023,10,Central,Horton Plains NP,0.0,2.0,0.0,0.0,0.0,0.0,0.0,0.0,0.0,0.0,0.0,0.0,0.0,0.0,0.0,0.0,Animal Parts Trade,2.0,1,2023-10-01,-0.8660254037844386,0.5000000000000001,Inter_OctNov,6.0,1,Illegal Entry,2.0,1,Animal Parts Trade,6.0,1,Other
Central|Horton Plains NP,2023,11,Central,Horton Plains NP,0.0,0.0,0.0,0.0,0.0,0.0,0.0,0.0,0.0,0.0,0.0,0.0,0.0,0.0,0.0,0.0,None,0.0,0,2023-11-01,-0.5000000000000004,0.8660254037844384,Inter_OctNov,2.0,1,Animal Parts Trade,6.0,1,Illegal Entry,2.0,1,Animal Parts Trade
Central|Horton Plains NP,2023,12,Central,Horton Plains NP,0.0,0.0,0.0,0.0,0.0,0.0,0.0,0.0,0.0,0.0,0.0,0.0,0.0,0.0,0.0,0.0,None,0.0,0,2023-12-01,-2.4492935982947064e-16,1.0,NE_monsoon,0.0,0,None,2.0,1,Animal Parts Trade,6.0,1,Illegal Entry
Central|Horton Plains NP,2024,1,Central,Horton Plains NP,0.0,0.0,0.0,0.0,0.0,0.0,0.0,0.0,7.0,0.0,0.0,5.0,0.0,0.0,0.0,0.0,Illegal Entry,12.0,1,2024-01-01,0.49999999999999994,0.8660254037844387,NE_monsoon,0.0,0,None,0.0,0,None,2.0,1,Animal Parts Trade
Central|Horton Plains NP,2024,2,Central,Horton Plains NP,0.0,0.0,0.0,0.0,0.0,0.0,0.0,0.0,0.0,0.0,0.0,0.0,0.0,0.0,0.0,0.0,None,0.0,0,2024-02-01,0.8660254037844386,0.5000000000000001,NE_monsoon,12.0,1,Illegal Entry,0.0,0,None,0.0,0,None
Central|Horton Plains NP,2024,3,Central,Horton Plains NP,0.0,0.0,0.0,0.0,0.0,0.0,0.0,0.0,0.0,0.0,0.0,0.0,0.0,0.0,0.0,0.0,None,0.0,0,2024-03-01,1.0,6.123233995736766e-17,Inter_MarApr,0.0,0,None,12.0,1,Illegal Entry,0.0,0,None
Central|Horton Plains NP,2024,4,Central,Horton Plains NP,0.0,0.0,0.0,0.0,0.0,0.0,0.0,0.0,0.0,0.0,0.0,0.0,0.0,0.0,0.0,0.0,None,0.0,0,2024-04-01,0.8660254037844387,-0.4999999999999998,Inter_MarApr,0.0,0,None,0.0,0,None,12.0,1,Illegal Entry
Central|Horton Plains NP,2024,5,Central,Horton Plains NP,0.0,0.0,0.0,0.0,0.0,0.0,0.0,0.0,0.0,0.0,0.0,0.0,0.0,0.0,0.0,0.0,None,0.0,0,2024-05-01,0.49999999999999994,-0.8660254037844387,SW_monsoon,0.0,0,None,0.0,0,None,0.0,0,None
Central|Horton Plains NP,2024,6,Central,Horton Plains NP,0.0,0.0,0.0,0.0,0.0,0.0,0.0,0.0,0.0,0.0,0.0,0.0,0.0,0.0,0.0,0.0,None,0.0,0,2024-06-01,1.2246467991473532e-16,-1.0,SW_monsoon,0.0,0,None,0.0,0,None,0.0,0,None
Central|Horton Plains NP,2024,7,Central,Horton Plains NP,0.0,0.0,0.0,0.0,0.0,0.0,0.0,0.0,0.0,0.0,0.0,0.0,0.0,0.0,0.0,0.0,None,0.0,0,2024-07-01,-0.4999999999999997,-0.8660254037844388,SW_monsoon,0.0,0,None,0.0,0,None,0.0,0,None
Central|Horton Plains NP,2024,8,Central,Horton Plains NP,0.0,0.0,0.0,0.0,0.0,0.0,0.0,0.0,0.0,0.0,0.0,0.0,0.0,3.0,0.0,0.0,Other,3.0,1,2024-08-01,-0.8660254037844384,-0.5000000000000004,SW_monsoon,0.0,0,None,0.0,0,None,0.0,0,None
Central|Horton Plains NP,2024,9,Central,Horton Plains NP,0.0,0.0,0.0,0.0,0.0,0.0,0.0,0.0,0.0,0.0,0.0,0.0,0.0,7.0,0.0,0.0,Other,7.0,1,2024-09-01,-1.0,-1.8369701987210297e-16,SW_monsoon,3.0,1,Other,0.0,0,None,0.0,0,None
Central|Horton Plains NP,2024,10,Central,Horton Plains NP,0.0,0.0,0.0,0.0,0.0,0.0,0.0,0.0,0.0,0.0,0.0,0.0,0.0,0.0,0.0,0.0,None,0.0,0,2024-10-01,-0.8660254037844386,0.5000000000000001,Inter_OctNov,7.0,1,Other,3.0,1,Other,0.0,0,None
Central|Horton Plains NP,2024,11,Central,Horton Plains NP,0.0,0.0,0.0,0.0,0.0,0.0,0.0,0.0,0.0,0.0,0.0,0.0,0.0,0.0,0.0,0.0,None,0.0,0,2024-11-01,-0.5000000000000004,0.8660254037844384,Inter_OctNov,0.0,0,None,7.0,1,Other,3.0,1,Other
Central|Horton Plains NP,2024,12,Central,Horton Plains NP,0.0,0.0,0.0,0.0,0.0,0.0,0.0,0.0,0.0,0.0,0.0,0.0,0.0,0.0,0.0,0.0,None,0.0,0,2024-12-01,-2.4492935982947064e-16,1.0,NE_monsoon,0.0,0,None,0.0,0,None,7.0,1,Other
Central|Peak Wilderness NR,2022,1,Central,Peak Wilderness NR,0.0,0.0,0.0,0.0,0.0,0.0,0.0,0.0,0.0,0.0,0.0,0.0,0.0,0.0,0.0,0.0,None,0.0,0,2022-01-01,0.49999999999999994,0.8660254037844387,NE_monsoon,0.0,0,None,0.0,0,None,0.0,0,None
Central|Peak Wilderness NR,2022,2,Central,Peak Wilderness NR,0.0,0.0,0.0,0.0,0.0,0.0,0.0,0.0,0.0,0.0,0.0,0.0,0.0,0.0,0.0,0.0,None,0.0,0,2022-02-01,0.8660254037844386,0.5000000000000001,NE_monsoon,0.0,0,None,0.0,0,None,0.0,0,None
Central|Peak Wilderness NR,2022,3,Central,Peak Wilderness NR,0.0,0.0,0.0,0.0,0.0,0.0,0.0,0.0,0.0,0.0,0.0,0.0,0.0,0.0,0.0,0.0,None,0.0,0,2022-03-01,1.0,6.123233995736766e-17,Inter_MarApr,0.0,0,None,0.0,0,None,0.0,0,None
Central|Peak Wilderness NR,2022,4,Central,Peak Wilderness NR,0.0,0.0,0.0,0.0,0.0,0.0,0.0,0.0,0.0,0.0,0.0,0.0,0.0,0.0,0.0,0.0,None,0.0,0,2022-04-01,0.8660254037844387,-0.4999999999999998,Inter_MarApr,0.0,0,None,0.0,0,None,0.0,0,None
Central|Peak Wilderness NR,2022,5,Central,Peak Wilderness NR,0.0,0.0,0.0,0.0,0.0,0.0,0.0,0.0,0.0,0.0,0.0,0.0,0.0,0.0,0.0,0.0,None,0.0,0,2022-05-01,0.49999999999999994,-0.8660254037844387,SW_monsoon,0.0,0,None,0.0,0,None,0.0,0,None
Central|Peak Wilderness NR,2022,6,Central,Peak Wilderness NR,0.0,0.0,0.0,0.0,0.0,0.0,0.0,0.0,0.0,0.0,0.0,0.0,0.0,0.0,0.0,0.0,None,0.0,0,2022-06-01,1.2246467991473532e-16,-1.0,SW_monsoon,0.0,0,None,0.0,0,None,0.0,0,None
Central|Peak Wilderness NR,2022,7,Central,Peak Wilderness NR,0.0,0.0,0.0,0.0,0.0,0.0,0.0,0.0,0.0,0.0,0.0,0.0,0.0,0.0,0.0,0.0,None,0.0,0,2022-07-01,-0.4999999999999997,-0.8660254037844388,SW_monsoon,0.0,0,None,0.0,0,None,0.0,0,None
Central|Peak Wilderness NR,2022,8,Central,Peak Wilderness NR,0.0,0.0,0.0,0.0,0.0,0.0,0.0,0.0,0.0,0.0,0.0,0.0,0.0,0.0,0.0,0.0,None,0.0,0,2022-08-01,-0.8660254037844384,-0.5000000000000004,SW_monsoon,0.0,0,None,0.0,0,None,0.0,0,None
Central|Peak Wilderness NR,2022,9,Central,Peak Wilderness NR,0.0,0.0,0.0,0.0,0.0,0.0,0.0,0.0,0.0,0.0,0.0,0.0,0.0,0.0,0.0,0.0,None,0.0,0,2022-09-01,-1.0,-1.8369701987210297e-16,SW_monsoon,0.0,0,None,0.0,0,None,0.0,0,None
Central|Peak Wilderness NR,2022,10,Central,Peak Wilderness NR,0.0,0.0,0.0,0.0,0.0,0.0,0.0,0.0,0.0,0.0,0.0,0.0,0.0,0.0,0.0,0.0,None,0.0,0,2022-10-01,-0.8660254037844386,0.5000000000000001,Inter_OctNov,0.0,0,None,0.0,0,None,0.0,0,None
Central|Peak Wilderness NR,2022,11,Central,Peak Wilderness NR,0.0,0.0,0.0,0.0,0.0,0.0,0.0,0.0,0.0,0.0,0.0,0.0,0.0,0.0,0.0,0.0,None,0.0,0,2022-11-01,-0.5000000000000004,0.8660254037844384,Inter_OctNov,0.0,0,None,0.0,0,None,0.0,0,None
Central|Peak Wilderness NR,2022,12,Central,Peak Wilderness NR,0.0,0.0,0.0,0.0,0.0,0.0,0.0,0.0,0.0,0.0,0.0,0.0,0.0,0.0,0.0,0.0,None,0.0,0,2022-12-01,-2.4492935982947064e-16,1.0,NE_monsoon,0.0,0,None,0.0,0,None,0.0,0,None
Central|Peak Wilderness NR,2023,1,Central,Peak Wilderness NR,0.0,0.0,0.0,0.0,0.0,0.0,0.0,0.0,0.0,0.0,0.0,0.0,0.0,3.0,0.0,0.0,Other,3.0,1,2023-01-01,0.49999999999999994,0.8660254037844387,NE_monsoon,0.0,0,None,0.0,0,None,0.0,0,None
Central|Peak Wilderness NR,2023,2,Central,Peak Wilderness NR,0.0,0.0,0.0,0.0,0.0,0.0,0.0,0.0,0.0,0.0,0.0,0.0,0.0,0.0,0.0,0.0,None,0.0,0,2023-02-01,0.8660254037844386,0.5000000000000001,NE_monsoon,3.0,1,Other,0.0,0,None,0.0,0,None
Central|Peak Wilderness NR,2023,3,Central,Peak Wilderness NR,0.0,0.0,0.0,0.0,0.0,0.0,0.0,0.0,0.0,0.0,0.0,0.0,0.0,0.0,0.0,0.0,None,0.0,0,2023-03-01,1.0,6.123233995736766e-17,Inter_MarApr,0.0,0,None,3.0,1,Other,0.0,0,None
Central|Peak Wilderness NR,2023,4,Central,Peak Wilderness NR,0.0,0.0,0.0,0.0,0.0,0.0,0.0,0.0,0.0,0.0,0.0,0.0,0.0,0.0,0.0,0.0,None,0.0,0,2023-04-01,0.8660254037844387,-0.4999999999999998,Inter_MarApr,0.0,0,None,0.0,0,None,3.0,1,Other
Central|Peak Wilderness NR,2023,5,Central,Peak Wilderness NR,0.0,0.0,0.0,0.0,0.0,0.0,0.0,0.0,0.0,0.0,0.0,0.0,0.0,0.0,0.0,0.0,None,0.0,0,2023-05-01,0.49999999999999994,-0.8660254037844387,SW_monsoon,0.0,0,None,0.0,0,None,0.0,0,None
Central|Peak Wilderness NR,2023,6,Central,Peak Wilderness NR,0.0,0.0,0.0,0.0,0.0,0.0,0.0,0.0,0.0,0.0,0.0,0.0,0.0,0.0,0.0,0.0,None,0.0,0,2023-06-01,1.2246467991473532e-16,-1.0,SW_monsoon,0.0,0,None,0.0,0,None,0.0,0,None
Central|Peak Wilderness NR,2023,7,Central,Peak Wilderness NR,0.0,0.0,0.0,0.0,0.0,0.0,0.0,0.0,0.0,0.0,0.0,5.0,0.0,0.0,0.0,0.0,Meat/Egg Trade,5.0,1,2023-07-01,-0.4999999999999997,-0.8660254037844388,SW_monsoon,0.0,0,None,0.0,0,None,0.0,0,None
Central|Peak Wilderness NR,2023,8,Central,Peak Wilderness NR,0.0,0.0,0.0,0.0,0.0,0.0,0.0,0.0,0.0,0.0,0.0,0.0,0.0,0.0,0.0,0.0,None,0.0,0,2023-08-01,-0.8660254037844384,-0.5000000000000004,SW_monsoon,5.0,1,Meat/Egg Trade,0.0,0,None,0.0,0,None
Central|Peak Wilderness NR,2023,9,Central,Peak Wilderness NR,0.0,0.0,0.0,0.0,0.0,0.0,0.0,0.0,0.0,0.0,0.0,0.0,0.0,0.0,0.0,0.0,None,0.0,0,2023-09-01,-1.0,-1.8369701987210297e-16,SW_monsoon,0.0,0,None,5.0,1,Meat/Egg Trade,0.0,0,None
Central|Peak Wilderness NR,2023,10,Central,Peak Wilderness NR,0.0,0.0,0.0,0.0,0.0,0.0,0.0,0.0,0.0,0.0,0.0,0.0,0.0,0.0,0.0,0.0,None,0.0,0,2023-10-01,-0.8660254037844386,0.5000000000000001,Inter_OctNov,0.0,0,None,0.0,0,None,5.0,1,Meat/Egg Trade
Central|Peak Wilderness NR,2023,11,Central,Peak Wilderness NR,0.0,0.0,0.0,0.0,0.0,0.0,0.0,0.0,0.0,0.0,0.0,0.0,0.0,0.0,0.0,0.0,None,0.0,0,2023-11-01,-0.5000000000000004,0.8660254037844384,Inter_OctNov,0.0,0,None,0.0,0,None,0.0,0,None
Central|Peak Wilderness NR,2023,12,Central,Peak Wilderness NR,0.0,0.0,0.0,0.0,0.0,0.0,0.0,0.0,0.0,0.0,0.0,0.0,0.0,0.0,0.0,0.0,None,0.0,0,2023-12-01,-2.4492935982947064e-16,1.0,NE_monsoon,0.0,0,None,0.0,0,None,0.0,0,None
Central|Peak Wilderness NR,2024,1,Central,Peak Wilderness NR,0.0,0.0,0.0,0.0,0.0,0.0,0.0,0.0,0.0,0.0,0.0,0.0,0.0,0.0,0.0,0.0,None,0.0,0,2024-01-01,0.49999999999999994,0.8660254037844387,NE_monsoon,0.0,0,None,0.0,0,None,0.0,0,None
Central|Peak Wilderness NR,2024,2,Central,Peak Wilderness NR,0.0,0.0,0.0,0.0,0.0,0.0,0.0,0.0,0.0,0.0,0.0,0.0,0.0,0.0,0.0,0.0,None,0.0,0,2024-02-01,0.8660254037844386,0.5000000000000001,NE_monsoon,0.0,0,None,0.0,0,None,0.0,0,None
Central|Peak Wilderness NR,2024,3,Central,Peak Wilderness NR,0.0,0.0,0.0,0.0,0.0,0.0,0.0,0.0,0.0,0.0,0.0,0.0,0.0,0.0,0.0,0.0,None,0.0,0,2024-03-01,1.0,6.123233995736766e-17,Inter_MarApr,0.0,0,None,0.0,0,None,0.0,0,None
Central|Peak Wilderness NR,2024,4,Central,Peak Wilderness NR,0.0,0.0,0.0,0.0,0.0,0.0,0.0,0.0,0.0,0.0,0.0,0.0,0.0,0.0,0.0,1.0,Weapons/Traps,1.0,1,2024-04-01,0.8660254037844387,-0.4999999999999998,Inter_MarApr,0.0,0,None,0.0,0,None,0.0,0,None
Central|Peak Wilderness NR,2024,5,Central,Peak Wilderness NR,0.0,0.0,0.0,0.0,0.0,0.0,0.0,0.0,0.0,0.0,0.0,0.0,0.0,0.0,0.0,0.0,None,0.0,0,2024-05-01,0.49999999999999994,-0.8660254037844387,SW_monsoon,1.0,1,Weapons/Traps,0.0,0,None,0.0,0,None
Central|Peak Wilderness NR,2024,6,Central,Peak Wilderness NR,0.0,0.0,0.0,0.0,0.0,0.0,0.0,0.0,0.0,0.0,0.0,0.0,0.0,0.0,0.0,0.0,None,0.0,0,2024-06-01,1.2246467991473532e-16,-1.0,SW_monsoon,0.0,0,None,1.0,1,Weapons/Traps,0.0,0,None
Central|Peak Wilderness NR,2024,7,Central,Peak Wilderness NR,0.0,0.0,0.0,0.0,0.0,0.0,0.0,0.0,0.0,0.0,0.0,0.0,0.0,0.0,0.0,0.0,None,0.0,0,2024-07-01,-0.4999999999999997,-0.8660254037844388,SW_monsoon,0.0,0,None,0.0,0,None,1.0,1,Weapons/Traps
Central|Peak Wilderness NR,2024,8,Central,Peak Wilderness NR,0.0,0.0,0.0,0.0,0.0,0.0,0.0,0.0,0.0,0.0,0.0,0.0,0.0,0.0,0.0,0.0,None,0.0,0,2024-08-01,-0.8660254037844384,-0.5000000000000004,SW_monsoon,0.0,0,None,0.0,0,None,0.0,0,None
Central|Peak Wilderness NR,2024,9,Central,Peak Wilderness NR,0.0,0.0,0.0,0.0,0.0,0.0,0.0,1.0,0.0,0.0,0.0,0.0,0.0,0.0,0.0,0.0,Hunting/Killing,1.0,1,2024-09-01,-1.0,-1.8369701987210297e-16,SW_monsoon,0.0,0,None,0.0,0,None,0.0,0,None
Central|Peak Wilderness NR,2024,10,Central,Peak Wilderness NR,0.0,0.0,0.0,0.0,0.0,0.0,0.0,0.0,0.0,0.0,0.0,0.0,0.0,0.0,0.0,0.0,None,0.0,0,2024-10-01,-0.8660254037844386,0.5000000000000001,Inter_OctNov,1.0,1,Hunting/Killing,0.0,0,None,0.0,0,None
Central|Peak Wilderness NR,2024,11,Central,Peak Wilderness NR,0.0,0.0,0.0,0.0,0.0,0.0,0.0,0.0,0.0,0.0,0.0,0.0,0.0,0.0,0.0,0.0,None,0.0,0,2024-11-01,-0.5000000000000004,0.8660254037844384,Inter_OctNov,0.0,0,None,1.0,1,Hunting/Killing,0.0,0,None
Central|Peak Wilderness NR,2024,12,Central,Peak Wilderness NR,0.0,0.0,0.0,0.0,0.0,0.0,0.0,0.0,0.0,0.0,0.0,0.0,0.0,0.0,0.0,0.0,None,0.0,0,2024-12-01,-2.4492935982947064e-16,1.0,NE_monsoon,0.0,0,None,0.0,0,None,1.0,1,Hunting/Killing
Central|Sanctuary,2022,1,Central,Sanctuary,0.0,0.0,0.0,0.0,0.0,0.0,0.0,0.0,0.0,0.0,0.0,0.0,0.0,0.0,0.0,0.0,None,0.0,0,2022-01-01,0.49999999999999994,0.8660254037844387,NE_monsoon,0.0,0,None,0.0,0,None,0.0,0,None
Central|Sanctuary,2022,2,Central,Sanctuary,0.0,0.0,0.0,0.0,0.0,0.0,0.0,0.0,0.0,0.0,0.0,0.0,0.0,0.0,0.0,0.0,None,0.0,0,2022-02-01,0.8660254037844386,0.5000000000000001,NE_monsoon,0.0,0,None,0.0,0,None,0.0,0,None
Central|Sanctuary,2022,3,Central,Sanctuary,0.0,0.0,0.0,0.0,0.0,0.0,0.0,0.0,0.0,0.0,0.0,0.0,0.0,0.0,0.0,0.0,None,0.0,0,2022-03-01,1.0,6.123233995736766e-17,Inter_MarApr,0.0,0,None,0.0,0,None,0.0,0,None
Central|Sanctuary,2022,4,Central,Sanctuary,0.0,0.0,0.0,0.0,0.0,0.0,0.0,0.0,0.0,0.0,0.0,0.0,0.0,0.0,0.0,0.0,None,0.0,0,2022-04-01,0.8660254037844387,-0.4999999999999998,Inter_MarApr,0.0,0,None,0.0,0,None,0.0,0,None
Central|Sanctuary,2022,5,Central,Sanctuary,0.0,0.0,0.0,0.0,0.0,0.0,0.0,0.0,0.0,0.0,0.0,0.0,0.0,0.0,0.0,0.0,None,0.0,0,2022-05-01,0.49999999999999994,-0.8660254037844387,SW_monsoon,0.0,0,None,0.0,0,None,0.0,0,None
Central|Sanctuary,2022,6,Central,Sanctuary,0.0,0.0,0.0,0.0,0.0,0.0,0.0,0.0,0.0,0.0,0.0,0.0,0.0,0.0,0.0,0.0,None,0.0,0,2022-06-01,1.2246467991473532e-16,-1.0,SW_monsoon,0.0,0,None,0.0,0,None,0.0,0,None
Central|Sanctuary,2022,7,Central,Sanctuary,0.0,0.0,0.0,0.0,0.0,0.0,0.0,0.0,0.0,0.0,0.0,0.0,0.0,0.0,0.0,0.0,None,0.0,0,2022-07-01,-0.4999999999999997,-0.8660254037844388,SW_monsoon,0.0,0,None,0.0,0,None,0.0,0,None
Central|Sanctuary,2022,8,Central,Sanctuary,0.0,0.0,0.0,0.0,0.0,0.0,0.0,0.0,0.0,0.0,0.0,0.0,0.0,0.0,0.0,0.0,None,0.0,0,2022-08-01,-0.8660254037844384,-0.5000000000000004,SW_monsoon,0.0,0,None,0.0,0,None,0.0,0,None
Central|Sanctuary,2022,9,Central,Sanctuary,0.0,0.0,0.0,0.0,0.0,0.0,0.0,0.0,0.0,0.0,0.0,0.0,0.0,0.0,0.0,0.0,None,0.0,0,2022-09-01,-1.0,-1.8369701987210297e-16,SW_monsoon,0.0,0,None,0.0,0,None,0.0,0,None
Central|Sanctuary,2022,10,Central,Sanctuary,0.0,0.0,0.0,0.0,0.0,0.0,0.0,0.0,0.0,0.0,0.0,0.0,0.0,0.0,0.0,0.0,None,0.0,0,2022-10-01,-0.8660254037844386,0.5000000000000001,Inter_OctNov,0.0,0,None,0.0,0,None,0.0,0,None
Central|Sanctuary,2022,11,Central,Sanctuary,0.0,0.0,0.0,0.0,0.0,0.0,0.0,0.0,0.0,0.0,0.0,0.0,0.0,0.0,0.0,0.0,None,0.0,0,2022-11-01,-0.5000000000000004,0.8660254037844384,Inter_OctNov,0.0,0,None,0.0,0,None,0.0,0,None
Central|Sanctuary,2022,12,Central,Sanctuary,0.0,0.0,0.0,0.0,0.0,0.0,0.0,0.0,0.0,0.0,0.0,0.0,0.0,0.0,0.0,0.0,None,0.0,0,2022-12-01,-2.4492935982947064e-16,1.0,NE_monsoon,0.0,0,None,0.0,0,None,0.0,0,None
Central|Sanctuary,2023,1,Central,Sanctuary,0.0,0.0,0.0,0.0,0.0,0.0,0.0,0.0,0.0,0.0,0.0,0.0,0.0,0.0,0.0,0.0,None,0.0,0,2023-01-01,0.49999999999999994,0.8660254037844387,NE_monsoon,0.0,0,None,0.0,0,None,0.0,0,None
Central|Sanctuary,2023,2,Central,Sanctuary,0.0,0.0,0.0,0.0,0.0,0.0,0.0,0.0,0.0,0.0,0.0,0.0,0.0,0.0,0.0,0.0,None,0.0,0,2023-02-01,0.8660254037844386,0.5000000000000001,NE_monsoon,0.0,0,None,0.0,0,None,0.0,0,None
Central|Sanctuary,2023,3,Central,Sanctuary,0.0,0.0,0.0,0.0,0.0,0.0,0.0,0.0,0.0,0.0,0.0,0.0,0.0,0.0,0.0,0.0,None,0.0,0,2023-03-01,1.0,6.123233995736766e-17,Inter_MarApr,0.0,0,None,0.0,0,None,0.0,0,None
Central|Sanctuary,2023,4,Central,Sanctuary,0.0,0.0,0.0,0.0,0.0,0.0,0.0,0.0,0.0,1.0,0.0,0.0,0.0,0.0,0.0,0.0,Illegal Fishing,1.0,1,2023-04-01,0.8660254037844387,-0.4999999999999998,Inter_MarApr,0.0,0,None,0.0,0,None,0.0,0,None
Central|Sanctuary,2023,5,Central,Sanctuary,0.0,0.0,0.0,0.0,0.0,0.0,0.0,0.0,0.0,0.0,0.0,0.0,0.0,0.0,0.0,0.0,None,0.0,0,2023-05-01,0.49999999999999994,-0.8660254037844387,SW_monsoon,1.0,1,Illegal Fishing,0.0,0,None,0.0,0,None
Central|Sanctuary,2023,6,Central,Sanctuary,0.0,0.0,0.0,0.0,0.0,0.0,0.0,0.0,0.0,0.0,0.0,0.0,0.0,0.0,0.0,6.0,Weapons/Traps,6.0,1,2023-06-01,1.2246467991473532e-16,-1.0,SW_monsoon,0.0,0,None,1.0,1,Illegal Fishing,0.0,0,None
Central|Sanctuary,2023,7,Central,Sanctuary,0.0,0.0,0.0,0.0,0.0,0.0,0.0,0.0,0.0,0.0,0.0,0.0,0.0,0.0,0.0,0.0,None,0.0,0,2023-07-01,-0.4999999999999997,-0.8660254037844388,SW_monsoon,6.0,1,Weapons/Traps,0.0,0,None,1.0,1,Illegal Fishing
Central|Sanctuary,2023,8,Central,Sanctuary,0.0,0.0,0.0,0.0,0.0,0.0,0.0,0.0,0.0,0.0,0.0,0.0,0.0,0.0,0.0,0.0,None,0.0,0,2023-08-01,-0.8660254037844384,-0.5000000000000004,SW_monsoon,0.0,0,None,6.0,1,Weapons/Traps,0.0,0,None
Central|Sanctuary,2023,9,Central,Sanctuary,0.0,4.0,0.0,0.0,0.0,0.0,0.0,0.0,0.0,0.0,0.0,0.0,0.0,0.0,0.0,0.0,Animal Parts Trade,4.0,1,2023-09-01,-1.0,-1.8369701987210297e-16,SW_monsoon,0.0,0,None,0.0,0,None,6.0,1,Weapons/Traps
Central|Sanctuary,2023,10,Central,Sanctuary,0.0,0.0,0.0,0.0,0.0,0.0,0.0,0.0,0.0,0.0,0.0,0.0,0.0,0.0,0.0,0.0,None,0.0,0,2023-10-01,-0.8660254037844386,0.5000000000000001,Inter_OctNov,4.0,1,Animal Parts Trade,0.0,0,None,0.0,0,None
Central|Sanctuary,2023,11,Central,Sanctuary,0.0,0.0,0.0,0.0,0.0,0.0,0.0,0.0,0.0,0.0,0.0,0.0,0.0,0.0,0.0,0.0,None,0.0,0,2023-11-01,-0.5000000000000004,0.8660254037844384,Inter_OctNov,0.0,0,None,4.0,1,Animal Parts Trade,0.0,0,None
Central|Sanctuary,2023,12,Central,Sanctuary,0.0,0.0,0.0,0.0,0.0,0.0,0.0,0.0,0.0,0.0,0.0,0.0,0.0,0.0,0.0,0.0,None,0.0,0,2023-12-01,-2.4492935982947064e-16,1.0,NE_monsoon,0.0,0,None,0.0,0,None,4.0,1,Animal Parts Trade
Central|Sanctuary,2024,1,Central,Sanctuary,0.0,0.0,0.0,0.0,0.0,0.0,0.0,0.0,0.0,0.0,0.0,0.0,0.0,0.0,0.0,0.0,None,0.0,0,2024-01-01,0.49999999999999994,0.8660254037844387,NE_monsoon,0.0,0,None,0.0,0,None,0.0,0,None
Central|Sanctuary,2024,2,Central,Sanctuary,0.0,0.0,0.0,0.0,0.0,0.0,0.0,0.0,0.0,0.0,0.0,0.0,0.0,0.0,0.0,0.0,None,0.0,0,2024-02-01,0.8660254037844386,0.5000000000000001,NE_monsoon,0.0,0,None,0.0,0,None,0.0,0,None
Central|Sanctuary,2024,3,Central,Sanctuary,0.0,0.0,0.0,0.0,0.0,0.0,0.0,0.0,0.0,0.0,0.0,0.0,0.0,0.0,0.0,0.0,None,0.0,0,2024-03-01,1.0,6.123233995736766e-17,Inter_MarApr,0.0,0,None,0.0,0,None,0.0,0,None
Central|Sanctuary,2024,4,Central,Sanctuary,0.0,0.0,0.0,0.0,0.0,0.0,0.0,0.0,0.0,0.0,0.0,0.0,0.0,0.0,0.0,0.0,None,0.0,0,2024-04-01,0.8660254037844387,-0.4999999999999998,Inter_MarApr,0.0,0,None,0.0,0,None,0.0,0,None
Central|Sanctuary,2024,5,Central,Sanctuary,0.0,0.0,0.0,0.0,0.0,0.0,0.0,0.0,0.0,0.0,0.0,0.0,0.0,1.0,0.0,0.0,Other,1.0,1,2024-05-01,0.49999999999999994,-0.8660254037844387,SW_monsoon,0.0,0,None,0.0,0,None,0.0,0,None
Central|Sanctuary,2024,6,Central,Sanctuary,0.0,0.0,0.0,0.0,0.0,0.0,0.0,0.0,0.0,0.0,0.0,0.0,0.0,0.0,0.0,0.0,None,0.0,0,2024-06-01,1.2246467991473532e-16,-1.0,SW_monsoon,1.0,1,Other,0.0,0,None,0.0,0,None
Central|Sanctuary,2024,7,Central,Sanctuary,0.0,0.0,0.0,0.0,0.0,0.0,0.0,0.0,0.0,0.0,0.0,0.0,0.0,0.0,0.0,0.0,None,0.0,0,2024-07-01,-0.4999999999999997,-0.8660254037844388,SW_monsoon,0.0,0,None,1.0,1,Other,0.0,0,None
Central|Sanctuary,2024,8,Central,Sanctuary,0.0,0.0,0.0,0.0,0.0,0.0,0.0,0.0,0.0,0.0,0.0,0.0,0.0,0.0,0.0,0.0,None,0.0,0,2024-08-01,-0.8660254037844384,-0.5000000000000004,SW_monsoon,0.0,0,None,0.0,0,None,1.0,1,Other
Central|Sanctuary,2024,9,Central,Sanctuary,0.0,0.0,0.0,0.0,0.0,0.0,0.0,0.0,0.0,0.0,0.0,0.0,0.0,0.0,0.0,0.0,None,0.0,0,2024-09-01,-1.0,-1.8369701987210297e-16,SW_monsoon,0.0,0,None,0.0,0,None,0.0,0,None
Central|Sanctuary,2024,10,Central,Sanctuary,0.0,0.0,0.0,0.0,0.0,0.0,0.0,0.0,0.0,0.0,0.0,0.0,0.0,0.0,0.0,0.0,None,0.0,0,2024-10-01,-0.8660254037844386,0.5000000000000001,Inter_OctNov,0.0,0,None,0.0,0,None,0.0,0,None
Central|Sanctuary,2024,11,Central,Sanctuary,0.0,0.0,0.0,0.0,0.0,0.0,0.0,0.0,0.0,0.0,0.0,0.0,0.0,0.0,0.0,0.0,None,0.0,0,2024-11-01,-0.5000000000000004,0.8660254037844384,Inter_OctNov,0.0,0,None,0.0,0,None,0.0,0,None
Central|Sanctuary,2024,12,Central,Sanctuary,0.0,0.0,0.0,0.0,0.0,0.0,0.0,0.0,0.0,0.0,0.0,0.0,0.0,0.0,0.0,0.0,None,0.0,0,2024-12-01,-2.4492935982947064e-16,1.0,NE_monsoon,0.0,0,None,0.0,0,None,0.0,0,None
Central|Sand/Mineral/Any Mining,2022,1,Central,Sand/Mineral/Any Mining,0.0,0.0,0.0,0.0,0.0,0.0,0.0,0.0,0.0,0.0,0.0,0.0,0.0,0.0,0.0,0.0,None,0.0,0,2022-01-01,0.49999999999999994,0.8660254037844387,NE_monsoon,0.0,0,None,0.0,0,None,0.0,0,None
Central|Sand/Mineral/Any Mining,2022,2,Central,Sand/Mineral/Any Mining,0.0,0.0,0.0,0.0,0.0,0.0,0.0,0.0,0.0,0.0,0.0,0.0,0.0,0.0,0.0,0.0,None,0.0,0,2022-02-01,0.8660254037844386,0.5000000000000001,NE_monsoon,0.0,0,None,0.0,0,None,0.0,0,None
Central|Sand/Mineral/Any Mining,2022,3,Central,Sand/Mineral/Any Mining,0.0,0.0,0.0,0.0,0.0,0.0,0.0,0.0,0.0,0.0,0.0,0.0,0.0,0.0,0.0,0.0,None,0.0,0,2022-03-01,1.0,6.123233995736766e-17,Inter_MarApr,0.0,0,None,0.0,0,None,0.0,0,None
Central|Sand/Mineral/Any Mining,2022,4,Central,Sand/Mineral/Any Mining,0.0,0.0,0.0,0.0,0.0,0.0,0.0,0.0,0.0,0.0,0.0,0.0,0.0,0.0,0.0,0.0,None,0.0,0,2022-04-01,0.8660254037844387,-0.4999999999999998,Inter_MarApr,0.0,0,None,0.0,0,None,0.0,0,None
Central|Sand/Mineral/Any Mining,2022,5,Central,Sand/Mineral/Any Mining,0.0,0.0,0.0,0.0,0.0,0.0,0.0,0.0,0.0,0.0,0.0,0.0,0.0,0.0,0.0,0.0,None,0.0,0,2022-05-01,0.49999999999999994,-0.8660254037844387,SW_monsoon,0.0,0,None,0.0,0,None,0.0,0,None
Central|Sand/Mineral/Any Mining,2022,6,Central,Sand/Mineral/Any Mining,0.0,0.0,0.0,0.0,0.0,0.0,0.0,0.0,0.0,0.0,0.0,0.0,0.0,0.0,0.0,0.0,None,0.0,0,2022-06-01,1.2246467991473532e-16,-1.0,SW_monsoon,0.0,0,None,0.0,0,None,0.0,0,None
Central|Sand/Mineral/Any Mining,2022,7,Central,Sand/Mineral/Any Mining,0.0,0.0,0.0,0.0,0.0,0.0,0.0,0.0,0.0,0.0,0.0,0.0,0.0,0.0,0.0,0.0,None,0.0,0,2022-07-01,-0.4999999999999997,-0.8660254037844388,SW_monsoon,0.0,0,None,0.0,0,None,0.0,0,None
Central|Sand/Mineral/Any Mining,2022,8,Central,Sand/Mineral/Any Mining,0.0,0.0,0.0,0.0,0.0,0.0,0.0,0.0,0.0,0.0,0.0,0.0,0.0,0.0,0.0,0.0,None,0.0,0,2022-08-01,-0.8660254037844384,-0.5000000000000004,SW_monsoon,0.0,0,None,0.0,0,None,0.0,0,None
Central|Sand/Mineral/Any Mining,2022,9,Central,Sand/Mineral/Any Mining,0.0,0.0,0.0,0.0,0.0,0.0,0.0,0.0,0.0,0.0,0.0,0.0,0.0,0.0,0.0,0.0,None,0.0,0,2022-09-01,-1.0,-1.8369701987210297e-16,SW_monsoon,0.0,0,None,0.0,0,None,0.0,0,None
Central|Sand/Mineral/Any Mining,2022,10,Central,Sand/Mineral/Any Mining,0.0,0.0,0.0,0.0,0.0,0.0,0.0,0.0,0.0,0.0,0.0,0.0,0.0,0.0,0.0,0.0,None,0.0,0,2022-10-01,-0.8660254037844386,0.5000000000000001,Inter_OctNov,0.0,0,None,0.0,0,None,0.0,0,None
Central|Sand/Mineral/Any Mining,2022,11,Central,Sand/Mineral/Any Mining,0.0,0.0,0.0,0.0,0.0,0.0,0.0,0.0,0.0,0.0,0.0,0.0,0.0,0.0,0.0,0.0,None,0.0,0,2022-11-01,-0.5000000000000004,0.8660254037844384,Inter_OctNov,0.0,0,None,0.0,0,None,0.0,0,None
Central|Sand/Mineral/Any Mining,2022,12,Central,Sand/Mineral/Any Mining,0.0,0.0,0.0,0.0,0.0,0.0,0.0,0.0,0.0,0.0,0.0,0.0,0.0,0.0,0.0,0.0,None,0.0,0,2022-12-01,-2.4492935982947064e-16,1.0,NE_monsoon,0.0,0,None,0.0,0,None,0.0,0,None
Central|Sand/Mineral/Any Mining,2023,1,Central,Sand/Mineral/Any Mining,0.0,0.0,0.0,0.0,0.0,0.0,0.0,0.0,5.0,0.0,0.0,0.0,0.0,0.0,0.0,0.0,Illegal Entry,5.0,1,2023-01-01,0.49999999999999994,0.8660254037844387,NE_monsoon,0.0,0,None,0.0,0,None,0.0,0,None
Central|Sand/Mineral/Any Mining,2023,2,Central,Sand/Mineral/Any Mining,0.0,0.0,0.0,0.0,0.0,0.0,0.0,0.0,0.0,0.0,0.0,0.0,0.0,0.0,0.0,0.0,None,0.0,0,2023-02-01,0.8660254037844386,0.5000000000000001,NE_monsoon,5.0,1,Illegal Entry,0.0,0,None,0.0,0,None
Central|Sand/Mineral/Any Mining,2023,3,Central,Sand/Mineral/Any Mining,0.0,0.0,0.0,0.0,0.0,0.0,0.0,0.0,0.0,0.0,0.0,0.0,0.0,0.0,0.0,0.0,None,0.0,0,2023-03-01,1.0,6.123233995736766e-17,Inter_MarApr,0.0,0,None,5.0,1,Illegal Entry,0.0,0,None
Central|Sand/Mineral/Any Mining,2023,4,Central,Sand/Mineral/Any Mining,0.0,0.0,0.0,0.0,0.0,0.0,0.0,0.0,0.0,0.0,0.0,0.0,0.0,2.0,0.0,0.0,Other,2.0,1,2023-04-01,0.8660254037844387,-0.4999999999999998,Inter_MarApr,0.0,0,None,0.0,0,None,5.0,1,Illegal Entry
Central|Sand/Mineral/Any Mining,2023,5,Central,Sand/Mineral/Any Mining,0.0,0.0,0.0,0.0,0.0,0.0,0.0,0.0,0.0,0.0,0.0,0.0,0.0,0.0,0.0,0.0,None,0.0,0,2023-05-01,0.49999999999999994,-0.8660254037844387,SW_monsoon,2.0,1,Other,0.0,0,None,0.0,0,None
Central|Sand/Mineral/Any Mining,2023,6,Central,Sand/Mineral/Any Mining,0.0,0.0,0.0,0.0,0.0,0.0,0.0,0.0,0.0,0.0,0.0,0.0,0.0,0.0,0.0,0.0,None,0.0,0,2023-06-01,1.2246467991473532e-16,-1.0,SW_monsoon,0.0,0,None,2.0,1,Other,0.0,0,None
Central|Sand/Mineral/Any Mining,2023,7,Central,Sand/Mineral/Any Mining,0.0,0.0,0.0,0.0,0.0,0.0,0.0,0.0,0.0,0.0,0.0,0.0,0.0,0.0,0.0,0.0,None,0.0,0,2023-07-01,-0.4999999999999997,-0.8660254037844388,SW_monsoon,0.0,0,None,0.0,0,None,2.0,1,Other
Central|Sand/Mineral/Any Mining,2023,8,Central,Sand/Mineral/Any Mining,0.0,0.0,0.0,0.0,0.0,0.0,0.0,0.0,0.0,0.0,0.0,0.0,0.0,0.0,0.0,0.0,None,0.0,0,2023-08-01,-0.8660254037844384,-0.5000000000000004,SW_monsoon,0.0,0,None,0.0,0,None,0.0,0,None
Central|Sand/Mineral/Any Mining,2023,9,Central,Sand/Mineral/Any Mining,0.0,0.0,0.0,0.0,0.0,0.0,0.0,0.0,0.0,0.0,0.0,0.0,0.0,0.0,0.0,0.0,None,0.0,0,2023-09-01,-1.0,-1.8369701987210297e-16,SW_monsoon,0.0,0,None,0.0,0,None,0.0,0,None
Central|Sand/Mineral/Any Mining,2023,10,Central,Sand/Mineral/Any Mining,0.0,0.0,0.0,0.0,0.0,0.0,0.0,0.0,4.0,0.0,0.0,0.0,0.0,0.0,0.0,0.0,Illegal Entry,4.0,1,2023-10-01,-0.8660254037844386,0.5000000000000001,Inter_OctNov,0.0,0,None,0.0,0,None,0.0,0,None
Central|Sand/Mineral/Any Mining,2023,11,Central,Sand/Mineral/Any Mining,0.0,0.0,0.0,0.0,0.0,0.0,0.0,0.0,0.0,0.0,0.0,0.0,0.0,0.0,0.0,0.0,None,0.0,0,2023-11-01,-0.5000000000000004,0.8660254037844384,Inter_OctNov,4.0,1,Illegal Entry,0.0,0,None,0.0,0,None
Central|Sand/Mineral/Any Mining,2023,12,Central,Sand/Mineral/Any Mining,0.0,0.0,0.0,0.0,0.0,0.0,0.0,0.0,0.0,0.0,0.0,0.0,0.0,1.0,0.0,0.0,Other,1.0,1,2023-12-01,-2.4492935982947064e-16,1.0,NE_monsoon,0.0,0,None,4.0,1,Illegal Entry,0.0,0,None
Central|Sand/Mineral/Any Mining,2024,1,Central,Sand/Mineral/Any Mining,0.0,0.0,0.0,0.0,0.0,0.0,0.0,0.0,0.0,0.0,3.0,0.0,0.0,0.0,0.0,0.0,Illegal Logging,3.0,1,2024-01-01,0.49999999999999994,0.8660254037844387,NE_monsoon,1.0,1,Other,0.0,0,None,4.0,1,Illegal Entry
Central|Sand/Mineral/Any Mining,2024,2,Central,Sand/Mineral/Any Mining,0.0,0.0,0.0,0.0,0.0,0.0,0.0,0.0,0.0,0.0,0.0,0.0,0.0,0.0,0.0,0.0,None,0.0,0,2024-02-01,0.8660254037844386,0.5000000000000001,NE_monsoon,3.0,1,Illegal Logging,1.0,1,Other,0.0,0,None
Central|Sand/Mineral/Any Mining,2024,3,Central,Sand/Mineral/Any Mining,0.0,0.0,0.0,0.0,0.0,0.0,0.0,0.0,0.0,0.0,0.0,0.0,0.0,0.0,0.0,0.0,None,0.0,0,2024-03-01,1.0,6.123233995736766e-17,Inter_MarApr,0.0,0,None,3.0,1,Illegal Logging,1.0,1,Other
Central|Sand/Mineral/Any Mining,2024,4,Central,Sand/Mineral/Any Mining,0.0,0.0,0.0,0.0,0.0,0.0,0.0,0.0,0.0,0.0,0.0,0.0,0.0,0.0,0.0,0.0,None,0.0,0,2024-04-01,0.8660254037844387,-0.4999999999999998,Inter_MarApr,0.0,0,None,0.0,0,None,3.0,1,Illegal Logging
Central|Sand/Mineral/Any Mining,2024,5,Central,Sand/Mineral/Any Mining,0.0,0.0,0.0,0.0,0.0,0.0,0.0,0.0,0.0,0.0,0.0,0.0,0.0,0.0,0.0,0.0,None,0.0,0,2024-05-01,0.49999999999999994,-0.8660254037844387,SW_monsoon,0.0,0,None,0.0,0,None,0.0,0,None
Central|Sand/Mineral/Any Mining,2024,6,Central,Sand/Mineral/Any Mining,0.0,0.0,0.0,0.0,0.0,0.0,0.0,0.0,0.0,0.0,0.0,0.0,0.0,0.0,0.0,0.0,None,0.0,0,2024-06-01,1.2246467991473532e-16,-1.0,SW_monsoon,0.0,0,None,0.0,0,None,0.0,0,None
Central|Sand/Mineral/Any Mining,2024,7,Central,Sand/Mineral/Any Mining,0.0,0.0,0.0,0.0,0.0,0.0,0.0,0.0,0.0,0.0,0.0,0.0,0.0,0.0,0.0,0.0,None,0.0,0,2024-07-01,-0.4999999999999997,-0.8660254037844388,SW_monsoon,0.0,0,None,0.0,0,None,0.0,0,None
Central|Sand/Mineral/Any Mining,2024,8,Central,Sand/Mineral/Any Mining,0.0,0.0,0.0,0.0,0.0,0.0,0.0,0.0,0.0,0.0,0.0,0.0,0.0,0.0,0.0,0.0,None,0.0,0,2024-08-01,-0.8660254037844384,-0.5000000000000004,SW_monsoon,0.0,0,None,0.0,0,None,0.0,0,None
Central|Sand/Mineral/Any Mining,2024,9,Central,Sand/Mineral/Any Mining,0.0,0.0,0.0,0.0,0.0,0.0,0.0,0.0,0.0,0.0,0.0,0.0,0.0,0.0,0.0,0.0,None,0.0,0,2024-09-01,-1.0,-1.8369701987210297e-16,SW_monsoon,0.0,0,None,0.0,0,None,0.0,0,None
Central|Sand/Mineral/Any Mining,2024,10,Central,Sand/Mineral/Any Mining,0.0,0.0,0.0,0.0,0.0,0.0,0.0,0.0,0.0,0.0,0.0,0.0,0.0,0.0,0.0,0.0,None,0.0,0,2024-10-01,-0.8660254037844386,0.5000000000000001,Inter_OctNov,0.0,0,None,0.0,0,None,0.0,0,None
Central|Sand/Mineral/Any Mining,2024,11,Central,Sand/Mineral/Any Mining,0.0,0.0,0.0,0.0,0.0,0.0,0.0,0.0,0.0,0.0,0.0,0.0,0.0,0.0,0.0,0.0,None,0.0,0,2024-11-01,-0.5000000000000004,0.8660254037844384,Inter_OctNov,0.0,0,None,0.0,0,None,0.0,0,None
Central|Sand/Mineral/Any Mining,2024,12,Central,Sand/Mineral/Any Mining,0.0,0.0,0.0,0.0,0.0,0.0,0.0,0.0,0.0,0.0,0.0,0.0,0.0,0.0,0.0,0.0,None,0.0,0,2024-12-01,-2.4492935982947064e-16,1.0,NE_monsoon,0.0,0,None,0.0,0,None,0.0,0,None
Central|Unknown,2022,1,Central,Unknown,0.0,0.0,0.0,0.0,0.0,0.0,0.0,0.0,0.0,0.0,0.0,0.0,0.0,0.0,0.0,0.0,None,0.0,0,2022-01-01,0.49999999999999994,0.8660254037844387,NE_monsoon,0.0,0,None,0.0,0,None,0.0,0,None
Central|Unknown,2022,2,Central,Unknown,0.0,0.0,0.0,0.0,0.0,0.0,0.0,0.0,0.0,0.0,0.0,0.0,0.0,0.0,0.0,0.0,None,0.0,0,2022-02-01,0.8660254037844386,0.5000000000000001,NE_monsoon,0.0,0,None,0.0,0,None,0.0,0,None
Central|Unknown,2022,3,Central,Unknown,0.0,0.0,0.0,0.0,0.0,0.0,0.0,0.0,0.0,0.0,0.0,0.0,0.0,0.0,0.0,0.0,None,0.0,0,2022-03-01,1.0,6.123233995736766e-17,Inter_MarApr,0.0,0,None,0.0,0,None,0.0,0,None
Central|Unknown,2022,4,Central,Unknown,0.0,0.0,0.0,0.0,0.0,0.0,0.0,0.0,0.0,0.0,0.0,0.0,0.0,0.0,0.0,0.0,None,0.0,0,2022-04-01,0.8660254037844387,-0.4999999999999998,Inter_MarApr,0.0,0,None,0.0,0,None,0.0,0,None
Central|Unknown,2022,5,Central,Unknown,0.0,0.0,0.0,0.0,0.0,0.0,0.0,0.0,0.0,0.0,0.0,0.0,0.0,0.0,0.0,0.0,None,0.0,0,2022-05-01,0.49999999999999994,-0.8660254037844387,SW_monsoon,0.0,0,None,0.0,0,None,0.0,0,None
Central|Unknown,2022,6,Central,Unknown,0.0,0.0,0.0,0.0,0.0,0.0,0.0,0.0,0.0,0.0,0.0,0.0,0.0,0.0,0.0,0.0,None,0.0,0,2022-06-01,1.2246467991473532e-16,-1.0,SW_monsoon,0.0,0,None,0.0,0,None,0.0,0,None
Central|Unknown,2022,7,Central,Unknown,0.0,0.0,0.0,0.0,0.0,0.0,0.0,0.0,0.0,0.0,0.0,0.0,0.0,0.0,0.0,0.0,None,0.0,0,2022-07-01,-0.4999999999999997,-0.8660254037844388,SW_monsoon,0.0,0,None,0.0,0,None,0.0,0,None
Central|Unknown,2022,8,Central,Unknown,0.0,0.0,0.0,0.0,0.0,0.0,0.0,0.0,0.0,0.0,0.0,0.0,0.0,0.0,0.0,0.0,None,0.0,0,2022-08-01,-0.8660254037844384,-0.5000000000000004,SW_monsoon,0.0,0,None,0.0,0,None,0.0,0,None
Central|Unknown,2022,9,Central,Unknown,0.0,0.0,0.0,0.0,0.0,0.0,0.0,0.0,0.0,0.0,0.0,0.0,0.0,0.0,0.0,0.0,None,0.0,0,2022-09-01,-1.0,-1.8369701987210297e-16,SW_monsoon,0.0,0,None,0.0,0,None,0.0,0,None
Central|Unknown,2022,10,Central,Unknown,0.0,0.0,0.0,0.0,0.0,0.0,0.0,0.0,0.0,0.0,0.0,0.0,0.0,0.0,0.0,0.0,None,0.0,0,2022-10-01,-0.8660254037844386,0.5000000000000001,Inter_OctNov,0.0,0,None,0.0,0,None,0.0,0,None
Central|Unknown,2022,11,Central,Unknown,0.0,0.0,0.0,0.0,0.0,0.0,0.0,0.0,0.0,0.0,0.0,0.0,0.0,0.0,0.0,0.0,None,0.0,0,2022-11-01,-0.5000000000000004,0.8660254037844384,Inter_OctNov,0.0,0,None,0.0,0,None,0.0,0,None
Central|Unknown,2022,12,Central,Unknown,0.0,0.0,0.0,0.0,0.0,0.0,0.0,0.0,0.0,0.0,0.0,0.0,0.0,0.0,0.0,0.0,None,0.0,0,2022-12-01,-2.4492935982947064e-16,1.0,NE_monsoon,0.0,0,None,0.0,0,None,0.0,0,None
Central|Unknown,2023,1,Central,Unknown,1.0,0.0,0.0,0.0,0.0,0.0,0.0,0.0,0.0,0.0,0.0,4.0,0.0,0.0,0.0,0.0,Meat/Egg Trade,5.0,1,2023-01-01,0.49999999999999994,0.8660254037844387,NE_monsoon,0.0,0,None,0.0,0,None,0.0,0,None
Central|Unknown,2023,2,Central,Unknown,7.0,6.0,0.0,0.0,0.0,0.0,0.0,0.0,0.0,0.0,1.0,0.0,0.0,0.0,0.0,2.0,Animal Death/Injury,16.0,1,2023-02-01,0.8660254037844386,0.5000000000000001,NE_monsoon,5.0,1,Meat/Egg Trade,0.0,0,None,0.0,0,None
Central|Unknown,2023,3,Central,Unknown,0.0,0.0,0.0,0.0,0.0,0.0,0.0,13.0,0.0,6.0,0.0,6.0,0.0,3.0,0.0,0.0,Hunting/Killing,28.0,1,2023-03-01,1.0,6.123233995736766e-17,Inter_MarApr,16.0,1,Animal Death/Injury,5.0,1,Meat/Egg Trade,0.0,0,None
Central|Unknown,2023,4,Central,Unknown,0.0,0.0,0.0,0.0,0.0,0.0,0.0,0.0,0.0,0.0,0.0,9.0,0.0,0.0,0.0,3.0,Meat/Egg Trade,12.0,1,2023-04-01,0.8660254037844387,-0.4999999999999998,Inter_MarApr,28.0,1,Hunting/Killing,16.0,1,Animal Death/Injury,5.0,1,Meat/Egg Trade
Central|Unknown,2023,5,Central,Unknown,0.0,0.0,0.0,0.0,0.0,0.0,0.0,14.0,0.0,0.0,0.0,2.0,0.0,10.0,0.0,0.0,Hunting/Killing,26.0,1,2023-05-01,0.49999999999999994,-0.8660254037844387,SW_monsoon,12.0,1,Meat/Egg Trade,28.0,1,Hunting/Killing,16.0,1,Animal Death/Injury
Central|Unknown,2023,6,Central,Unknown,2.0,1.0,0.0,0.0,0.0,0.0,0.0,12.0,0.0,0.0,0.0,0.0,0.0,4.0,0.0,0.0,Hunting/Killing,19.0,1,2023-06-01,1.2246467991473532e-16,-1.0,SW_monsoon,26.0,1,Hunting/Killing,12.0,1,Meat/Egg Trade,28.0,1,Hunting/Killing
Central|Unknown,2023,7,Central,Unknown,3.0,1.0,0.0,0.0,0.0,0.0,0.0,6.0,0.0,0.0,0.0,0.0,0.0,7.0,0.0,0.0,Hunting/Killing,17.0,1,2023-07-01,-0.4999999999999997,-0.8660254037844388,SW_monsoon,19.0,1,Hunting/Killing,26.0,1,Hunting/Killing,12.0,1,Meat/Egg Trade
Central|Unknown,2023,8,Central,Unknown,0.0,0.0,0.0,0.0,0.0,0.0,0.0,5.0,0.0,0.0,0.0,0.0,0.0,1.0,0.0,0.0,Hunting/Killing,6.0,1,2023-08-01,-0.8660254037844384,-0.5000000000000004,SW_monsoon,17.0,1,Hunting/Killing,19.0,1,Hunting/Killing,26.0,1,Hunting/Killing
Central|Unknown,2023,9,Central,Unknown,0.0,0.0,0.0,0.0,0.0,0.0,0.0,0.0,0.0,0.0,0.0,5.0,3.0,0.0,0.0,3.0,Meat/Egg Trade,11.0,1,2023-09-01,-1.0,-1.8369701987210297e-16,SW_monsoon,6.0,1,Hunting/Killing,17.0,1,Hunting/Killing,19.0,1,Hunting/Killing
Central|Unknown,2023,10,Central,Unknown,0.0,0.0,0.0,0.0,0.0,0.0,0.0,0.0,0.0,0.0,0.0,0.0,0.0,4.0,0.0,0.0,Other,4.0,1,2023-10-01,-0.8660254037844386,0.5000000000000001,Inter_OctNov,11.0,1,Meat/Egg Trade,6.0,1,Hunting/Killing,17.0,1,Hunting/Killing
Central|Unknown,2023,11,Central,Unknown,0.0,0.0,0.0,0.0,0.0,0.0,0.0,8.0,0.0,0.0,0.0,2.0,0.0,0.0,0.0,0.0,Hunting/Killing,10.0,1,2023-11-01,-0.5000000000000004,0.8660254037844384,Inter_OctNov,4.0,1,Other,11.0,1,Meat/Egg Trade,6.0,1,Hunting/Killing
Central|Unknown,2023,12,Central,Unknown,0.0,0.0,0.0,0.0,0.0,0.0,0.0,0.0,0.0,0.0,0.0,0.0,0.0,0.0,0.0,0.0,None,0.0,0,2023-12-01,-2.4492935982947064e-16,1.0,NE_monsoon,10.0,1,Hunting/Killing,4.0,1,Other,11.0,1,Meat/Egg Trade
Central|Unknown,2024,1,Central,Unknown,0.0,0.0,0.0,0.0,0.0,0.0,0.0,0.0,0.0,0.0,0.0,1.0,0.0,0.0,0.0,4.0,Weapons/Traps,5.0,1,2024-01-01,0.49999999999999994,0.8660254037844387,NE_monsoon,0.0,0,None,10.0,1,Hunting/Killing,4.0,1,Other
Central|Unknown,2024,2,Central,Unknown,0.0,0.0,0.0,0.0,0.0,0.0,0.0,0.0,0.0,0.0,0.0,3.0,0.0,16.0,0.0,0.0,Meat/Egg Trade,19.0,1,2024-02-01,0.8660254037844386,0.5000000000000001,NE_monsoon,5.0,1,Weapons/Traps,0.0,0,None,10.0,1,Hunting/Killing
Central|Unknown,2024,3,Central,Unknown,0.0,0.0,0.0,0.0,0.0,0.0,0.0,0.0,0.0,0.0,0.0,0.0,0.0,0.0,0.0,0.0,None,0.0,0,2024-03-01,1.0,6.123233995736766e-17,Inter_MarApr,19.0,1,Meat/Egg Trade,5.0,1,Weapons/Traps,0.0,0,None
Central|Unknown,2024,4,Central,Unknown,0.0,0.0,0.0,0.0,0.0,0.0,0.0,0.0,0.0,0.0,0.0,0.0,0.0,9.0,0.0,0.0,Other,9.0,1,2024-04-01,0.8660254037844387,-0.4999999999999998,Inter_MarApr,0.0,0,None,19.0,1,Meat/Egg Trade,5.0,1,Weapons/Traps
Central|Unknown,2024,5,Central,Unknown,0.0,0.0,0.0,0.0,0.0,0.0,0.0,0.0,0.0,0.0,0.0,0.0,0.0,0.0,0.0,0.0,None,0.0,0,2024-05-01,0.49999999999999994,-0.8660254037844387,SW_monsoon,9.0,1,Other,0.0,0,None,19.0,1,Meat/Egg Trade
Central|Unknown,2024,6,Central,Unknown,0.0,0.0,0.0,0.0,0.0,0.0,0.0,0.0,0.0,0.0,0.0,0.0,0.0,2.0,0.0,0.0,Other,2.0,1,2024-06-01,1.2246467991473532e-16,-1.0,SW_monsoon,0.0,0,None,9.0,1,Other,0.0,0,None
Central|Unknown,2024,7,Central,Unknown,0.0,0.0,0.0,0.0,0.0,0.0,0.0,0.0,0.0,0.0,0.0,0.0,0.0,3.0,0.0,0.0,Other,3.0,1,2024-07-01,-0.4999999999999997,-0.8660254037844388,SW_monsoon,2.0,1,Other,0.0,0,None,9.0,1,Other
Central|Unknown,2024,8,Central,Unknown,0.0,0.0,0.0,0.0,0.0,0.0,0.0,0.0,0.0,0.0,0.0,0.0,0.0,1.0,0.0,0.0,Other,1.0,1,2024-08-01,-0.8660254037844384,-0.5000000000000004,SW_monsoon,3.0,1,Other,2.0,1,Other,0.0,0,None
Central|Unknown,2024,9,Central,Unknown,0.0,0.0,6.0,0.0,0.0,0.0,0.0,0.0,0.0,0.0,0.0,14.0,0.0,0.0,0.0,0.0,Meat/Egg Trade,20.0,1,2024-09-01,-1.0,-1.8369701987210297e-16,SW_monsoon,1.0,1,Other,3.0,1,Other,2.0,1,Other
Central|Unknown,2024,10,Central,Unknown,0.0,0.0,0.0,0.0,0.0,0.0,0.0,0.0,0.0,0.0,0.0,0.0,0.0,0.0,0.0,0.0,None,0.0,0,2024-10-01,-0.8660254037844386,0.5000000000000001,Inter_OctNov,20.0,1,Meat/Egg Trade,1.0,1,Other,3.0,1,Other
Central|Unknown,2024,11,Central,Unknown,0.0,0.0,0.0,0.0,0.0,0.0,0.0,0.0,0.0,0.0,0.0,2.0,0.0,4.0,1.0,0.0,Meat/Egg Trade,7.0,1,2024-11-01,-0.5000000000000004,0.8660254037844384,Inter_OctNov,0.0,0,None,20.0,1,Meat/Egg Trade,1.0,1,Other
Central|Unknown,2024,12,Central,Unknown,0.0,4.0,0.0,0.0,0.0,0.0,0.0,0.0,0.0,0.0,0.0,0.0,0.0,6.0,0.0,0.0,Animal Parts Trade,10.0,1,2024-12-01,-2.4492935982947064e-16,1.0,NE_monsoon,7.0,1,Meat/Egg Trade,0.0,0,None,20.0,1,Meat/Egg Trade
Eastern|Ampara Range,2022,1,Eastern,Ampara Range,0.0,0.0,0.0,0.0,0.0,0.0,0.0,0.0,0.0,0.0,0.0,0.0,0.0,0.0,0.0,0.0,None,0.0,0,2022-01-01,0.49999999999999994,0.8660254037844387,NE_monsoon,0.0,0,None,0.0,0,None,0.0,0,None
Eastern|Ampara Range,2022,2,Eastern,Ampara Range,0.0,0.0,0.0,0.0,0.0,0.0,0.0,0.0,0.0,0.0,0.0,0.0,0.0,0.0,0.0,0.0,None,0.0,0,2022-02-01,0.8660254037844386,0.5000000000000001,NE_monsoon,0.0,0,None,0.0,0,None,0.0,0,None
Eastern|Ampara Range,2022,3,Eastern,Ampara Range,0.0,0.0,0.0,0.0,0.0,0.0,0.0,0.0,0.0,0.0,0.0,0.0,0.0,0.0,0.0,0.0,None,0.0,0,2022-03-01,1.0,6.123233995736766e-17,Inter_MarApr,0.0,0,None,0.0,0,None,0.0,0,None
Eastern|Ampara Range,2022,4,Eastern,Ampara Range,0.0,0.0,0.0,0.0,0.0,0.0,0.0,0.0,0.0,0.0,0.0,0.0,0.0,0.0,0.0,0.0,None,0.0,0,2022-04-01,0.8660254037844387,-0.4999999999999998,Inter_MarApr,0.0,0,None,0.0,0,None,0.0,0,None
Eastern|Ampara Range,2022,5,Eastern,Ampara Range,0.0,0.0,0.0,0.0,0.0,0.0,0.0,3.0,0.0,0.0,0.0,0.0,0.0,3.0,0.0,0.0,Hunting/Killing,6.0,1,2022-05-01,0.49999999999999994,-0.8660254037844387,SW_monsoon,0.0,0,None,0.0,0,None,0.0,0,None
Eastern|Ampara Range,2022,6,Eastern,Ampara Range,0.0,0.0,0.0,0.0,0.0,0.0,0.0,0.0,0.0,0.0,0.0,0.0,0.0,0.0,0.0,0.0,None,0.0,0,2022-06-01,1.2246467991473532e-16,-1.0,SW_monsoon,6.0,1,Hunting/Killing,0.0,0,None,0.0,0,None
Eastern|Ampara Range,2022,7,Eastern,Ampara Range,0.0,0.0,0.0,0.0,0.0,0.0,0.0,0.0,0.0,0.0,0.0,0.0,0.0,0.0,0.0,0.0,None,0.0,0,2022-07-01,-0.4999999999999997,-0.8660254037844388,SW_monsoon,0.0,0,None,6.0,1,Hunting/Killing,0.0,0,None
Eastern|Ampara Range,2022,8,Eastern,Ampara Range,0.0,0.0,0.0,0.0,0.0,0.0,0.0,0.0,0.0,0.0,0.0,0.0,0.0,0.0,0.0,0.0,None,0.0,0,2022-08-01,-0.8660254037844384,-0.5000000000000004,SW_monsoon,0.0,0,None,0.0,0,None,6.0,1,Hunting/Killing
Eastern|Ampara Range,2022,9,Eastern,Ampara Range,0.0,0.0,0.0,0.0,0.0,0.0,0.0,0.0,0.0,0.0,0.0,13.0,0.0,0.0,0.0,0.0,Meat/Egg Trade,13.0,1,2022-09-01,-1.0,-1.8369701987210297e-16,SW_monsoon,0.0,0,None,0.0,0,None,0.0,0,None
Eastern|Ampara Range,2022,10,Eastern,Ampara Range,0.0,0.0,0.0,0.0,0.0,0.0,0.0,0.0,0.0,0.0,0.0,0.0,0.0,0.0,0.0,0.0,None,0.0,0,2022-10-01,-0.8660254037844386,0.5000000000000001,Inter_OctNov,13.0,1,Meat/Egg Trade,0.0,0,None,0.0,0,None
Eastern|Ampara Range,2022,11,Eastern,Ampara Range,0.0,0.0,0.0,0.0,0.0,0.0,0.0,0.0,0.0,0.0,0.0,0.0,0.0,0.0,0.0,0.0,None,0.0,0,2022-11-01,-0.5000000000000004,0.8660254037844384,Inter_OctNov,0.0,0,None,13.0,1,Meat/Egg Trade,0.0,0,None
Eastern|Ampara Range,2022,12,Eastern,Ampara Range,0.0,0.0,0.0,0.0,0.0,0.0,0.0,0.0,0.0,0.0,0.0,17.0,0.0,10.0,0.0,0.0,Meat/Egg Trade,27.0,1,2022-12-01,-2.4492935982947064e-16,1.0,NE_monsoon,0.0,0,None,0.0,0,None,13.0,1,Meat/Egg Trade
Eastern|Ampara Range,2023,1,Eastern,Ampara Range,0.0,0.0,0.0,0.0,0.0,0.0,0.0,0.0,0.0,0.0,0.0,14.0,0.0,0.0,0.0,5.0,Meat/Egg Trade,19.0,1,2023-01-01,0.49999999999999994,0.8660254037844387,NE_monsoon,27.0,1,Meat/Egg Trade,0.0,0,None,0.0,0,None
Eastern|Ampara Range,2023,2,Eastern,Ampara Range,0.0,0.0,0.0,0.0,0.0,0.0,0.0,0.0,0.0,0.0,0.0,0.0,0.0,4.0,3.0,0.0,Tusk Theft,7.0,1,2023-02-01,0.8660254037844386,0.5000000000000001,NE_monsoon,19.0,1,Meat/Egg Trade,27.0,1,Meat/Egg Trade,0.0,0,None
Eastern|Ampara Range,2023,3,Eastern,Ampara Range,0.0,0.0,0.0,0.0,0.0,0.0,0.0,0.0,0.0,0.0,0.0,0.0,0.0,23.0,0.0,0.0,Other,23.0,1,2023-03-01,1.0,6.123233995736766e-17,Inter_MarApr,7.0,1,Tusk Theft,19.0,1,Meat/Egg Trade,27.0,1,Meat/Egg Trade
Eastern|Ampara Range,2023,4,Eastern,Ampara Range,0.0,0.0,0.0,0.0,0.0,0.0,0.0,0.0,0.0,0.0,0.0,6.0,0.0,4.0,0.0,0.0,Meat/Egg Trade,10.0,1,2023-04-01,0.8660254037844387,-0.4999999999999998,Inter_MarApr,23.0,1,Other,7.0,1,Tusk Theft,19.0,1,Meat/Egg Trade
Eastern|Ampara Range,2023,5,Eastern,Ampara Range,0.0,0.0,0.0,0.0,0.0,0.0,0.0,6.0,0.0,0.0,0.0,16.0,0.0,0.0,0.0,0.0,Meat/Egg Trade,22.0,1,2023-05-01,0.49999999999999994,-0.8660254037844387,SW_monsoon,10.0,1,Meat/Egg Trade,23.0,1,Other,7.0,1,Tusk Theft
Eastern|Ampara Range,2023,6,Eastern,Ampara Range,0.0,0.0,0.0,0.0,0.0,0.0,0.0,0.0,0.0,0.0,0.0,0.0,0.0,2.0,0.0,0.0,Other,2.0,1,2023-06-01,1.2246467991473532e-16,-1.0,SW_monsoon,22.0,1,Meat/Egg Trade,10.0,1,Meat/Egg Trade,23.0,1,Other
Eastern|Ampara Range,2023,7,Eastern,Ampara Range,0.0,0.0,0.0,0.0,0.0,0.0,0.0,5.0,0.0,0.0,0.0,0.0,0.0,1.0,0.0,0.0,Hunting/Killing,6.0,1,2023-07-01,-0.4999999999999997,-0.8660254037844388,SW_monsoon,2.0,1,Other,22.0,1,Meat/Egg Trade,10.0,1,Meat/Egg Trade
Eastern|Ampara Range,2023,8,Eastern,Ampara Range,0.0,0.0,0.0,0.0,0.0,0.0,0.0,0.0,0.0,0.0,0.0,24.0,0.0,34.0,0.0,0.0,Meat/Egg Trade,58.0,1,2023-08-01,-0.8660254037844384,-0.5000000000000004,SW_monsoon,6.0,1,Hunting/Killing,2.0,1,Other,22.0,1,Meat/Egg Trade
Eastern|Ampara Range,2023,9,Eastern,Ampara Range,0.0,0.0,0.0,0.0,0.0,0.0,0.0,22.0,0.0,0.0,0.0,0.0,0.0,0.0,0.0,0.0,Hunting/Killing,22.0,1,2023-09-01,-1.0,-1.8369701987210297e-16,SW_monsoon,58.0,1,Meat/Egg Trade,6.0,1,Hunting/Killing,2.0,1,Other
Eastern|Ampara Range,2023,10,Eastern,Ampara Range,0.0,0.0,0.0,0.0,0.0,0.0,0.0,0.0,0.0,0.0,0.0,0.0,0.0,0.0,0.0,0.0,None,0.0,0,2023-10-01,-0.8660254037844386,0.5000000000000001,Inter_OctNov,22.0,1,Hunting/Killing,58.0,1,Meat/Egg Trade,6.0,1,Hunting/Killing
Eastern|Ampara Range,2023,11,Eastern,Ampara Range,0.0,0.0,0.0,0.0,0.0,0.0,0.0,0.0,0.0,0.0,0.0,0.0,0.0,10.0,0.0,0.0,Other,10.0,1,2023-11-01,-0.5000000000000004,0.8660254037844384,Inter_OctNov,0.0,0,None,22.0,1,Hunting/Killing,58.0,1,Meat/Egg Trade
Eastern|Ampara Range,2023,12,Eastern,Ampara Range,0.0,0.0,0.0,0.0,0.0,0.0,0.0,0.0,0.0,0.0,0.0,0.0,0.0,0.0,0.0,0.0,None,0.0,0,2023-12-01,-2.4492935982947064e-16,1.0,NE_monsoon,10.0,1,Other,0.0,0,None,22.0,1,Hunting/Killing
Eastern|Ampara Range,2024,1,Eastern,Ampara Range,0.0,0.0,0.0,0.0,0.0,0.0,0.0,0.0,0.0,0.0,0.0,0.0,0.0,0.0,0.0,0.0,None,0.0,0,2024-01-01,0.49999999999999994,0.8660254037844387,NE_monsoon,0.0,0,None,10.0,1,Other,0.0,0,None
Eastern|Ampara Range,2024,2,Eastern,Ampara Range,0.0,0.0,0.0,0.0,0.0,0.0,0.0,0.0,0.0,0.0,0.0,6.0,0.0,0.0,0.0,2.0,Meat/Egg Trade,8.0,1,2024-02-01,0.8660254037844386,0.5000000000000001,NE_monsoon,0.0,0,None,0.0,0,None,10.0,1,Other
Eastern|Ampara Range,2024,3,Eastern,Ampara Range,0.0,0.0,0.0,0.0,0.0,0.0,0.0,0.0,0.0,0.0,0.0,0.0,0.0,0.0,0.0,0.0,None,0.0,0,2024-03-01,1.0,6.123233995736766e-17,Inter_MarApr,8.0,1,Meat/Egg Trade,0.0,0,None,0.0,0,None
Eastern|Ampara Range,2024,4,Eastern,Ampara Range,0.0,0.0,0.0,0.0,0.0,0.0,0.0,0.0,0.0,0.0,0.0,7.0,0.0,0.0,0.0,0.0,Meat/Egg Trade,7.0,1,2024-04-01,0.8660254037844387,-0.4999999999999998,Inter_MarApr,0.0,0,None,8.0,1,Meat/Egg Trade,0.0,0,None
Eastern|Ampara Range,2024,5,Eastern,Ampara Range,0.0,0.0,0.0,0.0,0.0,0.0,0.0,0.0,0.0,0.0,0.0,6.0,0.0,0.0,0.0,0.0,Meat/Egg Trade,6.0,1,2024-05-01,0.49999999999999994,-0.8660254037844387,SW_monsoon,7.0,1,Meat/Egg Trade,0.0,0,None,8.0,1,Meat/Egg Trade
Eastern|Ampara Range,2024,6,Eastern,Ampara Range,0.0,0.0,0.0,0.0,0.0,0.0,0.0,0.0,0.0,0.0,0.0,0.0,0.0,0.0,0.0,0.0,None,0.0,0,2024-06-01,1.2246467991473532e-16,-1.0,SW_monsoon,6.0,1,Meat/Egg Trade,7.0,1,Meat/Egg Trade,0.0,0,None
Eastern|Ampara Range,2024,7,Eastern,Ampara Range,0.0,0.0,0.0,0.0,0.0,0.0,0.0,0.0,0.0,0.0,0.0,0.0,0.0,0.0,0.0,0.0,None,0.0,0,2024-07-01,-0.4999999999999997,-0.8660254037844388,SW_monsoon,0.0,0,None,6.0,1,Meat/Egg Trade,7.0,1,Meat/Egg Trade
Eastern|Ampara Range,2024,8,Eastern,Ampara Range,0.0,0.0,0.0,0.0,0.0,0.0,0.0,0.0,0.0,0.0,0.0,0.0,0.0,0.0,0.0,0.0,None,0.0,0,2024-08-01,-0.8660254037844384,-0.5000000000000004,SW_monsoon,0.0,0,None,0.0,0,None,6.0,1,Meat/Egg Trade
Eastern|Ampara Range,2024,9,Eastern,Ampara Range,0.0,0.0,0.0,0.0,0.0,0.0,0.0,0.0,0.0,0.0,0.0,0.0,0.0,0.0,0.0,0.0,None,0.0,0,2024-09-01,-1.0,-1.8369701987210297e-16,SW_monsoon,0.0,0,None,0.0,0,None,0.0,0,None
Eastern|Ampara Range,2024,10,Eastern,Ampara Range,0.0,0.0,0.0,0.0,0.0,0.0,0.0,0.0,0.0,0.0,0.0,0.0,0.0,0.0,0.0,0.0,None,0.0,0,2024-10-01,-0.8660254037844386,0.5000000000000001,Inter_OctNov,0.0,0,None,0.0,0,None,0.0,0,None
Eastern|Ampara Range,2024,11,Eastern,Ampara Range,0.0,0.0,0.0,0.0,0.0,0.0,0.0,0.0,0.0,0.0,0.0,0.0,0.0,1.0,0.0,0.0,Other,1.0,1,2024-11-01,-0.5000000000000004,0.8660254037844384,Inter_OctNov,0.0,0,None,0.0,0,None,0.0,0,None
Eastern|Ampara Range,2024,12,Eastern,Ampara Range,0.0,0.0,0.0,0.0,0.0,0.0,0.0,0.0,0.0,0.0,0.0,0.0,0.0,0.0,0.0,0.0,None,0.0,0,2024-12-01,-2.4492935982947064e-16,1.0,NE_monsoon,1.0,1,Other,0.0,0,None,0.0,0,None
Eastern|Batticaloa  Range,2022,1,Eastern,Batticaloa  Range,0.0,0.0,0.0,0.0,0.0,0.0,0.0,0.0,0.0,0.0,0.0,0.0,0.0,0.0,0.0,0.0,None,0.0,0,2022-01-01,0.49999999999999994,0.8660254037844387,NE_monsoon,0.0,0,None,0.0,0,None,0.0,0,None
Eastern|Batticaloa  Range,2022,2,Eastern,Batticaloa  Range,0.0,0.0,0.0,0.0,0.0,0.0,0.0,0.0,0.0,0.0,0.0,0.0,0.0,0.0,0.0,0.0,None,0.0,0,2022-02-01,0.8660254037844386,0.5000000000000001,NE_monsoon,0.0,0,None,0.0,0,None,0.0,0,None
Eastern|Batticaloa  Range,2022,3,Eastern,Batticaloa  Range,0.0,0.0,0.0,0.0,0.0,0.0,0.0,0.0,0.0,0.0,0.0,0.0,0.0,0.0,0.0,0.0,None,0.0,0,2022-03-01,1.0,6.123233995736766e-17,Inter_MarApr,0.0,0,None,0.0,0,None,0.0,0,None
Eastern|Batticaloa  Range,2022,4,Eastern,Batticaloa  Range,0.0,0.0,0.0,0.0,0.0,0.0,0.0,0.0,0.0,0.0,0.0,0.0,0.0,0.0,0.0,0.0,None,0.0,0,2022-04-01,0.8660254037844387,-0.4999999999999998,Inter_MarApr,0.0,0,None,0.0,0,None,0.0,0,None
Eastern|Batticaloa  Range,2022,5,Eastern,Batticaloa  Range,0.0,0.0,0.0,0.0,0.0,0.0,0.0,0.0,0.0,0.0,0.0,0.0,0.0,0.0,0.0,0.0,None,0.0,0,2022-05-01,0.49999999999999994,-0.8660254037844387,SW_monsoon,0.0,0,None,0.0,0,None,0.0,0,None
Eastern|Batticaloa  Range,2022,6,Eastern,Batticaloa  Range,0.0,0.0,0.0,0.0,0.0,0.0,0.0,0.0,0.0,0.0,0.0,0.0,0.0,0.0,0.0,0.0,None,0.0,0,2022-06-01,1.2246467991473532e-16,-1.0,SW_monsoon,0.0,0,None,0.0,0,None,0.0,0,None
Eastern|Batticaloa  Range,2022,7,Eastern,Batticaloa  Range,0.0,0.0,0.0,0.0,0.0,0.0,0.0,0.0,0.0,0.0,0.0,0.0,0.0,0.0,0.0,0.0,None,0.0,0,2022-07-01,-0.4999999999999997,-0.8660254037844388,SW_monsoon,0.0,0,None,0.0,0,None,0.0,0,None
Eastern|Batticaloa  Range,2022,8,Eastern,Batticaloa  Range,0.0,0.0,0.0,0.0,0.0,0.0,0.0,0.0,0.0,0.0,0.0,0.0,0.0,0.0,0.0,0.0,None,0.0,0,2022-08-01,-0.8660254037844384,-0.5000000000000004,SW_monsoon,0.0,0,None,0.0,0,None,0.0,0,None
Eastern|Batticaloa  Range,2022,9,Eastern,Batticaloa  Range,0.0,0.0,0.0,0.0,0.0,0.0,0.0,0.0,0.0,0.0,0.0,0.0,0.0,0.0,0.0,0.0,None,0.0,0,2022-09-01,-1.0,-1.8369701987210297e-16,SW_monsoon,0.0,0,None,0.0,0,None,0.0,0,None
Eastern|Batticaloa  Range,2022,10,Eastern,Batticaloa  Range,0.0,0.0,0.0,0.0,0.0,0.0,0.0,0.0,0.0,0.0,0.0,0.0,0.0,0.0,0.0,0.0,None,0.0,0,2022-10-01,-0.8660254037844386,0.5000000000000001,Inter_OctNov,0.0,0,None,0.0,0,None,0.0,0,None
Eastern|Batticaloa  Range,2022,11,Eastern,Batticaloa  Range,0.0,0.0,0.0,0.0,0.0,0.0,0.0,0.0,0.0,0.0,0.0,0.0,0.0,0.0,0.0,0.0,None,0.0,0,2022-11-01,-0.5000000000000004,0.8660254037844384,Inter_OctNov,0.0,0,None,0.0,0,None,0.0,0,None
Eastern|Batticaloa  Range,2022,12,Eastern,Batticaloa  Range,0.0,0.0,0.0,0.0,0.0,0.0,0.0,0.0,0.0,0.0,0.0,0.0,0.0,0.0,0.0,0.0,None,0.0,0,2022-12-01,-2.4492935982947064e-16,1.0,NE_monsoon,0.0,0,None,0.0,0,None,0.0,0,None
Eastern|Batticaloa  Range,2023,1,Eastern,Batticaloa  Range,0.0,0.0,0.0,0.0,0.0,0.0,0.0,0.0,0.0,0.0,0.0,0.0,0.0,0.0,0.0,0.0,None,0.0,0,2023-01-01,0.49999999999999994,0.8660254037844387,NE_monsoon,0.0,0,None,0.0,0,None,0.0,0,None
Eastern|Batticaloa  Range,2023,2,Eastern,Batticaloa  Range,0.0,0.0,0.0,0.0,0.0,0.0,0.0,0.0,0.0,0.0,0.0,0.0,0.0,0.0,0.0,0.0,None,0.0,0,2023-02-01,0.8660254037844386,0.5000000000000001,NE_monsoon,0.0,0,None,0.0,0,None,0.0,0,None
Eastern|Batticaloa  Range,2023,3,Eastern,Batticaloa  Range,0.0,0.0,0.0,0.0,0.0,0.0,0.0,0.0,0.0,0.0,0.0,0.0,0.0,0.0,0.0,0.0,None,0.0,0,2023-03-01,1.0,6.123233995736766e-17,Inter_MarApr,0.0,0,None,0.0,0,None,0.0,0,None
Eastern|Batticaloa  Range,2023,4,Eastern,Batticaloa  Range,0.0,0.0,0.0,0.0,0.0,0.0,0.0,0.0,0.0,0.0,0.0,0.0,0.0,0.0,0.0,0.0,None,0.0,0,2023-04-01,0.8660254037844387,-0.4999999999999998,Inter_MarApr,0.0,0,None,0.0,0,None,0.0,0,None
Eastern|Batticaloa  Range,2023,5,Eastern,Batticaloa  Range,0.0,0.0,0.0,0.0,0.0,0.0,0.0,0.0,0.0,0.0,0.0,0.0,0.0,0.0,0.0,0.0,None,0.0,0,2023-05-01,0.49999999999999994,-0.8660254037844387,SW_monsoon,0.0,0,None,0.0,0,None,0.0,0,None
Eastern|Batticaloa  Range,2023,6,Eastern,Batticaloa  Range,0.0,0.0,0.0,0.0,0.0,0.0,0.0,0.0,0.0,0.0,0.0,0.0,0.0,0.0,0.0,0.0,None,0.0,0,2023-06-01,1.2246467991473532e-16,-1.0,SW_monsoon,0.0,0,None,0.0,0,None,0.0,0,None
Eastern|Batticaloa  Range,2023,7,Eastern,Batticaloa  Range,0.0,0.0,0.0,0.0,0.0,0.0,0.0,0.0,0.0,0.0,0.0,0.0,0.0,0.0,0.0,0.0,None,0.0,0,2023-07-01,-0.4999999999999997,-0.8660254037844388,SW_monsoon,0.0,0,None,0.0,0,None,0.0,0,None
Eastern|Batticaloa  Range,2023,8,Eastern,Batticaloa  Range,0.0,0.0,0.0,0.0,0.0,0.0,0.0,0.0,0.0,0.0,0.0,0.0,0.0,0.0,0.0,0.0,None,0.0,0,2023-08-01,-0.8660254037844384,-0.5000000000000004,SW_monsoon,0.0,0,None,0.0,0,None,0.0,0,None
Eastern|Batticaloa  Range,2023,9,Eastern,Batticaloa  Range,0.0,0.0,0.0,0.0,0.0,0.0,0.0,0.0,0.0,0.0,0.0,0.0,0.0,0.0,0.0,0.0,None,0.0,0,2023-09-01,-1.0,-1.8369701987210297e-16,SW_monsoon,0.0,0,None,0.0,0,None,0.0,0,None
Eastern|Batticaloa  Range,2023,10,Eastern,Batticaloa  Range,0.0,0.0,0.0,0.0,0.0,0.0,0.0,0.0,0.0,0.0,0.0,0.0,0.0,0.0,0.0,0.0,None,0.0,0,2023-10-01,-0.8660254037844386,0.5000000000000001,Inter_OctNov,0.0,0,None,0.0,0,None,0.0,0,None
Eastern|Batticaloa  Range,2023,11,Eastern,Batticaloa  Range,0.0,0.0,0.0,0.0,0.0,0.0,0.0,0.0,0.0,0.0,0.0,0.0,0.0,0.0,0.0,0.0,None,0.0,0,2023-11-01,-0.5000000000000004,0.8660254037844384,Inter_OctNov,0.0,0,None,0.0,0,None,0.0,0,None
Eastern|Batticaloa  Range,2023,12,Eastern,Batticaloa  Range,0.0,0.0,0.0,0.0,0.0,0.0,0.0,0.0,0.0,0.0,0.0,0.0,0.0,0.0,0.0,0.0,None,0.0,0,2023-12-01,-2.4492935982947064e-16,1.0,NE_monsoon,0.0,0,None,0.0,0,None,0.0,0,None
Eastern|Batticaloa  Range,2024,1,Eastern,Batticaloa  Range,0.0,0.0,0.0,0.0,0.0,0.0,0.0,0.0,0.0,0.0,0.0,0.0,0.0,7.0,0.0,0.0,Other,7.0,1,2024-01-01,0.49999999999999994,0.8660254037844387,NE_monsoon,0.0,0,None,0.0,0,None,0.0,0,None
Eastern|Batticaloa  Range,2024,2,Eastern,Batticaloa  Range,0.0,0.0,0.0,0.0,0.0,0.0,0.0,0.0,0.0,0.0,0.0,0.0,0.0,69.0,0.0,0.0,Other,69.0,1,2024-02-01,0.8660254037844386,0.5000000000000001,NE_monsoon,7.0,1,Other,0.0,0,None,0.0,0,None
Eastern|Batticaloa  Range,2024,3,Eastern,Batticaloa  Range,0.0,0.0,0.0,0.0,0.0,0.0,0.0,0.0,0.0,0.0,0.0,0.0,0.0,0.0,0.0,0.0,None,0.0,0,2024-03-01,1.0,6.123233995736766e-17,Inter_MarApr,69.0,1,Other,7.0,1,Other,0.0,0,None
Eastern|Batticaloa  Range,2024,4,Eastern,Batticaloa  Range,0.0,0.0,0.0,0.0,0.0,0.0,0.0,0.0,0.0,0.0,0.0,0.0,0.0,71.0,0.0,54.0,Weapons/Traps,125.0,1,2024-04-01,0.8660254037844387,-0.4999999999999998,Inter_MarApr,0.0,0,None,69.0,1,Other,7.0,1,Other
Eastern|Batticaloa  Range,2024,5,Eastern,Batticaloa  Range,0.0,0.0,0.0,0.0,0.0,0.0,0.0,0.0,0.0,0.0,0.0,0.0,0.0,4.0,0.0,0.0,Other,4.0,1,2024-05-01,0.49999999999999994,-0.8660254037844387,SW_monsoon,125.0,1,Weapons/Traps,0.0,0,None,69.0,1,Other
Eastern|Batticaloa  Range,2024,6,Eastern,Batticaloa  Range,0.0,0.0,0.0,0.0,0.0,0.0,0.0,0.0,0.0,0.0,0.0,0.0,0.0,2.0,0.0,0.0,Other,2.0,1,2024-06-01,1.2246467991473532e-16,-1.0,SW_monsoon,4.0,1,Other,125.0,1,Weapons/Traps,0.0,0,None
Eastern|Batticaloa  Range,2024,7,Eastern,Batticaloa  Range,0.0,0.0,0.0,0.0,0.0,0.0,0.0,0.0,0.0,0.0,0.0,0.0,0.0,15.0,0.0,0.0,Other,15.0,1,2024-07-01,-0.4999999999999997,-0.8660254037844388,SW_monsoon,2.0,1,Other,4.0,1,Other,125.0,1,Weapons/Traps
Eastern|Batticaloa  Range,2024,8,Eastern,Batticaloa  Range,0.0,0.0,0.0,0.0,0.0,0.0,0.0,0.0,0.0,0.0,0.0,17.0,0.0,0.0,0.0,0.0,Meat/Egg Trade,17.0,1,2024-08-01,-0.8660254037844384,-0.5000000000000004,SW_monsoon,15.0,1,Other,2.0,1,Other,4.0,1,Other
Eastern|Batticaloa  Range,2024,9,Eastern,Batticaloa  Range,0.0,0.0,0.0,0.0,0.0,0.0,0.0,0.0,0.0,0.0,0.0,0.0,0.0,0.0,0.0,0.0,None,0.0,0,2024-09-01,-1.0,-1.8369701987210297e-16,SW_monsoon,17.0,1,Meat/Egg Trade,15.0,1,Other,2.0,1,Other
Eastern|Batticaloa  Range,2024,10,Eastern,Batticaloa  Range,0.0,0.0,0.0,0.0,0.0,0.0,0.0,0.0,0.0,0.0,0.0,0.0,0.0,0.0,0.0,0.0,None,0.0,0,2024-10-01,-0.8660254037844386,0.5000000000000001,Inter_OctNov,0.0,0,None,17.0,1,Meat/Egg Trade,15.0,1,Other
Eastern|Batticaloa  Range,2024,11,Eastern,Batticaloa  Range,0.0,0.0,0.0,0.0,0.0,0.0,0.0,0.0,0.0,0.0,0.0,6.0,0.0,0.0,0.0,0.0,Meat/Egg Trade,6.0,1,2024-11-01,-0.5000000000000004,0.8660254037844384,Inter_OctNov,0.0,0,None,0.0,0,None,17.0,1,Meat/Egg Trade
Eastern|Batticaloa  Range,2024,12,Eastern,Batticaloa  Range,0.0,0.0,0.0,0.0,0.0,0.0,0.0,0.0,0.0,0.0,0.0,0.0,0.0,49.0,0.0,0.0,Other,49.0,1,2024-12-01,-2.4492935982947064e-16,1.0,NE_monsoon,6.0,1,Meat/Egg Trade,0.0,0,None,0.0,0,None
Eastern|Batticaloa Range,2022,1,Eastern,Batticaloa Range,0.0,0.0,0.0,0.0,0.0,0.0,0.0,0.0,0.0,0.0,0.0,0.0,0.0,0.0,0.0,0.0,None,0.0,0,2022-01-01,0.49999999999999994,0.8660254037844387,NE_monsoon,0.0,0,None,0.0,0,None,0.0,0,None
Eastern|Batticaloa Range,2022,2,Eastern,Batticaloa Range,0.0,0.0,0.0,0.0,0.0,0.0,0.0,19.0,0.0,0.0,0.0,20.0,0.0,0.0,0.0,0.0,Meat/Egg Trade,39.0,1,2022-02-01,0.8660254037844386,0.5000000000000001,NE_monsoon,0.0,0,None,0.0,0,None,0.0,0,None
Eastern|Batticaloa Range,2022,3,Eastern,Batticaloa Range,0.0,0.0,0.0,0.0,0.0,0.0,0.0,5.0,0.0,0.0,0.0,0.0,0.0,0.0,0.0,0.0,Hunting/Killing,5.0,1,2022-03-01,1.0,6.123233995736766e-17,Inter_MarApr,39.0,1,Meat/Egg Trade,0.0,0,None,0.0,0,None
Eastern|Batticaloa Range,2022,4,Eastern,Batticaloa Range,0.0,0.0,0.0,0.0,0.0,0.0,0.0,0.0,0.0,0.0,0.0,0.0,0.0,0.0,0.0,0.0,None,0.0,0,2022-04-01,0.8660254037844387,-0.4999999999999998,Inter_MarApr,5.0,1,Hunting/Killing,39.0,1,Meat/Egg Trade,0.0,0,None
Eastern|Batticaloa Range,2022,5,Eastern,Batticaloa Range,0.0,0.0,0.0,0.0,0.0,0.0,0.0,12.0,0.0,0.0,0.0,0.0,0.0,0.0,0.0,0.0,Hunting/Killing,12.0,1,2022-05-01,0.49999999999999994,-0.8660254037844387,SW_monsoon,0.0,0,None,5.0,1,Hunting/Killing,39.0,1,Meat/Egg Trade
Eastern|Batticaloa Range,2022,6,Eastern,Batticaloa Range,0.0,0.0,0.0,0.0,0.0,0.0,0.0,0.0,0.0,2.0,0.0,0.0,0.0,0.0,0.0,0.0,Illegal Fishing,2.0,1,2022-06-01,1.2246467991473532e-16,-1.0,SW_monsoon,12.0,1,Hunting/Killing,0.0,0,None,5.0,1,Hunting/Killing
Eastern|Batticaloa Range,2022,7,Eastern,Batticaloa Range,0.0,0.0,0.0,0.0,0.0,0.0,0.0,0.0,0.0,0.0,0.0,0.0,0.0,0.0,0.0,0.0,None,0.0,0,2022-07-01,-0.4999999999999997,-0.8660254037844388,SW_monsoon,2.0,1,Illegal Fishing,12.0,1,Hunting/Killing,0.0,0,None
Eastern|Batticaloa Range,2022,8,Eastern,Batticaloa Range,0.0,0.0,0.0,0.0,0.0,0.0,0.0,0.0,0.0,0.0,0.0,0.0,0.0,0.0,0.0,0.0,None,0.0,0,2022-08-01,-0.8660254037844384,-0.5000000000000004,SW_monsoon,0.0,0,None,2.0,1,Illegal Fishing,12.0,1,Hunting/Killing
Eastern|Batticaloa Range,2022,9,Eastern,Batticaloa Range,0.0,0.0,0.0,0.0,0.0,0.0,0.0,0.0,0.0,0.0,0.0,0.0,0.0,0.0,0.0,0.0,None,0.0,0,2022-09-01,-1.0,-1.8369701987210297e-16,SW_monsoon,0.0,0,None,0.0,0,None,2.0,1,Illegal Fishing
Eastern|Batticaloa Range,2022,10,Eastern,Batticaloa Range,0.0,0.0,0.0,0.0,0.0,0.0,0.0,0.0,0.0,0.0,0.0,0.0,0.0,0.0,0.0,0.0,None,0.0,0,2022-10-01,-0.8660254037844386,0.5000000000000001,Inter_OctNov,0.0,0,None,0.0,0,None,0.0,0,None
Eastern|Batticaloa Range,2022,11,Eastern,Batticaloa Range,0.0,0.0,0.0,0.0,0.0,0.0,0.0,0.0,0.0,0.0,0.0,0.0,0.0,0.0,0.0,0.0,None,0.0,0,2022-11-01,-0.5000000000000004,0.8660254037844384,Inter_OctNov,0.0,0,None,0.0,0,None,0.0,0,None
Eastern|Batticaloa Range,2022,12,Eastern,Batticaloa Range,0.0,0.0,0.0,0.0,0.0,0.0,0.0,0.0,0.0,0.0,0.0,20.0,0.0,16.0,0.0,0.0,Meat/Egg Trade,36.0,1,2022-12-01,-2.4492935982947064e-16,1.0,NE_monsoon,0.0,0,None,0.0,0,None,0.0,0,None
Eastern|Batticaloa Range,2023,1,Eastern,Batticaloa Range,0.0,0.0,0.0,0.0,0.0,0.0,0.0,0.0,0.0,0.0,0.0,0.0,0.0,0.0,0.0,0.0,None,0.0,0,2023-01-01,0.49999999999999994,0.8660254037844387,NE_monsoon,36.0,1,Meat/Egg Trade,0.0,0,None,0.0,0,None
Eastern|Batticaloa Range,2023,2,Eastern,Batticaloa Range,0.0,0.0,0.0,0.0,0.0,0.0,0.0,0.0,0.0,0.0,0.0,0.0,0.0,0.0,0.0,0.0,None,0.0,0,2023-02-01,0.8660254037844386,0.5000000000000001,NE_monsoon,0.0,0,None,36.0,1,Meat/Egg Trade,0.0,0,None
Eastern|Batticaloa Range,2023,3,Eastern,Batticaloa Range,0.0,0.0,0.0,0.0,0.0,0.0,0.0,0.0,0.0,0.0,0.0,0.0,0.0,0.0,0.0,0.0,None,0.0,0,2023-03-01,1.0,6.123233995736766e-17,Inter_MarApr,0.0,0,None,0.0,0,None,36.0,1,Meat/Egg Trade
Eastern|Batticaloa Range,2023,4,Eastern,Batticaloa Range,0.0,0.0,0.0,0.0,0.0,0.0,0.0,0.0,0.0,0.0,0.0,0.0,0.0,0.0,0.0,0.0,None,0.0,0,2023-04-01,0.8660254037844387,-0.4999999999999998,Inter_MarApr,0.0,0,None,0.0,0,None,0.0,0,None
Eastern|Batticaloa Range,2023,5,Eastern,Batticaloa Range,0.0,0.0,0.0,0.0,0.0,0.0,0.0,0.0,0.0,0.0,0.0,0.0,0.0,0.0,0.0,0.0,None,0.0,0,2023-05-01,0.49999999999999994,-0.8660254037844387,SW_monsoon,0.0,0,None,0.0,0,None,0.0,0,None
Eastern|Batticaloa Range,2023,6,Eastern,Batticaloa Range,0.0,0.0,0.0,0.0,0.0,0.0,0.0,0.0,0.0,0.0,0.0,0.0,0.0,0.0,0.0,0.0,None,0.0,0,2023-06-01,1.2246467991473532e-16,-1.0,SW_monsoon,0.0,0,None,0.0,0,None,0.0,0,None
Eastern|Batticaloa Range,2023,7,Eastern,Batticaloa Range,0.0,0.0,0.0,0.0,0.0,0.0,0.0,0.0,0.0,0.0,0.0,0.0,0.0,0.0,0.0,0.0,None,0.0,0,2023-07-01,-0.4999999999999997,-0.8660254037844388,SW_monsoon,0.0,0,None,0.0,0,None,0.0,0,None
Eastern|Batticaloa Range,2023,8,Eastern,Batticaloa Range,0.0,0.0,0.0,0.0,0.0,0.0,0.0,0.0,0.0,0.0,0.0,0.0,0.0,0.0,0.0,0.0,None,0.0,0,2023-08-01,-0.8660254037844384,-0.5000000000000004,SW_monsoon,0.0,0,None,0.0,0,None,0.0,0,None
Eastern|Batticaloa Range,2023,9,Eastern,Batticaloa Range,0.0,0.0,0.0,0.0,0.0,0.0,0.0,0.0,0.0,0.0,0.0,0.0,0.0,0.0,0.0,0.0,None,0.0,0,2023-09-01,-1.0,-1.8369701987210297e-16,SW_monsoon,0.0,0,None,0.0,0,None,0.0,0,None
Eastern|Batticaloa Range,2023,10,Eastern,Batticaloa Range,0.0,0.0,0.0,0.0,0.0,0.0,0.0,0.0,0.0,0.0,0.0,0.0,0.0,0.0,0.0,0.0,None,0.0,0,2023-10-01,-0.8660254037844386,0.5000000000000001,Inter_OctNov,0.0,0,None,0.0,0,None,0.0,0,None
Eastern|Batticaloa Range,2023,11,Eastern,Batticaloa Range,0.0,0.0,0.0,0.0,0.0,0.0,0.0,0.0,0.0,0.0,0.0,0.0,0.0,0.0,0.0,0.0,None,0.0,0,2023-11-01,-0.5000000000000004,0.8660254037844384,Inter_OctNov,0.0,0,None,0.0,0,None,0.0,0,None
Eastern|Batticaloa Range,2023,12,Eastern,Batticaloa Range,0.0,0.0,0.0,0.0,0.0,0.0,0.0,0.0,0.0,0.0,0.0,0.0,0.0,0.0,0.0,0.0,None,0.0,0,2023-12-01,-2.4492935982947064e-16,1.0,NE_monsoon,0.0,0,None,0.0,0,None,0.0,0,None
Eastern|Batticaloa Range,2024,1,Eastern,Batticaloa Range,0.0,0.0,0.0,0.0,0.0,0.0,0.0,0.0,0.0,0.0,0.0,0.0,0.0,0.0,0.0,0.0,None,0.0,0,2024-01-01,0.49999999999999994,0.8660254037844387,NE_monsoon,0.0,0,None,0.0,0,None,0.0,0,None
Eastern|Batticaloa Range,2024,2,Eastern,Batticaloa Range,0.0,0.0,0.0,0.0,0.0,0.0,0.0,0.0,0.0,0.0,0.0,0.0,0.0,0.0,0.0,0.0,None,0.0,0,2024-02-01,0.8660254037844386,0.5000000000000001,NE_monsoon,0.0,0,None,0.0,0,None,0.0,0,None
Eastern|Batticaloa Range,2024,3,Eastern,Batticaloa Range,0.0,0.0,0.0,0.0,0.0,0.0,0.0,0.0,0.0,0.0,0.0,0.0,0.0,0.0,0.0,0.0,None,0.0,0,2024-03-01,1.0,6.123233995736766e-17,Inter_MarApr,0.0,0,None,0.0,0,None,0.0,0,None
Eastern|Batticaloa Range,2024,4,Eastern,Batticaloa Range,0.0,0.0,0.0,0.0,0.0,0.0,0.0,0.0,0.0,0.0,0.0,0.0,0.0,0.0,0.0,0.0,None,0.0,0,2024-04-01,0.8660254037844387,-0.4999999999999998,Inter_MarApr,0.0,0,None,0.0,0,None,0.0,0,None
Eastern|Batticaloa Range,2024,5,Eastern,Batticaloa Range,0.0,0.0,0.0,0.0,0.0,0.0,0.0,0.0,0.0,0.0,0.0,0.0,0.0,0.0,0.0,0.0,None,0.0,0,2024-05-01,0.49999999999999994,-0.8660254037844387,SW_monsoon,0.0,0,None,0.0,0,None,0.0,0,None
Eastern|Batticaloa Range,2024,6,Eastern,Batticaloa Range,0.0,0.0,0.0,0.0,0.0,0.0,0.0,0.0,0.0,0.0,0.0,0.0,0.0,0.0,0.0,0.0,None,0.0,0,2024-06-01,1.2246467991473532e-16,-1.0,SW_monsoon,0.0,0,None,0.0,0,None,0.0,0,None
Eastern|Batticaloa Range,2024,7,Eastern,Batticaloa Range,0.0,0.0,0.0,0.0,0.0,0.0,0.0,0.0,0.0,0.0,0.0,0.0,0.0,0.0,0.0,0.0,None,0.0,0,2024-07-01,-0.4999999999999997,-0.8660254037844388,SW_monsoon,0.0,0,None,0.0,0,None,0.0,0,None
Eastern|Batticaloa Range,2024,8,Eastern,Batticaloa Range,0.0,0.0,0.0,0.0,0.0,0.0,0.0,0.0,0.0,0.0,0.0,0.0,0.0,0.0,0.0,0.0,None,0.0,0,2024-08-01,-0.8660254037844384,-0.5000000000000004,SW_monsoon,0.0,0,None,0.0,0,None,0.0,0,None
Eastern|Batticaloa Range,2024,9,Eastern,Batticaloa Range,0.0,0.0,0.0,0.0,0.0,0.0,0.0,0.0,0.0,0.0,0.0,0.0,0.0,0.0,0.0,0.0,None,0.0,0,2024-09-01,-1.0,-1.8369701987210297e-16,SW_monsoon,0.0,0,None,0.0,0,None,0.0,0,None
Eastern|Batticaloa Range,2024,10,Eastern,Batticaloa Range,0.0,0.0,0.0,0.0,0.0,0.0,0.0,0.0,0.0,0.0,0.0,0.0,0.0,0.0,0.0,0.0,None,0.0,0,2024-10-01,-0.8660254037844386,0.5000000000000001,Inter_OctNov,0.0,0,None,0.0,0,None,0.0,0,None
Eastern|Batticaloa Range,2024,11,Eastern,Batticaloa Range,0.0,0.0,0.0,0.0,0.0,0.0,0.0,0.0,0.0,0.0,0.0,0.0,0.0,0.0,0.0,0.0,None,0.0,0,2024-11-01,-0.5000000000000004,0.8660254037844384,Inter_OctNov,0.0,0,None,0.0,0,None,0.0,0,None
Eastern|Batticaloa Range,2024,12,Eastern,Batticaloa Range,0.0,0.0,0.0,0.0,0.0,0.0,0.0,0.0,0.0,0.0,0.0,0.0,0.0,0.0,0.0,0.0,None,0.0,0,2024-12-01,-2.4492935982947064e-16,1.0,NE_monsoon,0.0,0,None,0.0,0,None,0.0,0,None
Eastern|Damana Range,2022,1,Eastern,Damana Range,0.0,0.0,0.0,0.0,0.0,0.0,0.0,0.0,0.0,0.0,0.0,0.0,0.0,0.0,0.0,0.0,None,0.0,0,2022-01-01,0.49999999999999994,0.8660254037844387,NE_monsoon,0.0,0,None,0.0,0,None,0.0,0,None
Eastern|Damana Range,2022,2,Eastern,Damana Range,0.0,0.0,0.0,0.0,0.0,0.0,0.0,0.0,0.0,0.0,0.0,0.0,0.0,0.0,0.0,0.0,None,0.0,0,2022-02-01,0.8660254037844386,0.5000000000000001,NE_monsoon,0.0,0,None,0.0,0,None,0.0,0,None
Eastern|Damana Range,2022,3,Eastern,Damana Range,0.0,0.0,0.0,0.0,0.0,0.0,0.0,0.0,0.0,0.0,0.0,0.0,0.0,0.0,0.0,0.0,None,0.0,0,2022-03-01,1.0,6.123233995736766e-17,Inter_MarApr,0.0,0,None,0.0,0,None,0.0,0,None
Eastern|Damana Range,2022,4,Eastern,Damana Range,0.0,0.0,0.0,0.0,0.0,0.0,0.0,0.0,0.0,0.0,0.0,0.0,0.0,0.0,0.0,0.0,None,0.0,0,2022-04-01,0.8660254037844387,-0.4999999999999998,Inter_MarApr,0.0,0,None,0.0,0,None,0.0,0,None
Eastern|Damana Range,2022,5,Eastern,Damana Range,0.0,0.0,0.0,0.0,0.0,0.0,0.0,0.0,0.0,0.0,0.0,0.0,0.0,0.0,0.0,0.0,None,0.0,0,2022-05-01,0.49999999999999994,-0.8660254037844387,SW_monsoon,0.0,0,None,0.0,0,None,0.0,0,None
Eastern|Damana Range,2022,6,Eastern,Damana Range,0.0,0.0,0.0,0.0,0.0,0.0,0.0,0.0,0.0,0.0,0.0,0.0,0.0,0.0,0.0,0.0,None,0.0,0,2022-06-01,1.2246467991473532e-16,-1.0,SW_monsoon,0.0,0,None,0.0,0,None,0.0,0,None
Eastern|Damana Range,2022,7,Eastern,Damana Range,0.0,0.0,0.0,0.0,0.0,0.0,0.0,0.0,0.0,0.0,0.0,0.0,0.0,0.0,0.0,0.0,None,0.0,0,2022-07-01,-0.4999999999999997,-0.8660254037844388,SW_monsoon,0.0,0,None,0.0,0,None,0.0,0,None
Eastern|Damana Range,2022,8,Eastern,Damana Range,0.0,0.0,0.0,0.0,0.0,0.0,0.0,0.0,0.0,0.0,0.0,0.0,0.0,0.0,0.0,0.0,None,0.0,0,2022-08-01,-0.8660254037844384,-0.5000000000000004,SW_monsoon,0.0,0,None,0.0,0,None,0.0,0,None
Eastern|Damana Range,2022,9,Eastern,Damana Range,0.0,0.0,0.0,0.0,0.0,0.0,0.0,0.0,0.0,0.0,0.0,0.0,0.0,0.0,0.0,0.0,None,0.0,0,2022-09-01,-1.0,-1.8369701987210297e-16,SW_monsoon,0.0,0,None,0.0,0,None,0.0,0,None
Eastern|Damana Range,2022,10,Eastern,Damana Range,0.0,0.0,0.0,0.0,0.0,0.0,0.0,0.0,0.0,0.0,0.0,0.0,0.0,0.0,0.0,0.0,None,0.0,0,2022-10-01,-0.8660254037844386,0.5000000000000001,Inter_OctNov,0.0,0,None,0.0,0,None,0.0,0,None
Eastern|Damana Range,2022,11,Eastern,Damana Range,0.0,0.0,0.0,0.0,0.0,0.0,0.0,0.0,0.0,0.0,0.0,0.0,0.0,0.0,0.0,0.0,None,0.0,0,2022-11-01,-0.5000000000000004,0.8660254037844384,Inter_OctNov,0.0,0,None,0.0,0,None,0.0,0,None
Eastern|Damana Range,2022,12,Eastern,Damana Range,0.0,0.0,0.0,0.0,0.0,0.0,0.0,0.0,0.0,0.0,0.0,0.0,0.0,0.0,0.0,0.0,None,0.0,0,2022-12-01,-2.4492935982947064e-16,1.0,NE_monsoon,0.0,0,None,0.0,0,None,0.0,0,None
Eastern|Damana Range,2023,1,Eastern,Damana Range,0.0,0.0,0.0,0.0,0.0,0.0,0.0,0.0,0.0,0.0,0.0,0.0,0.0,0.0,0.0,0.0,None,0.0,0,2023-01-01,0.49999999999999994,0.8660254037844387,NE_monsoon,0.0,0,None,0.0,0,None,0.0,0,None
Eastern|Damana Range,2023,2,Eastern,Damana Range,0.0,0.0,0.0,0.0,0.0,0.0,0.0,0.0,0.0,0.0,0.0,0.0,0.0,0.0,0.0,0.0,None,0.0,0,2023-02-01,0.8660254037844386,0.5000000000000001,NE_monsoon,0.0,0,None,0.0,0,None,0.0,0,None
Eastern|Damana Range,2023,3,Eastern,Damana Range,0.0,0.0,0.0,0.0,0.0,0.0,0.0,0.0,0.0,0.0,0.0,0.0,0.0,0.0,0.0,0.0,None,0.0,0,2023-03-01,1.0,6.123233995736766e-17,Inter_MarApr,0.0,0,None,0.0,0,None,0.0,0,None
Eastern|Damana Range,2023,4,Eastern,Damana Range,0.0,0.0,0.0,0.0,0.0,0.0,0.0,0.0,0.0,0.0,0.0,0.0,0.0,0.0,0.0,0.0,None,0.0,0,2023-04-01,0.8660254037844387,-0.4999999999999998,Inter_MarApr,0.0,0,None,0.0,0,None,0.0,0,None
Eastern|Damana Range,2023,5,Eastern,Damana Range,0.0,0.0,0.0,0.0,0.0,0.0,0.0,0.0,0.0,0.0,0.0,0.0,0.0,0.0,0.0,0.0,None,0.0,0,2023-05-01,0.49999999999999994,-0.8660254037844387,SW_monsoon,0.0,0,None,0.0,0,None,0.0,0,None
Eastern|Damana Range,2023,6,Eastern,Damana Range,0.0,0.0,0.0,0.0,0.0,0.0,0.0,0.0,0.0,0.0,0.0,0.0,0.0,0.0,0.0,0.0,None,0.0,0,2023-06-01,1.2246467991473532e-16,-1.0,SW_monsoon,0.0,0,None,0.0,0,None,0.0,0,None
Eastern|Damana Range,2023,7,Eastern,Damana Range,0.0,0.0,0.0,0.0,0.0,0.0,0.0,0.0,0.0,0.0,0.0,0.0,0.0,0.0,0.0,0.0,None,0.0,0,2023-07-01,-0.4999999999999997,-0.8660254037844388,SW_monsoon,0.0,0,None,0.0,0,None,0.0,0,None
Eastern|Damana Range,2023,8,Eastern,Damana Range,0.0,0.0,0.0,0.0,0.0,0.0,0.0,0.0,0.0,0.0,0.0,0.0,0.0,0.0,0.0,0.0,None,0.0,0,2023-08-01,-0.8660254037844384,-0.5000000000000004,SW_monsoon,0.0,0,None,0.0,0,None,0.0,0,None
Eastern|Damana Range,2023,9,Eastern,Damana Range,0.0,0.0,0.0,0.0,0.0,0.0,0.0,0.0,0.0,0.0,0.0,0.0,0.0,0.0,0.0,0.0,None,0.0,0,2023-09-01,-1.0,-1.8369701987210297e-16,SW_monsoon,0.0,0,None,0.0,0,None,0.0,0,None
Eastern|Damana Range,2023,10,Eastern,Damana Range,0.0,0.0,0.0,0.0,0.0,0.0,0.0,0.0,0.0,0.0,0.0,0.0,0.0,0.0,0.0,0.0,None,0.0,0,2023-10-01,-0.8660254037844386,0.5000000000000001,Inter_OctNov,0.0,0,None,0.0,0,None,0.0,0,None
Eastern|Damana Range,2023,11,Eastern,Damana Range,0.0,0.0,0.0,0.0,0.0,0.0,0.0,0.0,0.0,0.0,0.0,0.0,0.0,0.0,0.0,0.0,None,0.0,0,2023-11-01,-0.5000000000000004,0.8660254037844384,Inter_OctNov,0.0,0,None,0.0,0,None,0.0,0,None
Eastern|Damana Range,2023,12,Eastern,Damana Range,0.0,0.0,0.0,0.0,0.0,0.0,0.0,0.0,0.0,0.0,0.0,0.0,0.0,0.0,0.0,0.0,None,0.0,0,2023-12-01,-2.4492935982947064e-16,1.0,NE_monsoon,0.0,0,None,0.0,0,None,0.0,0,None
Eastern|Damana Range,2024,1,Eastern,Damana Range,0.0,0.0,0.0,0.0,0.0,0.0,0.0,0.0,0.0,0.0,0.0,0.0,0.0,0.0,0.0,0.0,None,0.0,0,2024-01-01,0.49999999999999994,0.8660254037844387,NE_monsoon,0.0,0,None,0.0,0,None,0.0,0,None
Eastern|Damana Range,2024,2,Eastern,Damana Range,0.0,0.0,0.0,0.0,0.0,0.0,0.0,0.0,0.0,0.0,0.0,0.0,0.0,0.0,0.0,0.0,None,0.0,0,2024-02-01,0.8660254037844386,0.5000000000000001,NE_monsoon,0.0,0,None,0.0,0,None,0.0,0,None
Eastern|Damana Range,2024,3,Eastern,Damana Range,0.0,0.0,0.0,0.0,0.0,0.0,0.0,0.0,0.0,0.0,0.0,0.0,0.0,0.0,0.0,0.0,None,0.0,0,2024-03-01,1.0,6.123233995736766e-17,Inter_MarApr,0.0,0,None,0.0,0,None,0.0,0,None
Eastern|Damana Range,2024,4,Eastern,Damana Range,0.0,0.0,0.0,0.0,0.0,0.0,0.0,0.0,0.0,0.0,0.0,0.0,0.0,11.0,0.0,0.0,Other,11.0,1,2024-04-01,0.8660254037844387,-0.4999999999999998,Inter_MarApr,0.0,0,None,0.0,0,None,0.0,0,None
Eastern|Damana Range,2024,5,Eastern,Damana Range,0.0,0.0,0.0,0.0,0.0,0.0,0.0,0.0,0.0,0.0,0.0,0.0,0.0,1.0,0.0,0.0,Other,1.0,1,2024-05-01,0.49999999999999994,-0.8660254037844387,SW_monsoon,11.0,1,Other,0.0,0,None,0.0,0,None
Eastern|Damana Range,2024,6,Eastern,Damana Range,0.0,0.0,0.0,0.0,0.0,0.0,0.0,0.0,0.0,0.0,0.0,0.0,0.0,31.0,0.0,32.0,Weapons/Traps,63.0,1,2024-06-01,1.2246467991473532e-16,-1.0,SW_monsoon,1.0,1,Other,11.0,1,Other,0.0,0,None
Eastern|Damana Range,2024,7,Eastern,Damana Range,0.0,0.0,0.0,0.0,0.0,0.0,0.0,0.0,0.0,0.0,0.0,0.0,0.0,0.0,0.0,0.0,None,0.0,0,2024-07-01,-0.4999999999999997,-0.8660254037844388,SW_monsoon,63.0,1,Weapons/Traps,1.0,1,Other,11.0,1,Other
Eastern|Damana Range,2024,8,Eastern,Damana Range,0.0,0.0,0.0,0.0,0.0,0.0,0.0,0.0,0.0,0.0,0.0,0.0,0.0,0.0,0.0,0.0,None,0.0,0,2024-08-01,-0.8660254037844384,-0.5000000000000004,SW_monsoon,0.0,0,None,63.0,1,Weapons/Traps,1.0,1,Other
Eastern|Damana Range,2024,9,Eastern,Damana Range,0.0,0.0,0.0,0.0,0.0,0.0,0.0,0.0,0.0,0.0,0.0,0.0,0.0,0.0,0.0,0.0,None,0.0,0,2024-09-01,-1.0,-1.8369701987210297e-16,SW_monsoon,0.0,0,None,0.0,0,None,63.0,1,Weapons/Traps
Eastern|Damana Range,2024,10,Eastern,Damana Range,0.0,0.0,0.0,0.0,0.0,0.0,0.0,0.0,0.0,0.0,0.0,0.0,0.0,0.0,0.0,0.0,None,0.0,0,2024-10-01,-0.8660254037844386,0.5000000000000001,Inter_OctNov,0.0,0,None,0.0,0,None,0.0,0,None
Eastern|Damana Range,2024,11,Eastern,Damana Range,0.0,0.0,0.0,0.0,0.0,0.0,0.0,0.0,0.0,0.0,0.0,0.0,0.0,0.0,0.0,0.0,None,0.0,0,2024-11-01,-0.5000000000000004,0.8660254037844384,Inter_OctNov,0.0,0,None,0.0,0,None,0.0,0,None
Eastern|Damana Range,2024,12,Eastern,Damana Range,0.0,0.0,0.0,0.0,0.0,0.0,0.0,0.0,0.0,0.0,0.0,0.0,0.0,0.0,0.0,0.0,None,0.0,0,2024-12-01,-2.4492935982947064e-16,1.0,NE_monsoon,0.0,0,None,0.0,0,None,0.0,0,None
Eastern|Henanigala Entrance,2022,1,Eastern,Henanigala Entrance,0.0,0.0,0.0,0.0,0.0,0.0,0.0,0.0,0.0,0.0,0.0,0.0,0.0,0.0,0.0,0.0,None,0.0,0,2022-01-01,0.49999999999999994,0.8660254037844387,NE_monsoon,0.0,0,None,0.0,0,None,0.0,0,None
Eastern|Henanigala Entrance,2022,2,Eastern,Henanigala Entrance,0.0,0.0,0.0,0.0,0.0,0.0,0.0,0.0,0.0,0.0,0.0,0.0,0.0,0.0,0.0,0.0,None,0.0,0,2022-02-01,0.8660254037844386,0.5000000000000001,NE_monsoon,0.0,0,None,0.0,0,None,0.0,0,None
Eastern|Henanigala Entrance,2022,3,Eastern,Henanigala Entrance,0.0,0.0,0.0,0.0,0.0,0.0,0.0,0.0,0.0,0.0,0.0,0.0,0.0,0.0,0.0,0.0,None,0.0,0,2022-03-01,1.0,6.123233995736766e-17,Inter_MarApr,0.0,0,None,0.0,0,None,0.0,0,None
Eastern|Henanigala Entrance,2022,4,Eastern,Henanigala Entrance,0.0,0.0,0.0,0.0,0.0,0.0,0.0,0.0,0.0,0.0,0.0,0.0,0.0,0.0,0.0,0.0,None,0.0,0,2022-04-01,0.8660254037844387,-0.4999999999999998,Inter_MarApr,0.0,0,None,0.0,0,None,0.0,0,None
Eastern|Henanigala Entrance,2022,5,Eastern,Henanigala Entrance,0.0,0.0,0.0,0.0,0.0,0.0,0.0,0.0,0.0,0.0,0.0,0.0,0.0,0.0,0.0,0.0,None,0.0,0,2022-05-01,0.49999999999999994,-0.8660254037844387,SW_monsoon,0.0,0,None,0.0,0,None,0.0,0,None
Eastern|Henanigala Entrance,2022,6,Eastern,Henanigala Entrance,0.0,0.0,0.0,0.0,0.0,0.0,0.0,0.0,0.0,0.0,0.0,0.0,0.0,0.0,0.0,0.0,None,0.0,0,2022-06-01,1.2246467991473532e-16,-1.0,SW_monsoon,0.0,0,None,0.0,0,None,0.0,0,None
Eastern|Henanigala Entrance,2022,7,Eastern,Henanigala Entrance,0.0,0.0,0.0,0.0,0.0,0.0,0.0,0.0,0.0,0.0,0.0,0.0,0.0,0.0,0.0,0.0,None,0.0,0,2022-07-01,-0.4999999999999997,-0.8660254037844388,SW_monsoon,0.0,0,None,0.0,0,None,0.0,0,None
Eastern|Henanigala Entrance,2022,8,Eastern,Henanigala Entrance,0.0,0.0,0.0,0.0,0.0,0.0,0.0,0.0,0.0,0.0,0.0,0.0,0.0,0.0,0.0,0.0,None,0.0,0,2022-08-01,-0.8660254037844384,-0.5000000000000004,SW_monsoon,0.0,0,None,0.0,0,None,0.0,0,None
Eastern|Henanigala Entrance,2022,9,Eastern,Henanigala Entrance,0.0,0.0,0.0,0.0,0.0,0.0,0.0,0.0,0.0,0.0,0.0,0.0,0.0,0.0,0.0,0.0,None,0.0,0,2022-09-01,-1.0,-1.8369701987210297e-16,SW_monsoon,0.0,0,None,0.0,0,None,0.0,0,None
Eastern|Henanigala Entrance,2022,10,Eastern,Henanigala Entrance,0.0,0.0,0.0,0.0,0.0,0.0,0.0,0.0,0.0,0.0,0.0,0.0,0.0,0.0,0.0,0.0,None,0.0,0,2022-10-01,-0.8660254037844386,0.5000000000000001,Inter_OctNov,0.0,0,None,0.0,0,None,0.0,0,None
Eastern|Henanigala Entrance,2022,11,Eastern,Henanigala Entrance,0.0,0.0,0.0,0.0,0.0,0.0,0.0,0.0,0.0,0.0,0.0,0.0,0.0,0.0,0.0,0.0,None,0.0,0,2022-11-01,-0.5000000000000004,0.8660254037844384,Inter_OctNov,0.0,0,None,0.0,0,None,0.0,0,None
Eastern|Henanigala Entrance,2022,12,Eastern,Henanigala Entrance,0.0,0.0,0.0,0.0,0.0,0.0,0.0,0.0,0.0,0.0,0.0,0.0,0.0,0.0,0.0,0.0,None,0.0,0,2022-12-01,-2.4492935982947064e-16,1.0,NE_monsoon,0.0,0,None,0.0,0,None,0.0,0,None
Eastern|Henanigala Entrance,2023,1,Eastern,Henanigala Entrance,0.0,0.0,0.0,0.0,0.0,0.0,0.0,0.0,0.0,0.0,0.0,6.0,0.0,0.0,0.0,0.0,Meat/Egg Trade,6.0,1,2023-01-01,0.49999999999999994,0.8660254037844387,NE_monsoon,0.0,0,None,0.0,0,None,0.0,0,None
Eastern|Henanigala Entrance,2023,2,Eastern,Henanigala Entrance,0.0,0.0,0.0,0.0,0.0,0.0,0.0,0.0,0.0,0.0,0.0,0.0,0.0,0.0,0.0,0.0,None,0.0,0,2023-02-01,0.8660254037844386,0.5000000000000001,NE_monsoon,6.0,1,Meat/Egg Trade,0.0,0,None,0.0,0,None
Eastern|Henanigala Entrance,2023,3,Eastern,Henanigala Entrance,0.0,0.0,0.0,0.0,0.0,0.0,0.0,0.0,0.0,0.0,0.0,0.0,0.0,0.0,0.0,0.0,None,0.0,0,2023-03-01,1.0,6.123233995736766e-17,Inter_MarApr,0.0,0,None,6.0,1,Meat/Egg Trade,0.0,0,None
Eastern|Henanigala Entrance,2023,4,Eastern,Henanigala Entrance,0.0,0.0,0.0,0.0,0.0,0.0,0.0,0.0,0.0,0.0,0.0,7.0,0.0,0.0,0.0,0.0,Meat/Egg Trade,7.0,1,2023-04-01,0.8660254037844387,-0.4999999999999998,Inter_MarApr,0.0,0,None,0.0,0,None,6.0,1,Meat/Egg Trade
Eastern|Henanigala Entrance,2023,5,Eastern,Henanigala Entrance,0.0,0.0,0.0,0.0,0.0,0.0,0.0,0.0,0.0,0.0,0.0,0.0,0.0,0.0,0.0,0.0,None,0.0,0,2023-05-01,0.49999999999999994,-0.8660254037844387,SW_monsoon,7.0,1,Meat/Egg Trade,0.0,0,None,0.0,0,None
Eastern|Henanigala Entrance,2023,6,Eastern,Henanigala Entrance,0.0,0.0,0.0,0.0,0.0,0.0,0.0,0.0,0.0,0.0,0.0,8.0,0.0,3.0,0.0,0.0,Meat/Egg Trade,11.0,1,2023-06-01,1.2246467991473532e-16,-1.0,SW_monsoon,0.0,0,None,7.0,1,Meat/Egg Trade,0.0,0,None
Eastern|Henanigala Entrance,2023,7,Eastern,Henanigala Entrance,0.0,0.0,0.0,0.0,0.0,0.0,0.0,0.0,0.0,0.0,0.0,0.0,0.0,0.0,0.0,0.0,None,0.0,0,2023-07-01,-0.4999999999999997,-0.8660254037844388,SW_monsoon,11.0,1,Meat/Egg Trade,0.0,0,None,7.0,1,Meat/Egg Trade
Eastern|Henanigala Entrance,2023,8,Eastern,Henanigala Entrance,0.0,0.0,0.0,0.0,0.0,0.0,0.0,0.0,0.0,0.0,0.0,0.0,0.0,0.0,0.0,0.0,None,0.0,0,2023-08-01,-0.8660254037844384,-0.5000000000000004,SW_monsoon,0.0,0,None,11.0,1,Meat/Egg Trade,0.0,0,None
Eastern|Henanigala Entrance,2023,9,Eastern,Henanigala Entrance,0.0,0.0,0.0,0.0,0.0,0.0,0.0,0.0,0.0,0.0,0.0,0.0,0.0,0.0,0.0,0.0,None,0.0,0,2023-09-01,-1.0,-1.8369701987210297e-16,SW_monsoon,0.0,0,None,0.0,0,None,11.0,1,Meat/Egg Trade
Eastern|Henanigala Entrance,2023,10,Eastern,Henanigala Entrance,0.0,0.0,0.0,0.0,0.0,0.0,0.0,0.0,0.0,0.0,0.0,0.0,0.0,0.0,0.0,0.0,None,0.0,0,2023-10-01,-0.8660254037844386,0.5000000000000001,Inter_OctNov,0.0,0,None,0.0,0,None,0.0,0,None
Eastern|Henanigala Entrance,2023,11,Eastern,Henanigala Entrance,0.0,0.0,0.0,13.0,0.0,0.0,0.0,0.0,0.0,0.0,0.0,0.0,0.0,0.0,0.0,0.0,Domestic Animal Trespass,13.0,1,2023-11-01,-0.5000000000000004,0.8660254037844384,Inter_OctNov,0.0,0,None,0.0,0,None,0.0,0,None
Eastern|Henanigala Entrance,2023,12,Eastern,Henanigala Entrance,0.0,0.0,0.0,0.0,0.0,0.0,0.0,0.0,0.0,0.0,0.0,0.0,0.0,0.0,0.0,0.0,None,0.0,0,2023-12-01,-2.4492935982947064e-16,1.0,NE_monsoon,13.0,1,Domestic Animal Trespass,0.0,0,None,0.0,0,None
Eastern|Henanigala Entrance,2024,1,Eastern,Henanigala Entrance,0.0,0.0,0.0,0.0,0.0,0.0,0.0,0.0,13.0,0.0,0.0,0.0,0.0,12.0,0.0,0.0,Illegal Entry,25.0,1,2024-01-01,0.49999999999999994,0.8660254037844387,NE_monsoon,0.0,0,None,13.0,1,Domestic Animal Trespass,0.0,0,None
Eastern|Henanigala Entrance,2024,2,Eastern,Henanigala Entrance,0.0,0.0,0.0,20.0,0.0,0.0,0.0,25.0,0.0,0.0,0.0,0.0,0.0,26.0,0.0,0.0,Hunting/Killing,71.0,1,2024-02-01,0.8660254037844386,0.5000000000000001,NE_monsoon,25.0,1,Illegal Entry,0.0,0,None,13.0,1,Domestic Animal Trespass
Eastern|Henanigala Entrance,2024,3,Eastern,Henanigala Entrance,0.0,0.0,0.0,0.0,0.0,0.0,0.0,0.0,0.0,0.0,0.0,0.0,0.0,0.0,0.0,0.0,None,0.0,0,2024-03-01,1.0,6.123233995736766e-17,Inter_MarApr,71.0,1,Hunting/Killing,25.0,1,Illegal Entry,0.0,0,None
Eastern|Henanigala Entrance,2024,4,Eastern,Henanigala Entrance,0.0,0.0,0.0,0.0,0.0,0.0,0.0,0.0,0.0,0.0,0.0,0.0,0.0,0.0,0.0,0.0,None,0.0,0,2024-04-01,0.8660254037844387,-0.4999999999999998,Inter_MarApr,0.0,0,None,71.0,1,Hunting/Killing,25.0,1,Illegal Entry
Eastern|Henanigala Entrance,2024,5,Eastern,Henanigala Entrance,0.0,0.0,0.0,0.0,0.0,0.0,0.0,0.0,0.0,0.0,0.0,0.0,0.0,8.0,0.0,0.0,Other,8.0,1,2024-05-01,0.49999999999999994,-0.8660254037844387,SW_monsoon,0.0,0,None,0.0,0,None,71.0,1,Hunting/Killing
Eastern|Henanigala Entrance,2024,6,Eastern,Henanigala Entrance,0.0,0.0,0.0,0.0,0.0,0.0,0.0,0.0,0.0,0.0,0.0,16.0,0.0,0.0,0.0,16.0,Meat/Egg Trade,32.0,1,2024-06-01,1.2246467991473532e-16,-1.0,SW_monsoon,8.0,1,Other,0.0,0,None,0.0,0,None
Eastern|Henanigala Entrance,2024,7,Eastern,Henanigala Entrance,0.0,0.0,0.0,0.0,0.0,0.0,0.0,0.0,0.0,0.0,0.0,0.0,0.0,12.0,0.0,0.0,Other,12.0,1,2024-07-01,-0.4999999999999997,-0.8660254037844388,SW_monsoon,32.0,1,Meat/Egg Trade,8.0,1,Other,0.0,0,None
Eastern|Henanigala Entrance,2024,8,Eastern,Henanigala Entrance,0.0,0.0,0.0,0.0,0.0,0.0,0.0,0.0,0.0,0.0,0.0,2.0,0.0,0.0,0.0,0.0,Meat/Egg Trade,2.0,1,2024-08-01,-0.8660254037844384,-0.5000000000000004,SW_monsoon,12.0,1,Other,32.0,1,Meat/Egg Trade,8.0,1,Other
Eastern|Henanigala Entrance,2024,9,Eastern,Henanigala Entrance,0.0,0.0,0.0,0.0,0.0,0.0,0.0,0.0,0.0,0.0,0.0,0.0,0.0,0.0,0.0,0.0,None,0.0,0,2024-09-01,-1.0,-1.8369701987210297e-16,SW_monsoon,2.0,1,Meat/Egg Trade,12.0,1,Other,32.0,1,Meat/Egg Trade
Eastern|Henanigala Entrance,2024,10,Eastern,Henanigala Entrance,0.0,0.0,0.0,0.0,0.0,0.0,0.0,0.0,0.0,0.0,0.0,0.0,0.0,0.0,0.0,0.0,None,0.0,0,2024-10-01,-0.8660254037844386,0.5000000000000001,Inter_OctNov,0.0,0,None,2.0,1,Meat/Egg Trade,12.0,1,Other
Eastern|Henanigala Entrance,2024,11,Eastern,Henanigala Entrance,0.0,0.0,0.0,0.0,0.0,0.0,0.0,0.0,0.0,0.0,0.0,0.0,0.0,0.0,0.0,0.0,None,0.0,0,2024-11-01,-0.5000000000000004,0.8660254037844384,Inter_OctNov,0.0,0,None,0.0,0,None,2.0,1,Meat/Egg Trade
Eastern|Henanigala Entrance,2024,12,Eastern,Henanigala Entrance,0.0,0.0,0.0,0.0,0.0,0.0,0.0,0.0,0.0,0.0,0.0,0.0,0.0,0.0,0.0,0.0,None,0.0,0,2024-12-01,-2.4492935982947064e-16,1.0,NE_monsoon,0.0,0,None,0.0,0,None,0.0,0,None
Eastern|Henanigala Range,2022,1,Eastern,Henanigala Range,0.0,0.0,0.0,0.0,0.0,0.0,0.0,0.0,0.0,0.0,0.0,0.0,0.0,0.0,0.0,0.0,None,0.0,0,2022-01-01,0.49999999999999994,0.8660254037844387,NE_monsoon,0.0,0,None,0.0,0,None,0.0,0,None
Eastern|Henanigala Range,2022,2,Eastern,Henanigala Range,0.0,0.0,0.0,0.0,0.0,0.0,0.0,0.0,0.0,0.0,21.0,9.0,0.0,3.0,0.0,0.0,Illegal Logging,33.0,1,2022-02-01,0.8660254037844386,0.5000000000000001,NE_monsoon,0.0,0,None,0.0,0,None,0.0,0,None
Eastern|Henanigala Range,2022,3,Eastern,Henanigala Range,0.0,6.0,0.0,0.0,0.0,0.0,0.0,0.0,0.0,0.0,0.0,0.0,0.0,0.0,0.0,0.0,Animal Parts Trade,6.0,1,2022-03-01,1.0,6.123233995736766e-17,Inter_MarApr,33.0,1,Illegal Logging,0.0,0,None,0.0,0,None
Eastern|Henanigala Range,2022,4,Eastern,Henanigala Range,0.0,0.0,0.0,0.0,0.0,0.0,0.0,0.0,0.0,0.0,0.0,0.0,0.0,0.0,0.0,0.0,None,0.0,0,2022-04-01,0.8660254037844387,-0.4999999999999998,Inter_MarApr,6.0,1,Animal Parts Trade,33.0,1,Illegal Logging,0.0,0,None
Eastern|Henanigala Range,2022,5,Eastern,Henanigala Range,0.0,0.0,0.0,0.0,0.0,0.0,0.0,0.0,16.0,10.0,0.0,0.0,0.0,0.0,0.0,0.0,Illegal Entry,26.0,1,2022-05-01,0.49999999999999994,-0.8660254037844387,SW_monsoon,0.0,0,None,6.0,1,Animal Parts Trade,33.0,1,Illegal Logging
Eastern|Henanigala Range,2022,6,Eastern,Henanigala Range,0.0,0.0,0.0,0.0,0.0,0.0,0.0,0.0,13.0,1.0,0.0,12.0,0.0,0.0,0.0,0.0,Illegal Entry,26.0,1,2022-06-01,1.2246467991473532e-16,-1.0,SW_monsoon,26.0,1,Illegal Entry,0.0,0,None,6.0,1,Animal Parts Trade
Eastern|Henanigala Range,2022,7,Eastern,Henanigala Range,0.0,0.0,0.0,0.0,0.0,0.0,0.0,0.0,0.0,0.0,0.0,0.0,0.0,0.0,0.0,0.0,None,0.0,0,2022-07-01,-0.4999999999999997,-0.8660254037844388,SW_monsoon,26.0,1,Illegal Entry,26.0,1,Illegal Entry,0.0,0,None
Eastern|Henanigala Range,2022,8,Eastern,Henanigala Range,0.0,0.0,0.0,0.0,0.0,0.0,0.0,0.0,0.0,0.0,0.0,0.0,0.0,0.0,0.0,0.0,None,0.0,0,2022-08-01,-0.8660254037844384,-0.5000000000000004,SW_monsoon,0.0,0,None,26.0,1,Illegal Entry,26.0,1,Illegal Entry
Eastern|Henanigala Range,2022,9,Eastern,Henanigala Range,0.0,0.0,0.0,0.0,0.0,0.0,0.0,0.0,0.0,0.0,0.0,0.0,0.0,0.0,0.0,1.0,Weapons/Traps,1.0,1,2022-09-01,-1.0,-1.8369701987210297e-16,SW_monsoon,0.0,0,None,0.0,0,None,26.0,1,Illegal Entry
Eastern|Henanigala Range,2022,10,Eastern,Henanigala Range,0.0,0.0,0.0,0.0,0.0,0.0,0.0,0.0,0.0,0.0,0.0,0.0,0.0,0.0,0.0,0.0,None,0.0,0,2022-10-01,-0.8660254037844386,0.5000000000000001,Inter_OctNov,1.0,1,Weapons/Traps,0.0,0,None,0.0,0,None
Eastern|Henanigala Range,2022,11,Eastern,Henanigala Range,0.0,0.0,0.0,0.0,0.0,0.0,0.0,0.0,0.0,0.0,0.0,0.0,0.0,0.0,0.0,0.0,None,0.0,0,2022-11-01,-0.5000000000000004,0.8660254037844384,Inter_OctNov,0.0,0,None,1.0,1,Weapons/Traps,0.0,0,None
Eastern|Henanigala Range,2022,12,Eastern,Henanigala Range,0.0,0.0,0.0,0.0,0.0,0.0,0.0,0.0,0.0,0.0,0.0,0.0,0.0,0.0,0.0,0.0,None,0.0,0,2022-12-01,-2.4492935982947064e-16,1.0,NE_monsoon,0.0,0,None,0.0,0,None,1.0,1,Weapons/Traps
Eastern|Henanigala Range,2023,1,Eastern,Henanigala Range,0.0,0.0,0.0,0.0,0.0,0.0,0.0,0.0,0.0,0.0,0.0,0.0,0.0,0.0,0.0,0.0,None,0.0,0,2023-01-01,0.49999999999999994,0.8660254037844387,NE_monsoon,0.0,0,None,0.0,0,None,0.0,0,None
Eastern|Henanigala Range,2023,2,Eastern,Henanigala Range,0.0,0.0,0.0,0.0,0.0,0.0,0.0,0.0,0.0,0.0,0.0,0.0,0.0,0.0,0.0,0.0,None,0.0,0,2023-02-01,0.8660254037844386,0.5000000000000001,NE_monsoon,0.0,0,None,0.0,0,None,0.0,0,None
Eastern|Henanigala Range,2023,3,Eastern,Henanigala Range,0.0,0.0,0.0,0.0,0.0,0.0,0.0,0.0,0.0,0.0,0.0,0.0,0.0,0.0,0.0,0.0,None,0.0,0,2023-03-01,1.0,6.123233995736766e-17,Inter_MarApr,0.0,0,None,0.0,0,None,0.0,0,None
Eastern|Henanigala Range,2023,4,Eastern,Henanigala Range,0.0,0.0,0.0,0.0,0.0,0.0,0.0,0.0,0.0,0.0,0.0,0.0,0.0,0.0,0.0,0.0,None,0.0,0,2023-04-01,0.8660254037844387,-0.4999999999999998,Inter_MarApr,0.0,0,None,0.0,0,None,0.0,0,None
Eastern|Henanigala Range,2023,5,Eastern,Henanigala Range,0.0,0.0,0.0,0.0,0.0,0.0,0.0,0.0,0.0,0.0,0.0,0.0,0.0,0.0,0.0,0.0,None,0.0,0,2023-05-01,0.49999999999999994,-0.8660254037844387,SW_monsoon,0.0,0,None,0.0,0,None,0.0,0,None
Eastern|Henanigala Range,2023,6,Eastern,Henanigala Range,0.0,0.0,0.0,0.0,0.0,0.0,0.0,0.0,0.0,0.0,0.0,0.0,0.0,0.0,0.0,0.0,None,0.0,0,2023-06-01,1.2246467991473532e-16,-1.0,SW_monsoon,0.0,0,None,0.0,0,None,0.0,0,None
Eastern|Henanigala Range,2023,7,Eastern,Henanigala Range,0.0,0.0,0.0,0.0,0.0,0.0,0.0,0.0,0.0,0.0,0.0,0.0,0.0,0.0,0.0,0.0,None,0.0,0,2023-07-01,-0.4999999999999997,-0.8660254037844388,SW_monsoon,0.0,0,None,0.0,0,None,0.0,0,None
Eastern|Henanigala Range,2023,8,Eastern,Henanigala Range,0.0,0.0,0.0,0.0,0.0,0.0,0.0,0.0,0.0,0.0,0.0,0.0,0.0,0.0,0.0,0.0,None,0.0,0,2023-08-01,-0.8660254037844384,-0.5000000000000004,SW_monsoon,0.0,0,None,0.0,0,None,0.0,0,None
Eastern|Henanigala Range,2023,9,Eastern,Henanigala Range,0.0,0.0,0.0,0.0,0.0,0.0,0.0,0.0,0.0,0.0,0.0,0.0,0.0,0.0,0.0,0.0,None,0.0,0,2023-09-01,-1.0,-1.8369701987210297e-16,SW_monsoon,0.0,0,None,0.0,0,None,0.0,0,None
Eastern|Henanigala Range,2023,10,Eastern,Henanigala Range,0.0,0.0,0.0,0.0,0.0,0.0,0.0,0.0,0.0,0.0,0.0,0.0,0.0,0.0,0.0,0.0,None,0.0,0,2023-10-01,-0.8660254037844386,0.5000000000000001,Inter_OctNov,0.0,0,None,0.0,0,None,0.0,0,None
Eastern|Henanigala Range,2023,11,Eastern,Henanigala Range,0.0,0.0,0.0,0.0,0.0,0.0,0.0,0.0,0.0,0.0,0.0,0.0,0.0,0.0,0.0,0.0,None,0.0,0,2023-11-01,-0.5000000000000004,0.8660254037844384,Inter_OctNov,0.0,0,None,0.0,0,None,0.0,0,None
Eastern|Henanigala Range,2023,12,Eastern,Henanigala Range,0.0,0.0,0.0,0.0,0.0,0.0,0.0,0.0,0.0,0.0,0.0,0.0,0.0,0.0,0.0,0.0,None,0.0,0,2023-12-01,-2.4492935982947064e-16,1.0,NE_monsoon,0.0,0,None,0.0,0,None,0.0,0,None
Eastern|Henanigala Range,2024,1,Eastern,Henanigala Range,0.0,0.0,0.0,0.0,0.0,0.0,0.0,0.0,0.0,0.0,0.0,0.0,0.0,0.0,0.0,0.0,None,0.0,0,2024-01-01,0.49999999999999994,0.8660254037844387,NE_monsoon,0.0,0,None,0.0,0,None,0.0,0,None
Eastern|Henanigala Range,2024,2,Eastern,Henanigala Range,0.0,0.0,0.0,0.0,0.0,0.0,0.0,0.0,0.0,0.0,0.0,0.0,0.0,0.0,0.0,0.0,None,0.0,0,2024-02-01,0.8660254037844386,0.5000000000000001,NE_monsoon,0.0,0,None,0.0,0,None,0.0,0,None
Eastern|Henanigala Range,2024,3,Eastern,Henanigala Range,0.0,0.0,0.0,0.0,0.0,0.0,0.0,0.0,0.0,0.0,0.0,0.0,0.0,0.0,0.0,0.0,None,0.0,0,2024-03-01,1.0,6.123233995736766e-17,Inter_MarApr,0.0,0,None,0.0,0,None,0.0,0,None
Eastern|Henanigala Range,2024,4,Eastern,Henanigala Range,0.0,0.0,0.0,0.0,0.0,0.0,0.0,0.0,0.0,0.0,0.0,0.0,0.0,0.0,0.0,0.0,None,0.0,0,2024-04-01,0.8660254037844387,-0.4999999999999998,Inter_MarApr,0.0,0,None,0.0,0,None,0.0,0,None
Eastern|Henanigala Range,2024,5,Eastern,Henanigala Range,0.0,0.0,0.0,0.0,0.0,0.0,0.0,0.0,0.0,0.0,0.0,0.0,0.0,0.0,0.0,0.0,None,0.0,0,2024-05-01,0.49999999999999994,-0.8660254037844387,SW_monsoon,0.0,0,None,0.0,0,None,0.0,0,None
Eastern|Henanigala Range,2024,6,Eastern,Henanigala Range,0.0,0.0,0.0,0.0,0.0,0.0,0.0,0.0,0.0,0.0,0.0,0.0,0.0,0.0,0.0,0.0,None,0.0,0,2024-06-01,1.2246467991473532e-16,-1.0,SW_monsoon,0.0,0,None,0.0,0,None,0.0,0,None
Eastern|Henanigala Range,2024,7,Eastern,Henanigala Range,0.0,0.0,0.0,0.0,0.0,0.0,0.0,0.0,0.0,0.0,0.0,0.0,0.0,0.0,0.0,0.0,None,0.0,0,2024-07-01,-0.4999999999999997,-0.8660254037844388,SW_monsoon,0.0,0,None,0.0,0,None,0.0,0,None
Eastern|Henanigala Range,2024,8,Eastern,Henanigala Range,0.0,0.0,0.0,0.0,0.0,0.0,0.0,0.0,0.0,0.0,0.0,0.0,0.0,0.0,0.0,0.0,None,0.0,0,2024-08-01,-0.8660254037844384,-0.5000000000000004,SW_monsoon,0.0,0,None,0.0,0,None,0.0,0,None
Eastern|Henanigala Range,2024,9,Eastern,Henanigala Range,0.0,0.0,0.0,0.0,0.0,0.0,0.0,0.0,0.0,0.0,0.0,0.0,0.0,0.0,0.0,0.0,None,0.0,0,2024-09-01,-1.0,-1.8369701987210297e-16,SW_monsoon,0.0,0,None,0.0,0,None,0.0,0,None
Eastern|Henanigala Range,2024,10,Eastern,Henanigala Range,0.0,0.0,0.0,0.0,0.0,0.0,0.0,0.0,0.0,0.0,0.0,0.0,0.0,0.0,0.0,0.0,None,0.0,0,2024-10-01,-0.8660254037844386,0.5000000000000001,Inter_OctNov,0.0,0,None,0.0,0,None,0.0,0,None
Eastern|Henanigala Range,2024,11,Eastern,Henanigala Range,0.0,0.0,0.0,0.0,0.0,0.0,0.0,0.0,0.0,0.0,0.0,0.0,0.0,0.0,0.0,0.0,None,0.0,0,2024-11-01,-0.5000000000000004,0.8660254037844384,Inter_OctNov,0.0,0,None,0.0,0,None,0.0,0,None
Eastern|Henanigala Range,2024,12,Eastern,Henanigala Range,0.0,0.0,0.0,0.0,0.0,0.0,0.0,0.0,0.0,0.0,0.0,0.0,0.0,0.0,0.0,0.0,None,0.0,0,2024-12-01,-2.4492935982947064e-16,1.0,NE_monsoon,0.0,0,None,0.0,0,None,0.0,0,None
Eastern|Iddapola Range,2022,1,Eastern,Iddapola Range,0.0,0.0,0.0,0.0,0.0,0.0,0.0,0.0,0.0,0.0,0.0,0.0,0.0,0.0,0.0,0.0,None,0.0,0,2022-01-01,0.49999999999999994,0.8660254037844387,NE_monsoon,0.0,0,None,0.0,0,None,0.0,0,None
Eastern|Iddapola Range,2022,2,Eastern,Iddapola Range,0.0,0.0,0.0,0.0,0.0,0.0,0.0,0.0,0.0,0.0,14.0,0.0,0.0,0.0,0.0,16.0,Weapons/Traps,30.0,1,2022-02-01,0.8660254037844386,0.5000000000000001,NE_monsoon,0.0,0,None,0.0,0,None,0.0,0,None
Eastern|Iddapola Range,2022,3,Eastern,Iddapola Range,0.0,3.0,0.0,0.0,0.0,0.0,0.0,0.0,0.0,0.0,0.0,0.0,0.0,0.0,0.0,0.0,Animal Parts Trade,3.0,1,2022-03-01,1.0,6.123233995736766e-17,Inter_MarApr,30.0,1,Weapons/Traps,0.0,0,None,0.0,0,None
Eastern|Iddapola Range,2022,4,Eastern,Iddapola Range,0.0,0.0,0.0,0.0,0.0,0.0,0.0,0.0,0.0,0.0,1.0,0.0,0.0,0.0,0.0,0.0,Illegal Logging,1.0,1,2022-04-01,0.8660254037844387,-0.4999999999999998,Inter_MarApr,3.0,1,Animal Parts Trade,30.0,1,Weapons/Traps,0.0,0,None
Eastern|Iddapola Range,2022,5,Eastern,Iddapola Range,0.0,0.0,0.0,0.0,0.0,0.0,0.0,9.0,10.0,0.0,7.0,0.0,0.0,0.0,0.0,0.0,Illegal Entry,26.0,1,2022-05-01,0.49999999999999994,-0.8660254037844387,SW_monsoon,1.0,1,Illegal Logging,3.0,1,Animal Parts Trade,30.0,1,Weapons/Traps
Eastern|Iddapola Range,2022,6,Eastern,Iddapola Range,0.0,0.0,0.0,0.0,0.0,0.0,0.0,0.0,0.0,0.0,0.0,0.0,0.0,0.0,0.0,0.0,None,0.0,0,2022-06-01,1.2246467991473532e-16,-1.0,SW_monsoon,26.0,1,Illegal Entry,1.0,1,Illegal Logging,3.0,1,Animal Parts Trade
Eastern|Iddapola Range,2022,7,Eastern,Iddapola Range,0.0,0.0,0.0,0.0,0.0,0.0,0.0,0.0,0.0,0.0,0.0,0.0,0.0,0.0,0.0,0.0,None,0.0,0,2022-07-01,-0.4999999999999997,-0.8660254037844388,SW_monsoon,0.0,0,None,26.0,1,Illegal Entry,1.0,1,Illegal Logging
Eastern|Iddapola Range,2022,8,Eastern,Iddapola Range,0.0,0.0,0.0,0.0,0.0,0.0,0.0,0.0,0.0,0.0,0.0,6.0,0.0,0.0,0.0,0.0,Meat/Egg Trade,6.0,1,2022-08-01,-0.8660254037844384,-0.5000000000000004,SW_monsoon,0.0,0,None,0.0,0,None,26.0,1,Illegal Entry
Eastern|Iddapola Range,2022,9,Eastern,Iddapola Range,0.0,0.0,0.0,0.0,0.0,0.0,0.0,0.0,34.0,0.0,11.0,0.0,0.0,0.0,0.0,0.0,Illegal Entry,45.0,1,2022-09-01,-1.0,-1.8369701987210297e-16,SW_monsoon,6.0,1,Meat/Egg Trade,0.0,0,None,0.0,0,None
Eastern|Iddapola Range,2022,10,Eastern,Iddapola Range,0.0,0.0,0.0,0.0,0.0,0.0,0.0,0.0,0.0,0.0,0.0,0.0,0.0,0.0,0.0,0.0,None,0.0,0,2022-10-01,-0.8660254037844386,0.5000000000000001,Inter_OctNov,45.0,1,Illegal Entry,6.0,1,Meat/Egg Trade,0.0,0,None
Eastern|Iddapola Range,2022,11,Eastern,Iddapola Range,0.0,0.0,0.0,0.0,0.0,0.0,0.0,0.0,0.0,0.0,0.0,0.0,0.0,0.0,0.0,0.0,None,0.0,0,2022-11-01,-0.5000000000000004,0.8660254037844384,Inter_OctNov,0.0,0,None,45.0,1,Illegal Entry,6.0,1,Meat/Egg Trade
Eastern|Iddapola Range,2022,12,Eastern,Iddapola Range,0.0,0.0,0.0,0.0,0.0,0.0,0.0,1.0,2.0,0.0,0.0,0.0,0.0,0.0,0.0,0.0,Illegal Entry,3.0,1,2022-12-01,-2.4492935982947064e-16,1.0,NE_monsoon,0.0,0,None,0.0,0,None,45.0,1,Illegal Entry
Eastern|Iddapola Range,2023,1,Eastern,Iddapola Range,0.0,0.0,0.0,0.0,0.0,0.0,0.0,0.0,0.0,0.0,0.0,0.0,0.0,13.0,0.0,0.0,Other,13.0,1,2023-01-01,0.49999999999999994,0.8660254037844387,NE_monsoon,3.0,1,Illegal Entry,0.0,0,None,0.0,0,None
Eastern|Iddapola Range,2023,2,Eastern,Iddapola Range,0.0,0.0,0.0,0.0,0.0,0.0,0.0,0.0,0.0,0.0,15.0,0.0,0.0,0.0,0.0,0.0,Illegal Logging,15.0,1,2023-02-01,0.8660254037844386,0.5000000000000001,NE_monsoon,13.0,1,Other,3.0,1,Illegal Entry,0.0,0,None
Eastern|Iddapola Range,2023,3,Eastern,Iddapola Range,0.0,0.0,0.0,0.0,0.0,0.0,0.0,0.0,0.0,0.0,6.0,0.0,0.0,7.0,0.0,8.0,Weapons/Traps,21.0,1,2023-03-01,1.0,6.123233995736766e-17,Inter_MarApr,15.0,1,Illegal Logging,13.0,1,Other,3.0,1,Illegal Entry
Eastern|Iddapola Range,2023,4,Eastern,Iddapola Range,0.0,0.0,0.0,0.0,0.0,0.0,0.0,0.0,0.0,0.0,0.0,0.0,0.0,0.0,0.0,0.0,None,0.0,0,2023-04-01,0.8660254037844387,-0.4999999999999998,Inter_MarApr,21.0,1,Weapons/Traps,15.0,1,Illegal Logging,13.0,1,Other
Eastern|Iddapola Range,2023,5,Eastern,Iddapola Range,0.0,0.0,0.0,0.0,0.0,0.0,0.0,0.0,0.0,0.0,67.0,0.0,0.0,0.0,0.0,0.0,Illegal Logging,67.0,1,2023-05-01,0.49999999999999994,-0.8660254037844387,SW_monsoon,0.0,0,None,21.0,1,Weapons/Traps,15.0,1,Illegal Logging
Eastern|Iddapola Range,2023,6,Eastern,Iddapola Range,0.0,0.0,0.0,0.0,0.0,0.0,0.0,0.0,0.0,0.0,0.0,0.0,0.0,0.0,0.0,0.0,None,0.0,0,2023-06-01,1.2246467991473532e-16,-1.0,SW_monsoon,67.0,1,Illegal Logging,0.0,0,None,21.0,1,Weapons/Traps
Eastern|Iddapola Range,2023,7,Eastern,Iddapola Range,0.0,0.0,0.0,12.0,0.0,0.0,0.0,0.0,3.0,0.0,9.0,0.0,0.0,0.0,0.0,0.0,Domestic Animal Trespass,24.0,1,2023-07-01,-0.4999999999999997,-0.8660254037844388,SW_monsoon,0.0,0,None,67.0,1,Illegal Logging,0.0,0,None
Eastern|Iddapola Range,2023,8,Eastern,Iddapola Range,0.0,0.0,0.0,0.0,0.0,0.0,0.0,0.0,0.0,0.0,0.0,0.0,0.0,7.0,0.0,0.0,Other,7.0,1,2023-08-01,-0.8660254037844384,-0.5000000000000004,SW_monsoon,24.0,1,Domestic Animal Trespass,0.0,0,None,67.0,1,Illegal Logging
Eastern|Iddapola Range,2023,9,Eastern,Iddapola Range,0.0,0.0,0.0,0.0,0.0,0.0,0.0,0.0,0.0,2.0,0.0,0.0,0.0,10.0,0.0,0.0,Illegal Fishing,12.0,1,2023-09-01,-1.0,-1.8369701987210297e-16,SW_monsoon,7.0,1,Other,24.0,1,Domestic Animal Trespass,0.0,0,None
Eastern|Iddapola Range,2023,10,Eastern,Iddapola Range,0.0,0.0,0.0,0.0,0.0,0.0,0.0,0.0,0.0,0.0,0.0,0.0,0.0,0.0,0.0,0.0,None,0.0,0,2023-10-01,-0.8660254037844386,0.5000000000000001,Inter_OctNov,12.0,1,Illegal Fishing,7.0,1,Other,24.0,1,Domestic Animal Trespass
Eastern|Iddapola Range,2023,11,Eastern,Iddapola Range,0.0,0.0,0.0,0.0,0.0,0.0,0.0,0.0,0.0,0.0,24.0,0.0,5.0,0.0,0.0,18.0,Illegal Logging,47.0,1,2023-11-01,-0.5000000000000004,0.8660254037844384,Inter_OctNov,0.0,0,None,12.0,1,Illegal Fishing,7.0,1,Other
Eastern|Iddapola Range,2023,12,Eastern,Iddapola Range,0.0,0.0,0.0,0.0,0.0,0.0,0.0,0.0,0.0,0.0,0.0,0.0,0.0,0.0,0.0,0.0,None,0.0,0,2023-12-01,-2.4492935982947064e-16,1.0,NE_monsoon,47.0,1,Illegal Logging,0.0,0,None,12.0,1,Illegal Fishing
Eastern|Iddapola Range,2024,1,Eastern,Iddapola Range,0.0,0.0,0.0,7.0,0.0,0.0,0.0,0.0,0.0,0.0,0.0,0.0,0.0,0.0,0.0,0.0,Domestic Animal Trespass,7.0,1,2024-01-01,0.49999999999999994,0.8660254037844387,NE_monsoon,0.0,0,None,47.0,1,Illegal Logging,0.0,0,None
Eastern|Iddapola Range,2024,2,Eastern,Iddapola Range,0.0,0.0,0.0,0.0,0.0,0.0,0.0,0.0,24.0,0.0,0.0,0.0,0.0,8.0,0.0,27.0,Weapons/Traps,59.0,1,2024-02-01,0.8660254037844386,0.5000000000000001,NE_monsoon,7.0,1,Domestic Animal Trespass,0.0,0,None,47.0,1,Illegal Logging
Eastern|Iddapola Range,2024,3,Eastern,Iddapola Range,0.0,0.0,0.0,0.0,0.0,0.0,0.0,0.0,0.0,0.0,0.0,0.0,0.0,0.0,0.0,0.0,None,0.0,0,2024-03-01,1.0,6.123233995736766e-17,Inter_MarApr,59.0,1,Weapons/Traps,7.0,1,Domestic Animal Trespass,0.0,0,None
Eastern|Iddapola Range,2024,4,Eastern,Iddapola Range,0.0,0.0,0.0,0.0,0.0,0.0,0.0,0.0,0.0,0.0,0.0,8.0,0.0,0.0,0.0,0.0,Meat/Egg Trade,8.0,1,2024-04-01,0.8660254037844387,-0.4999999999999998,Inter_MarApr,0.0,0,None,59.0,1,Weapons/Traps,7.0,1,Domestic Animal Trespass
Eastern|Iddapola Range,2024,5,Eastern,Iddapola Range,0.0,0.0,0.0,0.0,0.0,0.0,0.0,0.0,0.0,0.0,0.0,13.0,0.0,0.0,0.0,0.0,Meat/Egg Trade,13.0,1,2024-05-01,0.49999999999999994,-0.8660254037844387,SW_monsoon,8.0,1,Meat/Egg Trade,0.0,0,None,59.0,1,Weapons/Traps
Eastern|Iddapola Range,2024,6,Eastern,Iddapola Range,0.0,0.0,0.0,0.0,0.0,0.0,0.0,0.0,102.0,0.0,0.0,0.0,0.0,0.0,0.0,0.0,Illegal Entry,102.0,1,2024-06-01,1.2246467991473532e-16,-1.0,SW_monsoon,13.0,1,Meat/Egg Trade,8.0,1,Meat/Egg Trade,0.0,0,None
Eastern|Iddapola Range,2024,7,Eastern,Iddapola Range,0.0,0.0,0.0,0.0,0.0,0.0,0.0,0.0,0.0,0.0,13.0,0.0,0.0,0.0,0.0,0.0,Illegal Logging,13.0,1,2024-07-01,-0.4999999999999997,-0.8660254037844388,SW_monsoon,102.0,1,Illegal Entry,13.0,1,Meat/Egg Trade,8.0,1,Meat/Egg Trade
Eastern|Iddapola Range,2024,8,Eastern,Iddapola Range,0.0,0.0,0.0,0.0,0.0,0.0,0.0,0.0,0.0,27.0,0.0,13.0,0.0,0.0,0.0,0.0,Illegal Fishing,40.0,1,2024-08-01,-0.8660254037844384,-0.5000000000000004,SW_monsoon,13.0,1,Illegal Logging,102.0,1,Illegal Entry,13.0,1,Meat/Egg Trade
Eastern|Iddapola Range,2024,9,Eastern,Iddapola Range,0.0,0.0,0.0,0.0,0.0,0.0,0.0,0.0,0.0,0.0,0.0,0.0,0.0,0.0,0.0,0.0,None,0.0,0,2024-09-01,-1.0,-1.8369701987210297e-16,SW_monsoon,40.0,1,Illegal Fishing,13.0,1,Illegal Logging,102.0,1,Illegal Entry
Eastern|Iddapola Range,2024,10,Eastern,Iddapola Range,0.0,0.0,0.0,0.0,0.0,0.0,0.0,0.0,0.0,0.0,0.0,0.0,0.0,0.0,0.0,0.0,None,0.0,0,2024-10-01,-0.8660254037844386,0.5000000000000001,Inter_OctNov,0.0,0,None,40.0,1,Illegal Fishing,13.0,1,Illegal Logging
Eastern|Iddapola Range,2024,11,Eastern,Iddapola Range,0.0,0.0,0.0,0.0,0.0,0.0,0.0,0.0,0.0,0.0,0.0,0.0,0.0,0.0,0.0,0.0,None,0.0,0,2024-11-01,-0.5000000000000004,0.8660254037844384,Inter_OctNov,0.0,0,None,0.0,0,None,40.0,1,Illegal Fishing
Eastern|Iddapola Range,2024,12,Eastern,Iddapola Range,0.0,0.0,0.0,0.0,0.0,0.0,0.0,0.0,0.0,0.0,0.0,0.0,0.0,0.0,0.0,0.0,None,0.0,0,2024-12-01,-2.4492935982947064e-16,1.0,NE_monsoon,0.0,0,None,0.0,0,None,0.0,0,None
Eastern|Maha Oya Elephant Unit,2022,1,Eastern,Maha Oya Elephant Unit,0.0,0.0,0.0,0.0,0.0,0.0,0.0,0.0,0.0,0.0,0.0,0.0,0.0,0.0,0.0,0.0,None,0.0,0,2022-01-01,0.49999999999999994,0.8660254037844387,NE_monsoon,0.0,0,None,0.0,0,None,0.0,0,None
Eastern|Maha Oya Elephant Unit,2022,2,Eastern,Maha Oya Elephant Unit,0.0,0.0,0.0,0.0,0.0,0.0,0.0,0.0,0.0,0.0,0.0,0.0,0.0,0.0,0.0,0.0,None,0.0,0,2022-02-01,0.8660254037844386,0.5000000000000001,NE_monsoon,0.0,0,None,0.0,0,None,0.0,0,None
Eastern|Maha Oya Elephant Unit,2022,3,Eastern,Maha Oya Elephant Unit,0.0,0.0,0.0,0.0,0.0,0.0,0.0,0.0,0.0,0.0,0.0,0.0,0.0,0.0,0.0,0.0,None,0.0,0,2022-03-01,1.0,6.123233995736766e-17,Inter_MarApr,0.0,0,None,0.0,0,None,0.0,0,None
Eastern|Maha Oya Elephant Unit,2022,4,Eastern,Maha Oya Elephant Unit,0.0,0.0,0.0,0.0,0.0,0.0,0.0,0.0,0.0,0.0,0.0,0.0,0.0,0.0,0.0,0.0,None,0.0,0,2022-04-01,0.8660254037844387,-0.4999999999999998,Inter_MarApr,0.0,0,None,0.0,0,None,0.0,0,None
Eastern|Maha Oya Elephant Unit,2022,5,Eastern,Maha Oya Elephant Unit,0.0,0.0,0.0,0.0,0.0,0.0,0.0,0.0,0.0,0.0,0.0,0.0,0.0,0.0,0.0,0.0,None,0.0,0,2022-05-01,0.49999999999999994,-0.8660254037844387,SW_monsoon,0.0,0,None,0.0,0,None,0.0,0,None
Eastern|Maha Oya Elephant Unit,2022,6,Eastern,Maha Oya Elephant Unit,0.0,0.0,0.0,0.0,0.0,0.0,0.0,0.0,0.0,0.0,0.0,0.0,0.0,0.0,0.0,0.0,None,0.0,0,2022-06-01,1.2246467991473532e-16,-1.0,SW_monsoon,0.0,0,None,0.0,0,None,0.0,0,None
Eastern|Maha Oya Elephant Unit,2022,7,Eastern,Maha Oya Elephant Unit,0.0,0.0,0.0,0.0,0.0,0.0,0.0,0.0,0.0,0.0,0.0,0.0,0.0,0.0,0.0,0.0,None,0.0,0,2022-07-01,-0.4999999999999997,-0.8660254037844388,SW_monsoon,0.0,0,None,0.0,0,None,0.0,0,None
Eastern|Maha Oya Elephant Unit,2022,8,Eastern,Maha Oya Elephant Unit,0.0,0.0,0.0,0.0,0.0,0.0,0.0,0.0,0.0,0.0,0.0,0.0,0.0,0.0,0.0,0.0,None,0.0,0,2022-08-01,-0.8660254037844384,-0.5000000000000004,SW_monsoon,0.0,0,None,0.0,0,None,0.0,0,None
Eastern|Maha Oya Elephant Unit,2022,9,Eastern,Maha Oya Elephant Unit,0.0,0.0,0.0,0.0,0.0,0.0,0.0,0.0,0.0,0.0,0.0,0.0,0.0,0.0,0.0,0.0,None,0.0,0,2022-09-01,-1.0,-1.8369701987210297e-16,SW_monsoon,0.0,0,None,0.0,0,None,0.0,0,None
Eastern|Maha Oya Elephant Unit,2022,10,Eastern,Maha Oya Elephant Unit,0.0,0.0,0.0,0.0,0.0,0.0,0.0,0.0,0.0,0.0,0.0,0.0,0.0,0.0,0.0,0.0,None,0.0,0,2022-10-01,-0.8660254037844386,0.5000000000000001,Inter_OctNov,0.0,0,None,0.0,0,None,0.0,0,None
Eastern|Maha Oya Elephant Unit,2022,11,Eastern,Maha Oya Elephant Unit,0.0,0.0,0.0,0.0,0.0,0.0,0.0,0.0,0.0,0.0,0.0,0.0,0.0,0.0,0.0,0.0,None,0.0,0,2022-11-01,-0.5000000000000004,0.8660254037844384,Inter_OctNov,0.0,0,None,0.0,0,None,0.0,0,None
Eastern|Maha Oya Elephant Unit,2022,12,Eastern,Maha Oya Elephant Unit,0.0,0.0,0.0,0.0,0.0,0.0,0.0,0.0,0.0,0.0,0.0,0.0,0.0,0.0,0.0,0.0,None,0.0,0,2022-12-01,-2.4492935982947064e-16,1.0,NE_monsoon,0.0,0,None,0.0,0,None,0.0,0,None
Eastern|Maha Oya Elephant Unit,2023,1,Eastern,Maha Oya Elephant Unit,0.0,0.0,0.0,0.0,0.0,0.0,0.0,0.0,0.0,0.0,51.0,24.0,0.0,25.0,0.0,0.0,Illegal Logging,100.0,1,2023-01-01,0.49999999999999994,0.8660254037844387,NE_monsoon,0.0,0,None,0.0,0,None,0.0,0,None
Eastern|Maha Oya Elephant Unit,2023,2,Eastern,Maha Oya Elephant Unit,0.0,0.0,0.0,0.0,0.0,0.0,0.0,0.0,0.0,0.0,0.0,0.0,0.0,10.0,0.0,0.0,Other,10.0,1,2023-02-01,0.8660254037844386,0.5000000000000001,NE_monsoon,100.0,1,Illegal Logging,0.0,0,None,0.0,0,None
Eastern|Maha Oya Elephant Unit,2023,3,Eastern,Maha Oya Elephant Unit,0.0,0.0,0.0,0.0,0.0,0.0,0.0,0.0,0.0,0.0,0.0,0.0,0.0,9.0,0.0,0.0,Other,9.0,1,2023-03-01,1.0,6.123233995736766e-17,Inter_MarApr,10.0,1,Other,100.0,1,Illegal Logging,0.0,0,None
Eastern|Maha Oya Elephant Unit,2023,4,Eastern,Maha Oya Elephant Unit,0.0,0.0,0.0,0.0,0.0,0.0,0.0,0.0,0.0,0.0,0.0,0.0,0.0,0.0,0.0,5.0,Weapons/Traps,5.0,1,2023-04-01,0.8660254037844387,-0.4999999999999998,Inter_MarApr,9.0,1,Other,10.0,1,Other,100.0,1,Illegal Logging
Eastern|Maha Oya Elephant Unit,2023,5,Eastern,Maha Oya Elephant Unit,0.0,0.0,0.0,0.0,0.0,0.0,0.0,0.0,0.0,0.0,35.0,0.0,0.0,0.0,0.0,1.0,Illegal Logging,36.0,1,2023-05-01,0.49999999999999994,-0.8660254037844387,SW_monsoon,5.0,1,Weapons/Traps,9.0,1,Other,10.0,1,Other
Eastern|Maha Oya Elephant Unit,2023,6,Eastern,Maha Oya Elephant Unit,0.0,0.0,0.0,0.0,0.0,0.0,0.0,0.0,0.0,0.0,0.0,0.0,0.0,0.0,0.0,33.0,Weapons/Traps,33.0,1,2023-06-01,1.2246467991473532e-16,-1.0,SW_monsoon,36.0,1,Illegal Logging,5.0,1,Weapons/Traps,9.0,1,Other
Eastern|Maha Oya Elephant Unit,2023,7,Eastern,Maha Oya Elephant Unit,0.0,0.0,0.0,0.0,0.0,0.0,0.0,0.0,0.0,0.0,0.0,0.0,0.0,0.0,0.0,0.0,None,0.0,0,2023-07-01,-0.4999999999999997,-0.8660254037844388,SW_monsoon,33.0,1,Weapons/Traps,36.0,1,Illegal Logging,5.0,1,Weapons/Traps
Eastern|Maha Oya Elephant Unit,2023,8,Eastern,Maha Oya Elephant Unit,0.0,0.0,0.0,0.0,0.0,0.0,0.0,0.0,0.0,0.0,0.0,0.0,0.0,18.0,0.0,35.0,Weapons/Traps,53.0,1,2023-08-01,-0.8660254037844384,-0.5000000000000004,SW_monsoon,0.0,0,None,33.0,1,Weapons/Traps,36.0,1,Illegal Logging
Eastern|Maha Oya Elephant Unit,2023,9,Eastern,Maha Oya Elephant Unit,0.0,0.0,0.0,0.0,0.0,0.0,0.0,0.0,0.0,0.0,0.0,0.0,0.0,62.0,0.0,25.0,Weapons/Traps,87.0,1,2023-09-01,-1.0,-1.8369701987210297e-16,SW_monsoon,53.0,1,Weapons/Traps,0.0,0,None,33.0,1,Weapons/Traps
Eastern|Maha Oya Elephant Unit,2023,10,Eastern,Maha Oya Elephant Unit,0.0,0.0,0.0,0.0,0.0,0.0,0.0,0.0,0.0,0.0,0.0,0.0,0.0,0.0,0.0,0.0,None,0.0,0,2023-10-01,-0.8660254037844386,0.5000000000000001,Inter_OctNov,87.0,1,Weapons/Traps,53.0,1,Weapons/Traps,0.0,0,None
Eastern|Maha Oya Elephant Unit,2023,11,Eastern,Maha Oya Elephant Unit,0.0,0.0,0.0,0.0,0.0,0.0,0.0,0.0,0.0,0.0,45.0,2.0,0.0,3.0,0.0,0.0,Illegal Logging,50.0,1,2023-11-01,-0.5000000000000004,0.8660254037844384,Inter_OctNov,0.0,0,None,87.0,1,Weapons/Traps,53.0,1,Weapons/Traps
Eastern|Maha Oya Elephant Unit,2023,12,Eastern,Maha Oya Elephant Unit,0.0,0.0,0.0,0.0,0.0,0.0,0.0,0.0,0.0,0.0,0.0,0.0,0.0,0.0,0.0,0.0,None,0.0,0,2023-12-01,-2.4492935982947064e-16,1.0,NE_monsoon,50.0,1,Illegal Logging,0.0,0,None,87.0,1,Weapons/Traps
Eastern|Maha Oya Elephant Unit,2024,1,Eastern,Maha Oya Elephant Unit,0.0,0.0,0.0,0.0,0.0,0.0,0.0,0.0,0.0,0.0,0.0,0.0,0.0,16.0,0.0,0.0,Other,16.0,1,2024-01-01,0.49999999999999994,0.8660254037844387,NE_monsoon,0.0,0,None,50.0,1,Illegal Logging,0.0,0,None
Eastern|Maha Oya Elephant Unit,2024,2,Eastern,Maha Oya Elephant Unit,0.0,0.0,0.0,0.0,0.0,0.0,0.0,0.0,0.0,0.0,0.0,7.0,0.0,1.0,0.0,0.0,Meat/Egg Trade,8.0,1,2024-02-01,0.8660254037844386,0.5000000000000001,NE_monsoon,16.0,1,Other,0.0,0,None,50.0,1,Illegal Logging
Eastern|Maha Oya Elephant Unit,2024,3,Eastern,Maha Oya Elephant Unit,0.0,0.0,0.0,0.0,0.0,0.0,0.0,0.0,0.0,0.0,0.0,0.0,0.0,0.0,0.0,0.0,None,0.0,0,2024-03-01,1.0,6.123233995736766e-17,Inter_MarApr,8.0,1,Meat/Egg Trade,16.0,1,Other,0.0,0,None
Eastern|Maha Oya Elephant Unit,2024,4,Eastern,Maha Oya Elephant Unit,0.0,0.0,0.0,0.0,0.0,0.0,0.0,0.0,0.0,15.0,0.0,0.0,0.0,6.0,0.0,0.0,Illegal Fishing,21.0,1,2024-04-01,0.8660254037844387,-0.4999999999999998,Inter_MarApr,0.0,0,None,8.0,1,Meat/Egg Trade,16.0,1,Other
Eastern|Maha Oya Elephant Unit,2024,5,Eastern,Maha Oya Elephant Unit,0.0,0.0,0.0,0.0,0.0,0.0,0.0,0.0,0.0,0.0,0.0,0.0,0.0,0.0,0.0,0.0,None,0.0,0,2024-05-01,0.49999999999999994,-0.8660254037844387,SW_monsoon,21.0,1,Illegal Fishing,0.0,0,None,8.0,1,Meat/Egg Trade
Eastern|Maha Oya Elephant Unit,2024,6,Eastern,Maha Oya Elephant Unit,0.0,0.0,0.0,0.0,0.0,0.0,0.0,0.0,0.0,0.0,0.0,0.0,0.0,0.0,0.0,0.0,None,0.0,0,2024-06-01,1.2246467991473532e-16,-1.0,SW_monsoon,0.0,0,None,21.0,1,Illegal Fishing,0.0,0,None
Eastern|Maha Oya Elephant Unit,2024,7,Eastern,Maha Oya Elephant Unit,0.0,0.0,0.0,0.0,0.0,0.0,0.0,0.0,0.0,0.0,0.0,0.0,0.0,0.0,0.0,0.0,None,0.0,0,2024-07-01,-0.4999999999999997,-0.8660254037844388,SW_monsoon,0.0,0,None,0.0,0,None,21.0,1,Illegal Fishing
Eastern|Maha Oya Elephant Unit,2024,8,Eastern,Maha Oya Elephant Unit,0.0,0.0,0.0,0.0,0.0,0.0,0.0,0.0,0.0,0.0,0.0,0.0,0.0,1.0,0.0,0.0,Other,1.0,1,2024-08-01,-0.8660254037844384,-0.5000000000000004,SW_monsoon,0.0,0,None,0.0,0,None,0.0,0,None
Eastern|Maha Oya Elephant Unit,2024,9,Eastern,Maha Oya Elephant Unit,0.0,0.0,0.0,0.0,0.0,0.0,0.0,0.0,0.0,0.0,0.0,0.0,0.0,0.0,0.0,0.0,None,0.0,0,2024-09-01,-1.0,-1.8369701987210297e-16,SW_monsoon,1.0,1,Other,0.0,0,None,0.0,0,None
Eastern|Maha Oya Elephant Unit,2024,10,Eastern,Maha Oya Elephant Unit,0.0,0.0,0.0,0.0,0.0,0.0,0.0,0.0,0.0,0.0,0.0,0.0,0.0,0.0,0.0,0.0,None,0.0,0,2024-10-01,-0.8660254037844386,0.5000000000000001,Inter_OctNov,0.0,0,None,1.0,1,Other,0.0,0,None
Eastern|Maha Oya Elephant Unit,2024,11,Eastern,Maha Oya Elephant Unit,0.0,0.0,0.0,0.0,0.0,0.0,0.0,0.0,0.0,0.0,0.0,0.0,0.0,0.0,0.0,0.0,None,0.0,0,2024-11-01,-0.5000000000000004,0.8660254037844384,Inter_OctNov,0.0,0,None,0.0,0,None,1.0,1,Other
Eastern|Maha Oya Elephant Unit,2024,12,Eastern,Maha Oya Elephant Unit,0.0,0.0,0.0,0.0,0.0,0.0,0.0,0.0,0.0,0.0,0.0,0.0,0.0,0.0,0.0,0.0,None,0.0,0,2024-12-01,-2.4492935982947064e-16,1.0,NE_monsoon,0.0,0,None,0.0,0,None,0.0,0,None
Eastern|Mawanavala ECU,2022,1,Eastern,Mawanavala ECU,0.0,0.0,0.0,0.0,0.0,0.0,0.0,0.0,0.0,0.0,0.0,0.0,0.0,0.0,0.0,0.0,None,0.0,0,2022-01-01,0.49999999999999994,0.8660254037844387,NE_monsoon,0.0,0,None,0.0,0,None,0.0,0,None
Eastern|Mawanavala ECU,2022,2,Eastern,Mawanavala ECU,0.0,0.0,0.0,0.0,0.0,0.0,0.0,0.0,0.0,0.0,0.0,0.0,0.0,0.0,0.0,0.0,None,0.0,0,2022-02-01,0.8660254037844386,0.5000000000000001,NE_monsoon,0.0,0,None,0.0,0,None,0.0,0,None
Eastern|Mawanavala ECU,2022,3,Eastern,Mawanavala ECU,0.0,0.0,0.0,0.0,0.0,0.0,0.0,0.0,0.0,0.0,0.0,0.0,0.0,0.0,0.0,0.0,None,0.0,0,2022-03-01,1.0,6.123233995736766e-17,Inter_MarApr,0.0,0,None,0.0,0,None,0.0,0,None
Eastern|Mawanavala ECU,2022,4,Eastern,Mawanavala ECU,0.0,0.0,0.0,0.0,0.0,0.0,0.0,0.0,0.0,0.0,0.0,0.0,0.0,0.0,0.0,0.0,None,0.0,0,2022-04-01,0.8660254037844387,-0.4999999999999998,Inter_MarApr,0.0,0,None,0.0,0,None,0.0,0,None
Eastern|Mawanavala ECU,2022,5,Eastern,Mawanavala ECU,0.0,0.0,0.0,0.0,0.0,0.0,0.0,0.0,0.0,0.0,0.0,0.0,0.0,0.0,0.0,0.0,None,0.0,0,2022-05-01,0.49999999999999994,-0.8660254037844387,SW_monsoon,0.0,0,None,0.0,0,None,0.0,0,None
Eastern|Mawanavala ECU,2022,6,Eastern,Mawanavala ECU,0.0,0.0,0.0,0.0,0.0,0.0,0.0,0.0,0.0,0.0,0.0,0.0,0.0,0.0,0.0,0.0,None,0.0,0,2022-06-01,1.2246467991473532e-16,-1.0,SW_monsoon,0.0,0,None,0.0,0,None,0.0,0,None
Eastern|Mawanavala ECU,2022,7,Eastern,Mawanavala ECU,0.0,0.0,0.0,0.0,0.0,0.0,0.0,0.0,0.0,0.0,0.0,0.0,0.0,0.0,0.0,0.0,None,0.0,0,2022-07-01,-0.4999999999999997,-0.8660254037844388,SW_monsoon,0.0,0,None,0.0,0,None,0.0,0,None
Eastern|Mawanavala ECU,2022,8,Eastern,Mawanavala ECU,0.0,0.0,0.0,0.0,0.0,0.0,0.0,0.0,0.0,0.0,0.0,0.0,0.0,0.0,0.0,0.0,None,0.0,0,2022-08-01,-0.8660254037844384,-0.5000000000000004,SW_monsoon,0.0,0,None,0.0,0,None,0.0,0,None
Eastern|Mawanavala ECU,2022,9,Eastern,Mawanavala ECU,0.0,0.0,0.0,0.0,0.0,0.0,0.0,0.0,0.0,0.0,0.0,0.0,0.0,0.0,0.0,0.0,None,0.0,0,2022-09-01,-1.0,-1.8369701987210297e-16,SW_monsoon,0.0,0,None,0.0,0,None,0.0,0,None
Eastern|Mawanavala ECU,2022,10,Eastern,Mawanavala ECU,0.0,0.0,0.0,0.0,0.0,0.0,0.0,0.0,0.0,0.0,0.0,0.0,0.0,0.0,0.0,0.0,None,0.0,0,2022-10-01,-0.8660254037844386,0.5000000000000001,Inter_OctNov,0.0,0,None,0.0,0,None,0.0,0,None
Eastern|Mawanavala ECU,2022,11,Eastern,Mawanavala ECU,0.0,0.0,0.0,0.0,0.0,0.0,0.0,0.0,0.0,0.0,0.0,0.0,0.0,0.0,0.0,0.0,None,0.0,0,2022-11-01,-0.5000000000000004,0.8660254037844384,Inter_OctNov,0.0,0,None,0.0,0,None,0.0,0,None
Eastern|Mawanavala ECU,2022,12,Eastern,Mawanavala ECU,0.0,0.0,0.0,0.0,0.0,0.0,0.0,0.0,0.0,0.0,0.0,0.0,0.0,0.0,0.0,0.0,None,0.0,0,2022-12-01,-2.4492935982947064e-16,1.0,NE_monsoon,0.0,0,None,0.0,0,None,0.0,0,None
Eastern|Mawanavala ECU,2023,1,Eastern,Mawanavala ECU,0.0,0.0,0.0,0.0,0.0,0.0,0.0,0.0,0.0,0.0,0.0,0.0,0.0,0.0,0.0,0.0,None,0.0,0,2023-01-01,0.49999999999999994,0.8660254037844387,NE_monsoon,0.0,0,None,0.0,0,None,0.0,0,None
Eastern|Mawanavala ECU,2023,2,Eastern,Mawanavala ECU,0.0,0.0,0.0,0.0,0.0,0.0,0.0,0.0,0.0,0.0,0.0,0.0,0.0,0.0,0.0,0.0,None,0.0,0,2023-02-01,0.8660254037844386,0.5000000000000001,NE_monsoon,0.0,0,None,0.0,0,None,0.0,0,None
Eastern|Mawanavala ECU,2023,3,Eastern,Mawanavala ECU,0.0,0.0,0.0,0.0,0.0,0.0,0.0,0.0,0.0,0.0,0.0,0.0,0.0,0.0,0.0,0.0,None,0.0,0,2023-03-01,1.0,6.123233995736766e-17,Inter_MarApr,0.0,0,None,0.0,0,None,0.0,0,None
Eastern|Mawanavala ECU,2023,4,Eastern,Mawanavala ECU,0.0,0.0,0.0,0.0,0.0,0.0,0.0,0.0,0.0,0.0,0.0,0.0,0.0,0.0,0.0,0.0,None,0.0,0,2023-04-01,0.8660254037844387,-0.4999999999999998,Inter_MarApr,0.0,0,None,0.0,0,None,0.0,0,None
Eastern|Mawanavala ECU,2023,5,Eastern,Mawanavala ECU,0.0,0.0,0.0,0.0,0.0,0.0,0.0,0.0,0.0,0.0,0.0,0.0,0.0,0.0,0.0,0.0,None,0.0,0,2023-05-01,0.49999999999999994,-0.8660254037844387,SW_monsoon,0.0,0,None,0.0,0,None,0.0,0,None
Eastern|Mawanavala ECU,2023,6,Eastern,Mawanavala ECU,0.0,0.0,0.0,0.0,0.0,0.0,0.0,0.0,0.0,0.0,0.0,0.0,0.0,0.0,0.0,0.0,None,0.0,0,2023-06-01,1.2246467991473532e-16,-1.0,SW_monsoon,0.0,0,None,0.0,0,None,0.0,0,None
Eastern|Mawanavala ECU,2023,7,Eastern,Mawanavala ECU,0.0,0.0,0.0,0.0,0.0,0.0,0.0,0.0,0.0,0.0,0.0,0.0,0.0,0.0,0.0,0.0,None,0.0,0,2023-07-01,-0.4999999999999997,-0.8660254037844388,SW_monsoon,0.0,0,None,0.0,0,None,0.0,0,None
Eastern|Mawanavala ECU,2023,8,Eastern,Mawanavala ECU,0.0,0.0,0.0,0.0,0.0,0.0,0.0,0.0,0.0,0.0,0.0,0.0,0.0,0.0,0.0,0.0,None,0.0,0,2023-08-01,-0.8660254037844384,-0.5000000000000004,SW_monsoon,0.0,0,None,0.0,0,None,0.0,0,None
Eastern|Mawanavala ECU,2023,9,Eastern,Mawanavala ECU,0.0,0.0,0.0,0.0,0.0,0.0,0.0,0.0,0.0,0.0,0.0,0.0,0.0,0.0,0.0,0.0,None,0.0,0,2023-09-01,-1.0,-1.8369701987210297e-16,SW_monsoon,0.0,0,None,0.0,0,None,0.0,0,None
Eastern|Mawanavala ECU,2023,10,Eastern,Mawanavala ECU,0.0,0.0,0.0,0.0,0.0,0.0,0.0,0.0,0.0,0.0,0.0,0.0,0.0,0.0,0.0,0.0,None,0.0,0,2023-10-01,-0.8660254037844386,0.5000000000000001,Inter_OctNov,0.0,0,None,0.0,0,None,0.0,0,None
Eastern|Mawanavala ECU,2023,11,Eastern,Mawanavala ECU,0.0,0.0,0.0,0.0,0.0,0.0,0.0,0.0,0.0,0.0,0.0,0.0,0.0,0.0,0.0,0.0,None,0.0,0,2023-11-01,-0.5000000000000004,0.8660254037844384,Inter_OctNov,0.0,0,None,0.0,0,None,0.0,0,None
Eastern|Mawanavala ECU,2023,12,Eastern,Mawanavala ECU,0.0,0.0,0.0,0.0,0.0,0.0,0.0,0.0,0.0,0.0,0.0,0.0,0.0,0.0,0.0,0.0,None,0.0,0,2023-12-01,-2.4492935982947064e-16,1.0,NE_monsoon,0.0,0,None,0.0,0,None,0.0,0,None
Eastern|Mawanavala ECU,2024,1,Eastern,Mawanavala ECU,0.0,0.0,0.0,0.0,0.0,0.0,0.0,0.0,0.0,0.0,0.0,0.0,0.0,0.0,0.0,0.0,None,0.0,0,2024-01-01,0.49999999999999994,0.8660254037844387,NE_monsoon,0.0,0,None,0.0,0,None,0.0,0,None
Eastern|Mawanavala ECU,2024,2,Eastern,Mawanavala ECU,0.0,0.0,0.0,0.0,0.0,0.0,0.0,0.0,0.0,0.0,0.0,0.0,0.0,0.0,0.0,0.0,None,0.0,0,2024-02-01,0.8660254037844386,0.5000000000000001,NE_monsoon,0.0,0,None,0.0,0,None,0.0,0,None
Eastern|Mawanavala ECU,2024,3,Eastern,Mawanavala ECU,0.0,0.0,0.0,0.0,0.0,0.0,0.0,0.0,0.0,0.0,0.0,0.0,0.0,0.0,0.0,0.0,None,0.0,0,2024-03-01,1.0,6.123233995736766e-17,Inter_MarApr,0.0,0,None,0.0,0,None,0.0,0,None
Eastern|Mawanavala ECU,2024,4,Eastern,Mawanavala ECU,0.0,0.0,0.0,0.0,0.0,0.0,0.0,0.0,0.0,0.0,0.0,0.0,0.0,0.0,0.0,0.0,None,0.0,0,2024-04-01,0.8660254037844387,-0.4999999999999998,Inter_MarApr,0.0,0,None,0.0,0,None,0.0,0,None
Eastern|Mawanavala ECU,2024,5,Eastern,Mawanavala ECU,0.0,0.0,0.0,0.0,0.0,0.0,0.0,0.0,0.0,0.0,0.0,0.0,0.0,0.0,0.0,0.0,None,0.0,0,2024-05-01,0.49999999999999994,-0.8660254037844387,SW_monsoon,0.0,0,None,0.0,0,None,0.0,0,None
Eastern|Mawanavala ECU,2024,6,Eastern,Mawanavala ECU,0.0,0.0,0.0,0.0,0.0,0.0,0.0,0.0,0.0,0.0,0.0,0.0,0.0,0.0,0.0,0.0,None,0.0,0,2024-06-01,1.2246467991473532e-16,-1.0,SW_monsoon,0.0,0,None,0.0,0,None,0.0,0,None
Eastern|Mawanavala ECU,2024,7,Eastern,Mawanavala ECU,0.0,0.0,0.0,0.0,0.0,0.0,0.0,0.0,0.0,0.0,0.0,0.0,0.0,0.0,0.0,0.0,None,0.0,0,2024-07-01,-0.4999999999999997,-0.8660254037844388,SW_monsoon,0.0,0,None,0.0,0,None,0.0,0,None
Eastern|Mawanavala ECU,2024,8,Eastern,Mawanavala ECU,0.0,0.0,0.0,0.0,0.0,0.0,0.0,0.0,0.0,0.0,0.0,0.0,0.0,0.0,0.0,0.0,None,0.0,0,2024-08-01,-0.8660254037844384,-0.5000000000000004,SW_monsoon,0.0,0,None,0.0,0,None,0.0,0,None
Eastern|Mawanavala ECU,2024,9,Eastern,Mawanavala ECU,0.0,0.0,0.0,0.0,0.0,0.0,0.0,0.0,0.0,0.0,0.0,0.0,0.0,0.0,0.0,0.0,None,0.0,0,2024-09-01,-1.0,-1.8369701987210297e-16,SW_monsoon,0.0,0,None,0.0,0,None,0.0,0,None
Eastern|Mawanavala ECU,2024,10,Eastern,Mawanavala ECU,0.0,0.0,0.0,0.0,0.0,0.0,0.0,0.0,0.0,0.0,0.0,0.0,0.0,0.0,0.0,0.0,None,0.0,0,2024-10-01,-0.8660254037844386,0.5000000000000001,Inter_OctNov,0.0,0,None,0.0,0,None,0.0,0,None
Eastern|Mawanavala ECU,2024,11,Eastern,Mawanavala ECU,0.0,0.0,0.0,0.0,0.0,0.0,0.0,0.0,0.0,0.0,0.0,0.0,0.0,0.0,0.0,0.0,None,0.0,0,2024-11-01,-0.5000000000000004,0.8660254037844384,Inter_OctNov,0.0,0,None,0.0,0,None,0.0,0,None
Eastern|Mawanavala ECU,2024,12,Eastern,Mawanavala ECU,0.0,0.0,0.0,10.0,0.0,0.0,0.0,0.0,0.0,0.0,0.0,0.0,0.0,5.0,0.0,0.0,Domestic Animal Trespass,15.0,1,2024-12-01,-2.4492935982947064e-16,1.0,NE_monsoon,0.0,0,None,0.0,0,None,0.0,0,None
Eastern|National Park,2022,1,Eastern,National Park,0.0,0.0,0.0,0.0,0.0,0.0,0.0,0.0,0.0,0.0,0.0,0.0,0.0,0.0,0.0,0.0,None,0.0,0,2022-01-01,0.49999999999999994,0.8660254037844387,NE_monsoon,0.0,0,None,0.0,0,None,0.0,0,None
Eastern|National Park,2022,2,Eastern,National Park,0.0,0.0,0.0,0.0,0.0,0.0,0.0,7.0,0.0,0.0,0.0,0.0,0.0,0.0,0.0,0.0,Hunting/Killing,7.0,1,2022-02-01,0.8660254037844386,0.5000000000000001,NE_monsoon,0.0,0,None,0.0,0,None,0.0,0,None
Eastern|National Park,2022,3,Eastern,National Park,0.0,2.0,0.0,0.0,0.0,0.0,0.0,8.0,0.0,0.0,0.0,7.0,0.0,0.0,0.0,0.0,Hunting/Killing,17.0,1,2022-03-01,1.0,6.123233995736766e-17,Inter_MarApr,7.0,1,Hunting/Killing,0.0,0,None,0.0,0,None
Eastern|National Park,2022,4,Eastern,National Park,0.0,0.0,0.0,0.0,0.0,0.0,0.0,4.0,0.0,0.0,0.0,16.0,0.0,0.0,0.0,0.0,Meat/Egg Trade,20.0,1,2022-04-01,0.8660254037844387,-0.4999999999999998,Inter_MarApr,17.0,1,Hunting/Killing,7.0,1,Hunting/Killing,0.0,0,None
Eastern|National Park,2022,5,Eastern,National Park,0.0,0.0,0.0,0.0,0.0,0.0,0.0,0.0,0.0,0.0,0.0,0.0,0.0,0.0,0.0,0.0,None,0.0,0,2022-05-01,0.49999999999999994,-0.8660254037844387,SW_monsoon,20.0,1,Meat/Egg Trade,17.0,1,Hunting/Killing,7.0,1,Hunting/Killing
Eastern|National Park,2022,6,Eastern,National Park,0.0,0.0,0.0,0.0,0.0,0.0,0.0,0.0,0.0,9.0,0.0,0.0,0.0,0.0,0.0,0.0,Illegal Fishing,9.0,1,2022-06-01,1.2246467991473532e-16,-1.0,SW_monsoon,0.0,0,None,20.0,1,Meat/Egg Trade,17.0,1,Hunting/Killing
Eastern|National Park,2022,7,Eastern,National Park,0.0,0.0,0.0,0.0,0.0,0.0,0.0,0.0,0.0,0.0,0.0,0.0,0.0,0.0,0.0,0.0,None,0.0,0,2022-07-01,-0.4999999999999997,-0.8660254037844388,SW_monsoon,9.0,1,Illegal Fishing,0.0,0,None,20.0,1,Meat/Egg Trade
Eastern|National Park,2022,8,Eastern,National Park,0.0,0.0,0.0,0.0,0.0,0.0,0.0,0.0,0.0,5.0,0.0,4.0,0.0,0.0,0.0,0.0,Illegal Fishing,9.0,1,2022-08-01,-0.8660254037844384,-0.5000000000000004,SW_monsoon,0.0,0,None,9.0,1,Illegal Fishing,0.0,0,None
Eastern|National Park,2022,9,Eastern,National Park,0.0,0.0,0.0,0.0,0.0,0.0,0.0,0.0,0.0,0.0,0.0,0.0,0.0,0.0,0.0,0.0,None,0.0,0,2022-09-01,-1.0,-1.8369701987210297e-16,SW_monsoon,9.0,1,Illegal Fishing,0.0,0,None,9.0,1,Illegal Fishing
Eastern|National Park,2022,10,Eastern,National Park,0.0,0.0,0.0,0.0,0.0,0.0,0.0,0.0,0.0,0.0,0.0,0.0,0.0,0.0,0.0,0.0,None,0.0,0,2022-10-01,-0.8660254037844386,0.5000000000000001,Inter_OctNov,0.0,0,None,9.0,1,Illegal Fishing,0.0,0,None
Eastern|National Park,2022,11,Eastern,National Park,0.0,0.0,0.0,0.0,0.0,0.0,0.0,0.0,0.0,0.0,0.0,0.0,0.0,0.0,0.0,0.0,None,0.0,0,2022-11-01,-0.5000000000000004,0.8660254037844384,Inter_OctNov,0.0,0,None,0.0,0,None,9.0,1,Illegal Fishing
Eastern|National Park,2022,12,Eastern,National Park,0.0,21.0,0.0,0.0,0.0,0.0,24.0,3.0,0.0,11.0,0.0,49.0,0.0,24.0,0.0,0.0,Meat/Egg Trade,132.0,1,2022-12-01,-2.4492935982947064e-16,1.0,NE_monsoon,0.0,0,None,0.0,0,None,0.0,0,None
Eastern|National Park,2023,1,Eastern,National Park,0.0,0.0,0.0,0.0,0.0,0.0,0.0,0.0,0.0,0.0,0.0,0.0,0.0,22.0,0.0,0.0,Other,22.0,1,2023-01-01,0.49999999999999994,0.8660254037844387,NE_monsoon,132.0,1,Meat/Egg Trade,0.0,0,None,0.0,0,None
Eastern|National Park,2023,2,Eastern,National Park,0.0,0.0,0.0,0.0,0.0,0.0,0.0,0.0,0.0,0.0,0.0,0.0,0.0,15.0,0.0,0.0,Other,15.0,1,2023-02-01,0.8660254037844386,0.5000000000000001,NE_monsoon,22.0,1,Other,132.0,1,Meat/Egg Trade,0.0,0,None
Eastern|National Park,2023,3,Eastern,National Park,0.0,0.0,0.0,0.0,0.0,0.0,0.0,0.0,0.0,0.0,0.0,0.0,0.0,0.0,0.0,0.0,None,0.0,0,2023-03-01,1.0,6.123233995736766e-17,Inter_MarApr,15.0,1,Other,22.0,1,Other,132.0,1,Meat/Egg Trade
Eastern|National Park,2023,4,Eastern,National Park,0.0,0.0,0.0,0.0,0.0,0.0,0.0,0.0,0.0,0.0,0.0,0.0,0.0,0.0,0.0,0.0,None,0.0,0,2023-04-01,0.8660254037844387,-0.4999999999999998,Inter_MarApr,0.0,0,None,15.0,1,Other,22.0,1,Other
Eastern|National Park,2023,5,Eastern,National Park,0.0,0.0,0.0,0.0,0.0,0.0,0.0,0.0,0.0,0.0,0.0,0.0,0.0,0.0,0.0,0.0,None,0.0,0,2023-05-01,0.49999999999999994,-0.8660254037844387,SW_monsoon,0.0,0,None,0.0,0,None,15.0,1,Other
Eastern|National Park,2023,6,Eastern,National Park,0.0,0.0,0.0,0.0,0.0,0.0,0.0,0.0,0.0,0.0,0.0,0.0,0.0,0.0,0.0,0.0,None,0.0,0,2023-06-01,1.2246467991473532e-16,-1.0,SW_monsoon,0.0,0,None,0.0,0,None,0.0,0,None
Eastern|National Park,2023,7,Eastern,National Park,0.0,0.0,0.0,0.0,0.0,0.0,0.0,0.0,0.0,0.0,0.0,0.0,0.0,0.0,0.0,0.0,None,0.0,0,2023-07-01,-0.4999999999999997,-0.8660254037844388,SW_monsoon,0.0,0,None,0.0,0,None,0.0,0,None
Eastern|National Park,2023,8,Eastern,National Park,0.0,0.0,0.0,0.0,0.0,0.0,0.0,0.0,0.0,0.0,0.0,0.0,0.0,0.0,0.0,0.0,None,0.0,0,2023-08-01,-0.8660254037844384,-0.5000000000000004,SW_monsoon,0.0,0,None,0.0,0,None,0.0,0,None
Eastern|National Park,2023,9,Eastern,National Park,0.0,0.0,0.0,0.0,0.0,0.0,0.0,0.0,0.0,0.0,0.0,0.0,0.0,0.0,0.0,0.0,None,0.0,0,2023-09-01,-1.0,-1.8369701987210297e-16,SW_monsoon,0.0,0,None,0.0,0,None,0.0,0,None
Eastern|National Park,2023,10,Eastern,National Park,0.0,0.0,0.0,0.0,0.0,0.0,0.0,0.0,0.0,0.0,0.0,0.0,0.0,0.0,0.0,0.0,None,0.0,0,2023-10-01,-0.8660254037844386,0.5000000000000001,Inter_OctNov,0.0,0,None,0.0,0,None,0.0,0,None
Eastern|National Park,2023,11,Eastern,National Park,0.0,0.0,0.0,0.0,0.0,0.0,0.0,0.0,0.0,0.0,0.0,0.0,0.0,0.0,0.0,0.0,None,0.0,0,2023-11-01,-0.5000000000000004,0.8660254037844384,Inter_OctNov,0.0,0,None,0.0,0,None,0.0,0,None
Eastern|National Park,2023,12,Eastern,National Park,0.0,0.0,0.0,0.0,0.0,0.0,0.0,0.0,0.0,0.0,0.0,0.0,0.0,0.0,0.0,0.0,None,0.0,0,2023-12-01,-2.4492935982947064e-16,1.0,NE_monsoon,0.0,0,None,0.0,0,None,0.0,0,None
Eastern|National Park,2024,1,Eastern,National Park,0.0,0.0,0.0,0.0,0.0,0.0,0.0,0.0,0.0,0.0,0.0,0.0,0.0,0.0,0.0,0.0,None,0.0,0,2024-01-01,0.49999999999999994,0.8660254037844387,NE_monsoon,0.0,0,None,0.0,0,None,0.0,0,None
Eastern|National Park,2024,2,Eastern,National Park,0.0,0.0,0.0,0.0,0.0,0.0,0.0,0.0,0.0,0.0,0.0,0.0,0.0,0.0,0.0,0.0,None,0.0,0,2024-02-01,0.8660254037844386,0.5000000000000001,NE_monsoon,0.0,0,None,0.0,0,None,0.0,0,None
Eastern|National Park,2024,3,Eastern,National Park,0.0,0.0,0.0,0.0,0.0,0.0,0.0,0.0,0.0,0.0,0.0,0.0,0.0,0.0,0.0,0.0,None,0.0,0,2024-03-01,1.0,6.123233995736766e-17,Inter_MarApr,0.0,0,None,0.0,0,None,0.0,0,None
Eastern|National Park,2024,4,Eastern,National Park,0.0,0.0,0.0,0.0,0.0,0.0,0.0,0.0,0.0,0.0,0.0,0.0,0.0,0.0,0.0,0.0,None,0.0,0,2024-04-01,0.8660254037844387,-0.4999999999999998,Inter_MarApr,0.0,0,None,0.0,0,None,0.0,0,None
Eastern|National Park,2024,5,Eastern,National Park,0.0,0.0,0.0,0.0,0.0,0.0,0.0,0.0,0.0,0.0,0.0,0.0,0.0,0.0,0.0,0.0,None,0.0,0,2024-05-01,0.49999999999999994,-0.8660254037844387,SW_monsoon,0.0,0,None,0.0,0,None,0.0,0,None
Eastern|National Park,2024,6,Eastern,National Park,0.0,0.0,0.0,0.0,0.0,0.0,0.0,0.0,0.0,0.0,0.0,0.0,0.0,0.0,0.0,0.0,None,0.0,0,2024-06-01,1.2246467991473532e-16,-1.0,SW_monsoon,0.0,0,None,0.0,0,None,0.0,0,None
Eastern|National Park,2024,7,Eastern,National Park,0.0,0.0,0.0,0.0,0.0,0.0,0.0,0.0,0.0,0.0,0.0,0.0,0.0,0.0,0.0,0.0,None,0.0,0,2024-07-01,-0.4999999999999997,-0.8660254037844388,SW_monsoon,0.0,0,None,0.0,0,None,0.0,0,None
Eastern|National Park,2024,8,Eastern,National Park,0.0,0.0,0.0,0.0,0.0,0.0,0.0,0.0,0.0,0.0,0.0,0.0,0.0,0.0,0.0,0.0,None,0.0,0,2024-08-01,-0.8660254037844384,-0.5000000000000004,SW_monsoon,0.0,0,None,0.0,0,None,0.0,0,None
Eastern|National Park,2024,9,Eastern,National Park,0.0,0.0,0.0,0.0,0.0,0.0,0.0,0.0,0.0,0.0,0.0,0.0,0.0,0.0,0.0,0.0,None,0.0,0,2024-09-01,-1.0,-1.8369701987210297e-16,SW_monsoon,0.0,0,None,0.0,0,None,0.0,0,None
Eastern|National Park,2024,10,Eastern,National Park,0.0,0.0,0.0,0.0,0.0,0.0,0.0,0.0,0.0,0.0,0.0,0.0,0.0,0.0,0.0,0.0,None,0.0,0,2024-10-01,-0.8660254037844386,0.5000000000000001,Inter_OctNov,0.0,0,None,0.0,0,None,0.0,0,None
Eastern|National Park,2024,11,Eastern,National Park,0.0,0.0,0.0,0.0,0.0,0.0,0.0,0.0,0.0,0.0,0.0,0.0,0.0,0.0,0.0,0.0,None,0.0,0,2024-11-01,-0.5000000000000004,0.8660254037844384,Inter_OctNov,0.0,0,None,0.0,0,None,0.0,0,None
Eastern|National Park,2024,12,Eastern,National Park,0.0,0.0,0.0,0.0,0.0,0.0,0.0,0.0,0.0,0.0,0.0,0.0,0.0,0.0,0.0,0.0,None,0.0,0,2024-12-01,-2.4492935982947064e-16,1.0,NE_monsoon,0.0,0,None,0.0,0,None,0.0,0,None
Eastern|Office of Kumana NP,2022,1,Eastern,Office of Kumana NP,0.0,0.0,0.0,0.0,0.0,0.0,0.0,0.0,0.0,0.0,0.0,0.0,0.0,0.0,0.0,0.0,None,0.0,0,2022-01-01,0.49999999999999994,0.8660254037844387,NE_monsoon,0.0,0,None,0.0,0,None,0.0,0,None
Eastern|Office of Kumana NP,2022,2,Eastern,Office of Kumana NP,0.0,0.0,0.0,0.0,0.0,0.0,0.0,0.0,0.0,0.0,0.0,0.0,0.0,0.0,0.0,0.0,None,0.0,0,2022-02-01,0.8660254037844386,0.5000000000000001,NE_monsoon,0.0,0,None,0.0,0,None,0.0,0,None
Eastern|Office of Kumana NP,2022,3,Eastern,Office of Kumana NP,0.0,0.0,0.0,0.0,0.0,0.0,0.0,0.0,0.0,0.0,0.0,0.0,0.0,0.0,0.0,0.0,None,0.0,0,2022-03-01,1.0,6.123233995736766e-17,Inter_MarApr,0.0,0,None,0.0,0,None,0.0,0,None
Eastern|Office of Kumana NP,2022,4,Eastern,Office of Kumana NP,0.0,0.0,0.0,0.0,0.0,0.0,0.0,0.0,0.0,0.0,0.0,0.0,0.0,0.0,0.0,0.0,None,0.0,0,2022-04-01,0.8660254037844387,-0.4999999999999998,Inter_MarApr,0.0,0,None,0.0,0,None,0.0,0,None
Eastern|Office of Kumana NP,2022,5,Eastern,Office of Kumana NP,0.0,0.0,0.0,0.0,0.0,0.0,0.0,0.0,0.0,0.0,0.0,0.0,0.0,0.0,0.0,0.0,None,0.0,0,2022-05-01,0.49999999999999994,-0.8660254037844387,SW_monsoon,0.0,0,None,0.0,0,None,0.0,0,None
Eastern|Office of Kumana NP,2022,6,Eastern,Office of Kumana NP,0.0,0.0,0.0,0.0,0.0,0.0,0.0,0.0,0.0,0.0,0.0,0.0,0.0,0.0,0.0,0.0,None,0.0,0,2022-06-01,1.2246467991473532e-16,-1.0,SW_monsoon,0.0,0,None,0.0,0,None,0.0,0,None
Eastern|Office of Kumana NP,2022,7,Eastern,Office of Kumana NP,0.0,0.0,0.0,0.0,0.0,0.0,0.0,0.0,0.0,0.0,0.0,0.0,0.0,0.0,0.0,0.0,None,0.0,0,2022-07-01,-0.4999999999999997,-0.8660254037844388,SW_monsoon,0.0,0,None,0.0,0,None,0.0,0,None
Eastern|Office of Kumana NP,2022,8,Eastern,Office of Kumana NP,0.0,0.0,0.0,0.0,0.0,0.0,0.0,0.0,0.0,0.0,0.0,0.0,0.0,0.0,0.0,0.0,None,0.0,0,2022-08-01,-0.8660254037844384,-0.5000000000000004,SW_monsoon,0.0,0,None,0.0,0,None,0.0,0,None
Eastern|Office of Kumana NP,2022,9,Eastern,Office of Kumana NP,0.0,0.0,0.0,0.0,0.0,0.0,0.0,0.0,0.0,0.0,0.0,0.0,0.0,0.0,0.0,0.0,None,0.0,0,2022-09-01,-1.0,-1.8369701987210297e-16,SW_monsoon,0.0,0,None,0.0,0,None,0.0,0,None
Eastern|Office of Kumana NP,2022,10,Eastern,Office of Kumana NP,0.0,0.0,0.0,0.0,0.0,0.0,0.0,0.0,0.0,0.0,0.0,0.0,0.0,0.0,0.0,0.0,None,0.0,0,2022-10-01,-0.8660254037844386,0.5000000000000001,Inter_OctNov,0.0,0,None,0.0,0,None,0.0,0,None
Eastern|Office of Kumana NP,2022,11,Eastern,Office of Kumana NP,0.0,0.0,0.0,0.0,0.0,0.0,0.0,0.0,0.0,0.0,0.0,0.0,0.0,0.0,0.0,0.0,None,0.0,0,2022-11-01,-0.5000000000000004,0.8660254037844384,Inter_OctNov,0.0,0,None,0.0,0,None,0.0,0,None
Eastern|Office of Kumana NP,2022,12,Eastern,Office of Kumana NP,0.0,0.0,0.0,0.0,0.0,0.0,0.0,0.0,0.0,0.0,0.0,0.0,0.0,0.0,0.0,0.0,None,0.0,0,2022-12-01,-2.4492935982947064e-16,1.0,NE_monsoon,0.0,0,None,0.0,0,None,0.0,0,None
Eastern|Office of Kumana NP,2023,1,Eastern,Office of Kumana NP,0.0,0.0,0.0,0.0,0.0,0.0,0.0,0.0,0.0,0.0,0.0,0.0,0.0,0.0,0.0,0.0,None,0.0,0,2023-01-01,0.49999999999999994,0.8660254037844387,NE_monsoon,0.0,0,None,0.0,0,None,0.0,0,None
Eastern|Office of Kumana NP,2023,2,Eastern,Office of Kumana NP,0.0,0.0,0.0,0.0,0.0,0.0,0.0,0.0,0.0,0.0,0.0,0.0,0.0,0.0,0.0,0.0,None,0.0,0,2023-02-01,0.8660254037844386,0.5000000000000001,NE_monsoon,0.0,0,None,0.0,0,None,0.0,0,None
Eastern|Office of Kumana NP,2023,3,Eastern,Office of Kumana NP,0.0,0.0,0.0,0.0,0.0,0.0,0.0,0.0,0.0,0.0,0.0,0.0,0.0,0.0,0.0,19.0,Weapons/Traps,19.0,1,2023-03-01,1.0,6.123233995736766e-17,Inter_MarApr,0.0,0,None,0.0,0,None,0.0,0,None
Eastern|Office of Kumana NP,2023,4,Eastern,Office of Kumana NP,0.0,0.0,0.0,0.0,0.0,0.0,0.0,0.0,0.0,0.0,0.0,11.0,0.0,0.0,0.0,0.0,Meat/Egg Trade,11.0,1,2023-04-01,0.8660254037844387,-0.4999999999999998,Inter_MarApr,19.0,1,Weapons/Traps,0.0,0,None,0.0,0,None
Eastern|Office of Kumana NP,2023,5,Eastern,Office of Kumana NP,0.0,0.0,0.0,0.0,0.0,0.0,0.0,0.0,0.0,0.0,0.0,0.0,0.0,0.0,0.0,18.0,Weapons/Traps,18.0,1,2023-05-01,0.49999999999999994,-0.8660254037844387,SW_monsoon,11.0,1,Meat/Egg Trade,19.0,1,Weapons/Traps,0.0,0,None
Eastern|Office of Kumana NP,2023,6,Eastern,Office of Kumana NP,0.0,0.0,0.0,0.0,0.0,0.0,0.0,0.0,0.0,15.0,0.0,38.0,0.0,0.0,0.0,0.0,Meat/Egg Trade,53.0,1,2023-06-01,1.2246467991473532e-16,-1.0,SW_monsoon,18.0,1,Weapons/Traps,11.0,1,Meat/Egg Trade,19.0,1,Weapons/Traps
Eastern|Office of Kumana NP,2023,7,Eastern,Office of Kumana NP,0.0,0.0,0.0,0.0,0.0,0.0,0.0,0.0,0.0,0.0,0.0,19.0,0.0,0.0,0.0,0.0,Meat/Egg Trade,19.0,1,2023-07-01,-0.4999999999999997,-0.8660254037844388,SW_monsoon,53.0,1,Meat/Egg Trade,18.0,1,Weapons/Traps,11.0,1,Meat/Egg Trade
Eastern|Office of Kumana NP,2023,8,Eastern,Office of Kumana NP,0.0,0.0,0.0,0.0,0.0,0.0,0.0,0.0,20.0,0.0,0.0,0.0,0.0,17.0,0.0,0.0,Illegal Entry,37.0,1,2023-08-01,-0.8660254037844384,-0.5000000000000004,SW_monsoon,19.0,1,Meat/Egg Trade,53.0,1,Meat/Egg Trade,18.0,1,Weapons/Traps
Eastern|Office of Kumana NP,2023,9,Eastern,Office of Kumana NP,0.0,0.0,0.0,0.0,0.0,0.0,0.0,0.0,0.0,0.0,0.0,16.0,0.0,0.0,0.0,0.0,Meat/Egg Trade,16.0,1,2023-09-01,-1.0,-1.8369701987210297e-16,SW_monsoon,37.0,1,Illegal Entry,19.0,1,Meat/Egg Trade,53.0,1,Meat/Egg Trade
Eastern|Office of Kumana NP,2023,10,Eastern,Office of Kumana NP,0.0,0.0,0.0,0.0,0.0,0.0,0.0,0.0,0.0,0.0,0.0,0.0,0.0,0.0,0.0,0.0,None,0.0,0,2023-10-01,-0.8660254037844386,0.5000000000000001,Inter_OctNov,16.0,1,Meat/Egg Trade,37.0,1,Illegal Entry,19.0,1,Meat/Egg Trade
Eastern|Office of Kumana NP,2023,11,Eastern,Office of Kumana NP,0.0,0.0,0.0,0.0,0.0,0.0,0.0,0.0,0.0,0.0,0.0,0.0,0.0,0.0,0.0,0.0,None,0.0,0,2023-11-01,-0.5000000000000004,0.8660254037844384,Inter_OctNov,0.0,0,None,16.0,1,Meat/Egg Trade,37.0,1,Illegal Entry
Eastern|Office of Kumana NP,2023,12,Eastern,Office of Kumana NP,0.0,0.0,0.0,0.0,0.0,0.0,0.0,0.0,0.0,0.0,0.0,0.0,0.0,0.0,0.0,0.0,None,0.0,0,2023-12-01,-2.4492935982947064e-16,1.0,NE_monsoon,0.0,0,None,0.0,0,None,16.0,1,Meat/Egg Trade
Eastern|Office of Kumana NP,2024,1,Eastern,Office of Kumana NP,0.0,0.0,0.0,0.0,0.0,0.0,0.0,0.0,0.0,0.0,0.0,0.0,0.0,0.0,0.0,0.0,None,0.0,0,2024-01-01,0.49999999999999994,0.8660254037844387,NE_monsoon,0.0,0,None,0.0,0,None,0.0,0,None
Eastern|Office of Kumana NP,2024,2,Eastern,Office of Kumana NP,0.0,0.0,0.0,0.0,0.0,0.0,0.0,0.0,0.0,0.0,0.0,0.0,0.0,29.0,0.0,52.0,Weapons/Traps,81.0,1,2024-02-01,0.8660254037844386,0.5000000000000001,NE_monsoon,0.0,0,None,0.0,0,None,0.0,0,None
Eastern|Office of Kumana NP,2024,3,Eastern,Office of Kumana NP,0.0,0.0,0.0,0.0,0.0,0.0,0.0,0.0,0.0,0.0,0.0,0.0,0.0,0.0,0.0,0.0,None,0.0,0,2024-03-01,1.0,6.123233995736766e-17,Inter_MarApr,81.0,1,Weapons/Traps,0.0,0,None,0.0,0,None
Eastern|Office of Kumana NP,2024,4,Eastern,Office of Kumana NP,0.0,0.0,0.0,0.0,0.0,0.0,0.0,0.0,0.0,0.0,0.0,0.0,0.0,0.0,0.0,0.0,None,0.0,0,2024-04-01,0.8660254037844387,-0.4999999999999998,Inter_MarApr,0.0,0,None,81.0,1,Weapons/Traps,0.0,0,None
Eastern|Office of Kumana NP,2024,5,Eastern,Office of Kumana NP,0.0,0.0,0.0,0.0,0.0,0.0,0.0,0.0,0.0,0.0,0.0,0.0,0.0,0.0,0.0,0.0,None,0.0,0,2024-05-01,0.49999999999999994,-0.8660254037844387,SW_monsoon,0.0,0,None,0.0,0,None,81.0,1,Weapons/Traps
Eastern|Office of Kumana NP,2024,6,Eastern,Office of Kumana NP,0.0,0.0,0.0,0.0,0.0,0.0,0.0,0.0,0.0,0.0,0.0,0.0,0.0,0.0,0.0,0.0,None,0.0,0,2024-06-01,1.2246467991473532e-16,-1.0,SW_monsoon,0.0,0,None,0.0,0,None,0.0,0,None
Eastern|Office of Kumana NP,2024,7,Eastern,Office of Kumana NP,0.0,0.0,0.0,0.0,0.0,0.0,0.0,0.0,0.0,0.0,0.0,0.0,0.0,0.0,0.0,0.0,None,0.0,0,2024-07-01,-0.4999999999999997,-0.8660254037844388,SW_monsoon,0.0,0,None,0.0,0,None,0.0,0,None
Eastern|Office of Kumana NP,2024,8,Eastern,Office of Kumana NP,0.0,0.0,0.0,0.0,0.0,0.0,0.0,0.0,0.0,0.0,9.0,8.0,0.0,5.0,0.0,0.0,Illegal Logging,22.0,1,2024-08-01,-0.8660254037844384,-0.5000000000000004,SW_monsoon,0.0,0,None,0.0,0,None,0.0,0,None
Eastern|Office of Kumana NP,2024,9,Eastern,Office of Kumana NP,0.0,0.0,0.0,0.0,0.0,0.0,0.0,0.0,0.0,0.0,0.0,0.0,0.0,0.0,0.0,0.0,None,0.0,0,2024-09-01,-1.0,-1.8369701987210297e-16,SW_monsoon,22.0,1,Illegal Logging,0.0,0,None,0.0,0,None
Eastern|Office of Kumana NP,2024,10,Eastern,Office of Kumana NP,0.0,0.0,0.0,0.0,0.0,0.0,0.0,0.0,0.0,0.0,0.0,0.0,0.0,0.0,0.0,0.0,None,0.0,0,2024-10-01,-0.8660254037844386,0.5000000000000001,Inter_OctNov,0.0,0,None,22.0,1,Illegal Logging,0.0,0,None
Eastern|Office of Kumana NP,2024,11,Eastern,Office of Kumana NP,0.0,0.0,0.0,0.0,0.0,0.0,0.0,0.0,0.0,0.0,0.0,0.0,0.0,0.0,0.0,0.0,None,0.0,0,2024-11-01,-0.5000000000000004,0.8660254037844384,Inter_OctNov,0.0,0,None,0.0,0,None,22.0,1,Illegal Logging
Eastern|Office of Kumana NP,2024,12,Eastern,Office of Kumana NP,0.0,0.0,0.0,0.0,0.0,0.0,0.0,0.0,0.0,0.0,0.0,0.0,0.0,0.0,0.0,0.0,None,0.0,0,2024-12-01,-2.4492935982947064e-16,1.0,NE_monsoon,0.0,0,None,0.0,0,None,0.0,0,None
Eastern|Office of Lahugala NP,2022,1,Eastern,Office of Lahugala NP,0.0,0.0,0.0,0.0,0.0,0.0,0.0,0.0,0.0,0.0,0.0,0.0,0.0,0.0,0.0,0.0,None,0.0,0,2022-01-01,0.49999999999999994,0.8660254037844387,NE_monsoon,0.0,0,None,0.0,0,None,0.0,0,None
Eastern|Office of Lahugala NP,2022,2,Eastern,Office of Lahugala NP,0.0,0.0,0.0,0.0,0.0,0.0,0.0,0.0,0.0,0.0,0.0,0.0,0.0,0.0,0.0,0.0,None,0.0,0,2022-02-01,0.8660254037844386,0.5000000000000001,NE_monsoon,0.0,0,None,0.0,0,None,0.0,0,None
Eastern|Office of Lahugala NP,2022,3,Eastern,Office of Lahugala NP,0.0,0.0,0.0,0.0,0.0,0.0,0.0,0.0,0.0,0.0,0.0,0.0,0.0,0.0,0.0,0.0,None,0.0,0,2022-03-01,1.0,6.123233995736766e-17,Inter_MarApr,0.0,0,None,0.0,0,None,0.0,0,None
Eastern|Office of Lahugala NP,2022,4,Eastern,Office of Lahugala NP,0.0,0.0,0.0,0.0,0.0,0.0,0.0,0.0,0.0,0.0,0.0,0.0,0.0,0.0,0.0,0.0,None,0.0,0,2022-04-01,0.8660254037844387,-0.4999999999999998,Inter_MarApr,0.0,0,None,0.0,0,None,0.0,0,None
Eastern|Office of Lahugala NP,2022,5,Eastern,Office of Lahugala NP,0.0,0.0,0.0,0.0,0.0,0.0,0.0,0.0,0.0,0.0,0.0,0.0,0.0,0.0,0.0,0.0,None,0.0,0,2022-05-01,0.49999999999999994,-0.8660254037844387,SW_monsoon,0.0,0,None,0.0,0,None,0.0,0,None
Eastern|Office of Lahugala NP,2022,6,Eastern,Office of Lahugala NP,0.0,0.0,0.0,0.0,0.0,0.0,0.0,0.0,0.0,0.0,0.0,0.0,0.0,0.0,0.0,0.0,None,0.0,0,2022-06-01,1.2246467991473532e-16,-1.0,SW_monsoon,0.0,0,None,0.0,0,None,0.0,0,None
Eastern|Office of Lahugala NP,2022,7,Eastern,Office of Lahugala NP,0.0,0.0,0.0,0.0,0.0,0.0,0.0,0.0,0.0,0.0,0.0,0.0,0.0,0.0,0.0,0.0,None,0.0,0,2022-07-01,-0.4999999999999997,-0.8660254037844388,SW_monsoon,0.0,0,None,0.0,0,None,0.0,0,None
Eastern|Office of Lahugala NP,2022,8,Eastern,Office of Lahugala NP,0.0,0.0,0.0,0.0,0.0,0.0,0.0,0.0,0.0,0.0,0.0,0.0,0.0,0.0,0.0,0.0,None,0.0,0,2022-08-01,-0.8660254037844384,-0.5000000000000004,SW_monsoon,0.0,0,None,0.0,0,None,0.0,0,None
Eastern|Office of Lahugala NP,2022,9,Eastern,Office of Lahugala NP,0.0,0.0,0.0,0.0,0.0,0.0,0.0,0.0,0.0,0.0,0.0,0.0,0.0,0.0,0.0,0.0,None,0.0,0,2022-09-01,-1.0,-1.8369701987210297e-16,SW_monsoon,0.0,0,None,0.0,0,None,0.0,0,None
Eastern|Office of Lahugala NP,2022,10,Eastern,Office of Lahugala NP,0.0,0.0,0.0,0.0,0.0,0.0,0.0,0.0,0.0,0.0,0.0,0.0,0.0,0.0,0.0,0.0,None,0.0,0,2022-10-01,-0.8660254037844386,0.5000000000000001,Inter_OctNov,0.0,0,None,0.0,0,None,0.0,0,None
Eastern|Office of Lahugala NP,2022,11,Eastern,Office of Lahugala NP,0.0,0.0,0.0,0.0,0.0,0.0,0.0,0.0,0.0,0.0,0.0,0.0,0.0,0.0,0.0,0.0,None,0.0,0,2022-11-01,-0.5000000000000004,0.8660254037844384,Inter_OctNov,0.0,0,None,0.0,0,None,0.0,0,None
Eastern|Office of Lahugala NP,2022,12,Eastern,Office of Lahugala NP,0.0,0.0,0.0,0.0,0.0,0.0,0.0,0.0,0.0,0.0,0.0,0.0,0.0,0.0,0.0,0.0,None,0.0,0,2022-12-01,-2.4492935982947064e-16,1.0,NE_monsoon,0.0,0,None,0.0,0,None,0.0,0,None
Eastern|Office of Lahugala NP,2023,1,Eastern,Office of Lahugala NP,0.0,0.0,0.0,0.0,0.0,0.0,0.0,0.0,0.0,0.0,0.0,0.0,0.0,0.0,0.0,0.0,None,0.0,0,2023-01-01,0.49999999999999994,0.8660254037844387,NE_monsoon,0.0,0,None,0.0,0,None,0.0,0,None
Eastern|Office of Lahugala NP,2023,2,Eastern,Office of Lahugala NP,0.0,0.0,0.0,0.0,0.0,0.0,0.0,0.0,0.0,0.0,0.0,0.0,0.0,0.0,0.0,0.0,None,0.0,0,2023-02-01,0.8660254037844386,0.5000000000000001,NE_monsoon,0.0,0,None,0.0,0,None,0.0,0,None
Eastern|Office of Lahugala NP,2023,3,Eastern,Office of Lahugala NP,0.0,0.0,0.0,0.0,0.0,0.0,0.0,0.0,0.0,0.0,0.0,0.0,0.0,20.0,17.0,0.0,Tusk Theft,37.0,1,2023-03-01,1.0,6.123233995736766e-17,Inter_MarApr,0.0,0,None,0.0,0,None,0.0,0,None
Eastern|Office of Lahugala NP,2023,4,Eastern,Office of Lahugala NP,0.0,0.0,0.0,0.0,0.0,0.0,0.0,0.0,0.0,0.0,0.0,0.0,0.0,0.0,0.0,0.0,None,0.0,0,2023-04-01,0.8660254037844387,-0.4999999999999998,Inter_MarApr,37.0,1,Tusk Theft,0.0,0,None,0.0,0,None
Eastern|Office of Lahugala NP,2023,5,Eastern,Office of Lahugala NP,0.0,0.0,0.0,0.0,0.0,0.0,0.0,0.0,0.0,0.0,0.0,0.0,0.0,0.0,0.0,0.0,None,0.0,0,2023-05-01,0.49999999999999994,-0.8660254037844387,SW_monsoon,0.0,0,None,37.0,1,Tusk Theft,0.0,0,None
Eastern|Office of Lahugala NP,2023,6,Eastern,Office of Lahugala NP,0.0,0.0,0.0,0.0,0.0,0.0,0.0,0.0,0.0,5.0,0.0,0.0,0.0,15.0,0.0,0.0,Illegal Fishing,20.0,1,2023-06-01,1.2246467991473532e-16,-1.0,SW_monsoon,0.0,0,None,0.0,0,None,37.0,1,Tusk Theft
Eastern|Office of Lahugala NP,2023,7,Eastern,Office of Lahugala NP,0.0,0.0,0.0,0.0,0.0,0.0,0.0,0.0,0.0,0.0,0.0,0.0,0.0,16.0,0.0,7.0,Weapons/Traps,23.0,1,2023-07-01,-0.4999999999999997,-0.8660254037844388,SW_monsoon,20.0,1,Illegal Fishing,0.0,0,None,0.0,0,None
Eastern|Office of Lahugala NP,2023,8,Eastern,Office of Lahugala NP,0.0,0.0,0.0,0.0,0.0,0.0,0.0,0.0,0.0,0.0,0.0,0.0,0.0,0.0,0.0,0.0,None,0.0,0,2023-08-01,-0.8660254037844384,-0.5000000000000004,SW_monsoon,23.0,1,Weapons/Traps,20.0,1,Illegal Fishing,0.0,0,None
Eastern|Office of Lahugala NP,2023,9,Eastern,Office of Lahugala NP,0.0,0.0,0.0,0.0,0.0,0.0,0.0,0.0,0.0,0.0,0.0,0.0,0.0,4.0,0.0,3.0,Weapons/Traps,7.0,1,2023-09-01,-1.0,-1.8369701987210297e-16,SW_monsoon,0.0,0,None,23.0,1,Weapons/Traps,20.0,1,Illegal Fishing
Eastern|Office of Lahugala NP,2023,10,Eastern,Office of Lahugala NP,0.0,0.0,0.0,0.0,0.0,0.0,0.0,0.0,0.0,0.0,0.0,0.0,0.0,0.0,0.0,0.0,None,0.0,0,2023-10-01,-0.8660254037844386,0.5000000000000001,Inter_OctNov,7.0,1,Weapons/Traps,0.0,0,None,23.0,1,Weapons/Traps
Eastern|Office of Lahugala NP,2023,11,Eastern,Office of Lahugala NP,0.0,0.0,11.0,0.0,0.0,0.0,0.0,0.0,0.0,0.0,0.0,0.0,0.0,19.0,0.0,19.0,Weapons/Traps,49.0,1,2023-11-01,-0.5000000000000004,0.8660254037844384,Inter_OctNov,0.0,0,None,7.0,1,Weapons/Traps,0.0,0,None
Eastern|Office of Lahugala NP,2023,12,Eastern,Office of Lahugala NP,0.0,0.0,0.0,0.0,0.0,0.0,0.0,3.0,0.0,0.0,0.0,21.0,0.0,5.0,0.0,0.0,Meat/Egg Trade,29.0,1,2023-12-01,-2.4492935982947064e-16,1.0,NE_monsoon,49.0,1,Weapons/Traps,0.0,0,None,7.0,1,Weapons/Traps
Eastern|Office of Lahugala NP,2024,1,Eastern,Office of Lahugala NP,0.0,0.0,0.0,0.0,0.0,0.0,0.0,0.0,0.0,17.0,13.0,0.0,0.0,1.0,0.0,0.0,Illegal Fishing,31.0,1,2024-01-01,0.49999999999999994,0.8660254037844387,NE_monsoon,29.0,1,Meat/Egg Trade,49.0,1,Weapons/Traps,0.0,0,None
Eastern|Office of Lahugala NP,2024,2,Eastern,Office of Lahugala NP,0.0,0.0,0.0,0.0,0.0,0.0,0.0,0.0,0.0,0.0,0.0,0.0,0.0,30.0,0.0,0.0,Other,30.0,1,2024-02-01,0.8660254037844386,0.5000000000000001,NE_monsoon,31.0,1,Illegal Fishing,29.0,1,Meat/Egg Trade,49.0,1,Weapons/Traps
Eastern|Office of Lahugala NP,2024,3,Eastern,Office of Lahugala NP,0.0,0.0,0.0,0.0,0.0,0.0,0.0,0.0,0.0,0.0,0.0,0.0,0.0,0.0,0.0,0.0,None,0.0,0,2024-03-01,1.0,6.123233995736766e-17,Inter_MarApr,30.0,1,Other,31.0,1,Illegal Fishing,29.0,1,Meat/Egg Trade
Eastern|Office of Lahugala NP,2024,4,Eastern,Office of Lahugala NP,0.0,0.0,0.0,0.0,0.0,0.0,0.0,0.0,0.0,0.0,0.0,0.0,0.0,0.0,0.0,0.0,None,0.0,0,2024-04-01,0.8660254037844387,-0.4999999999999998,Inter_MarApr,0.0,0,None,30.0,1,Other,31.0,1,Illegal Fishing
Eastern|Office of Lahugala NP,2024,5,Eastern,Office of Lahugala NP,0.0,0.0,13.0,0.0,0.0,0.0,0.0,0.0,11.0,5.0,0.0,0.0,0.0,2.0,0.0,9.0,Animal Possession,40.0,1,2024-05-01,0.49999999999999994,-0.8660254037844387,SW_monsoon,0.0,0,None,0.0,0,None,30.0,1,Other
Eastern|Office of Lahugala NP,2024,6,Eastern,Office of Lahugala NP,0.0,0.0,0.0,0.0,0.0,0.0,0.0,0.0,39.0,0.0,0.0,0.0,0.0,0.0,0.0,0.0,Illegal Entry,39.0,1,2024-06-01,1.2246467991473532e-16,-1.0,SW_monsoon,40.0,1,Animal Possession,0.0,0,None,0.0,0,None
Eastern|Office of Lahugala NP,2024,7,Eastern,Office of Lahugala NP,0.0,0.0,0.0,0.0,0.0,0.0,0.0,0.0,0.0,0.0,0.0,9.0,0.0,15.0,0.0,0.0,Meat/Egg Trade,24.0,1,2024-07-01,-0.4999999999999997,-0.8660254037844388,SW_monsoon,39.0,1,Illegal Entry,40.0,1,Animal Possession,0.0,0,None
Eastern|Office of Lahugala NP,2024,8,Eastern,Office of Lahugala NP,0.0,0.0,0.0,0.0,0.0,0.0,0.0,0.0,0.0,0.0,0.0,0.0,0.0,0.0,0.0,0.0,None,0.0,0,2024-08-01,-0.8660254037844384,-0.5000000000000004,SW_monsoon,24.0,1,Meat/Egg Trade,39.0,1,Illegal Entry,40.0,1,Animal Possession
Eastern|Office of Lahugala NP,2024,9,Eastern,Office of Lahugala NP,0.0,0.0,0.0,0.0,0.0,0.0,0.0,0.0,0.0,0.0,0.0,0.0,0.0,0.0,0.0,0.0,None,0.0,0,2024-09-01,-1.0,-1.8369701987210297e-16,SW_monsoon,0.0,0,None,24.0,1,Meat/Egg Trade,39.0,1,Illegal Entry
Eastern|Office of Lahugala NP,2024,10,Eastern,Office of Lahugala NP,0.0,0.0,0.0,0.0,0.0,0.0,0.0,0.0,0.0,0.0,0.0,0.0,0.0,0.0,0.0,0.0,None,0.0,0,2024-10-01,-0.8660254037844386,0.5000000000000001,Inter_OctNov,0.0,0,None,0.0,0,None,24.0,1,Meat/Egg Trade
Eastern|Office of Lahugala NP,2024,11,Eastern,Office of Lahugala NP,0.0,0.0,0.0,3.0,0.0,0.0,0.0,0.0,0.0,2.0,0.0,0.0,0.0,0.0,0.0,0.0,Domestic Animal Trespass,5.0,1,2024-11-01,-0.5000000000000004,0.8660254037844384,Inter_OctNov,0.0,0,None,0.0,0,None,0.0,0,None
Eastern|Office of Lahugala NP,2024,12,Eastern,Office of Lahugala NP,0.0,0.0,0.0,0.0,0.0,0.0,0.0,0.0,0.0,0.0,0.0,15.0,0.0,52.0,0.0,0.0,Meat/Egg Trade,67.0,1,2024-12-01,-2.4492935982947064e-16,1.0,NE_monsoon,5.0,1,Domestic Animal Trespass,0.0,0,None,0.0,0,None
Eastern|Office of Maduruoya NP,2022,1,Eastern,Office of Maduruoya NP,0.0,0.0,0.0,0.0,0.0,0.0,0.0,0.0,0.0,0.0,0.0,0.0,0.0,0.0,0.0,0.0,None,0.0,0,2022-01-01,0.49999999999999994,0.8660254037844387,NE_monsoon,0.0,0,None,0.0,0,None,0.0,0,None
Eastern|Office of Maduruoya NP,2022,2,Eastern,Office of Maduruoya NP,0.0,0.0,0.0,0.0,0.0,0.0,0.0,13.0,0.0,17.0,0.0,0.0,0.0,0.0,0.0,15.0,Illegal Fishing,45.0,1,2022-02-01,0.8660254037844386,0.5000000000000001,NE_monsoon,0.0,0,None,0.0,0,None,0.0,0,None
Eastern|Office of Maduruoya NP,2022,3,Eastern,Office of Maduruoya NP,0.0,0.0,0.0,0.0,0.0,0.0,0.0,0.0,0.0,0.0,0.0,0.0,0.0,0.0,0.0,1.0,Weapons/Traps,1.0,1,2022-03-01,1.0,6.123233995736766e-17,Inter_MarApr,45.0,1,Illegal Fishing,0.0,0,None,0.0,0,None
Eastern|Office of Maduruoya NP,2022,4,Eastern,Office of Maduruoya NP,0.0,0.0,0.0,0.0,0.0,0.0,0.0,0.0,6.0,27.0,0.0,0.0,0.0,7.0,0.0,0.0,Illegal Fishing,40.0,1,2022-04-01,0.8660254037844387,-0.4999999999999998,Inter_MarApr,1.0,1,Weapons/Traps,45.0,1,Illegal Fishing,0.0,0,None
Eastern|Office of Maduruoya NP,2022,5,Eastern,Office of Maduruoya NP,0.0,0.0,0.0,0.0,0.0,0.0,0.0,0.0,0.0,0.0,0.0,14.0,0.0,0.0,0.0,0.0,Meat/Egg Trade,14.0,1,2022-05-01,0.49999999999999994,-0.8660254037844387,SW_monsoon,40.0,1,Illegal Fishing,1.0,1,Weapons/Traps,45.0,1,Illegal Fishing
Eastern|Office of Maduruoya NP,2022,6,Eastern,Office of Maduruoya NP,0.0,0.0,0.0,0.0,8.0,0.0,0.0,10.0,13.0,47.0,0.0,0.0,0.0,21.0,0.0,0.0,Illegal Fishing,99.0,1,2022-06-01,1.2246467991473532e-16,-1.0,SW_monsoon,14.0,1,Meat/Egg Trade,40.0,1,Illegal Fishing,1.0,1,Weapons/Traps
Eastern|Office of Maduruoya NP,2022,7,Eastern,Office of Maduruoya NP,0.0,0.0,0.0,0.0,0.0,0.0,0.0,0.0,0.0,0.0,0.0,0.0,0.0,0.0,0.0,0.0,None,0.0,0,2022-07-01,-0.4999999999999997,-0.8660254037844388,SW_monsoon,99.0,1,Illegal Fishing,14.0,1,Meat/Egg Trade,40.0,1,Illegal Fishing
Eastern|Office of Maduruoya NP,2022,8,Eastern,Office of Maduruoya NP,0.0,0.0,0.0,0.0,0.0,0.0,0.0,0.0,0.0,17.0,0.0,0.0,0.0,0.0,0.0,0.0,Illegal Fishing,17.0,1,2022-08-01,-0.8660254037844384,-0.5000000000000004,SW_monsoon,0.0,0,None,99.0,1,Illegal Fishing,14.0,1,Meat/Egg Trade
Eastern|Office of Maduruoya NP,2022,9,Eastern,Office of Maduruoya NP,0.0,0.0,0.0,0.0,0.0,0.0,0.0,0.0,0.0,57.0,0.0,17.0,0.0,0.0,0.0,18.0,Illegal Fishing,92.0,1,2022-09-01,-1.0,-1.8369701987210297e-16,SW_monsoon,17.0,1,Illegal Fishing,0.0,0,None,99.0,1,Illegal Fishing
Eastern|Office of Maduruoya NP,2022,10,Eastern,Office of Maduruoya NP,0.0,0.0,0.0,0.0,0.0,0.0,0.0,0.0,0.0,0.0,0.0,0.0,0.0,0.0,0.0,0.0,None,0.0,0,2022-10-01,-0.8660254037844386,0.5000000000000001,Inter_OctNov,92.0,1,Illegal Fishing,17.0,1,Illegal Fishing,0.0,0,None
Eastern|Office of Maduruoya NP,2022,11,Eastern,Office of Maduruoya NP,0.0,0.0,0.0,0.0,0.0,0.0,0.0,0.0,0.0,0.0,0.0,0.0,0.0,0.0,0.0,0.0,None,0.0,0,2022-11-01,-0.5000000000000004,0.8660254037844384,Inter_OctNov,0.0,0,None,92.0,1,Illegal Fishing,17.0,1,Illegal Fishing
Eastern|Office of Maduruoya NP,2022,12,Eastern,Office of Maduruoya NP,0.0,0.0,0.0,11.0,0.0,0.0,0.0,0.0,0.0,0.0,0.0,0.0,0.0,91.0,0.0,0.0,Domestic Animal Trespass,102.0,1,2022-12-01,-2.4492935982947064e-16,1.0,NE_monsoon,0.0,0,None,0.0,0,None,92.0,1,Illegal Fishing
Eastern|Office of Maduruoya NP,2023,1,Eastern,Office of Maduruoya NP,0.0,0.0,0.0,0.0,0.0,0.0,0.0,0.0,0.0,0.0,0.0,0.0,0.0,18.0,0.0,0.0,Other,18.0,1,2023-01-01,0.49999999999999994,0.8660254037844387,NE_monsoon,102.0,1,Domestic Animal Trespass,0.0,0,None,0.0,0,None
Eastern|Office of Maduruoya NP,2023,2,Eastern,Office of Maduruoya NP,0.0,0.0,0.0,0.0,0.0,0.0,0.0,0.0,12.0,0.0,0.0,0.0,0.0,24.0,0.0,0.0,Illegal Entry,36.0,1,2023-02-01,0.8660254037844386,0.5000000000000001,NE_monsoon,18.0,1,Other,102.0,1,Domestic Animal Trespass,0.0,0,None
Eastern|Office of Maduruoya NP,2023,3,Eastern,Office of Maduruoya NP,0.0,0.0,0.0,0.0,0.0,0.0,0.0,0.0,0.0,4.0,0.0,0.0,0.0,32.0,0.0,0.0,Illegal Fishing,36.0,1,2023-03-01,1.0,6.123233995736766e-17,Inter_MarApr,36.0,1,Illegal Entry,18.0,1,Other,102.0,1,Domestic Animal Trespass
Eastern|Office of Maduruoya NP,2023,4,Eastern,Office of Maduruoya NP,0.0,0.0,0.0,0.0,0.0,0.0,0.0,0.0,0.0,0.0,0.0,0.0,0.0,14.0,0.0,0.0,Other,14.0,1,2023-04-01,0.8660254037844387,-0.4999999999999998,Inter_MarApr,36.0,1,Illegal Fishing,36.0,1,Illegal Entry,18.0,1,Other
Eastern|Office of Maduruoya NP,2023,5,Eastern,Office of Maduruoya NP,0.0,0.0,0.0,0.0,0.0,0.0,0.0,0.0,0.0,0.0,0.0,0.0,0.0,0.0,0.0,0.0,None,0.0,0,2023-05-01,0.49999999999999994,-0.8660254037844387,SW_monsoon,14.0,1,Other,36.0,1,Illegal Fishing,36.0,1,Illegal Entry
Eastern|Office of Maduruoya NP,2023,6,Eastern,Office of Maduruoya NP,0.0,0.0,0.0,10.0,0.0,0.0,0.0,0.0,12.0,0.0,0.0,0.0,0.0,66.0,0.0,11.0,Illegal Entry,99.0,1,2023-06-01,1.2246467991473532e-16,-1.0,SW_monsoon,0.0,0,None,14.0,1,Other,36.0,1,Illegal Fishing
Eastern|Office of Maduruoya NP,2023,7,Eastern,Office of Maduruoya NP,0.0,0.0,0.0,0.0,0.0,0.0,0.0,0.0,0.0,0.0,0.0,0.0,0.0,0.0,0.0,0.0,None,0.0,0,2023-07-01,-0.4999999999999997,-0.8660254037844388,SW_monsoon,99.0,1,Illegal Entry,0.0,0,None,14.0,1,Other
Eastern|Office of Maduruoya NP,2023,8,Eastern,Office of Maduruoya NP,0.0,0.0,0.0,0.0,0.0,0.0,0.0,0.0,0.0,0.0,0.0,0.0,0.0,0.0,0.0,0.0,None,0.0,0,2023-08-01,-0.8660254037844384,-0.5000000000000004,SW_monsoon,0.0,0,None,99.0,1,Illegal Entry,0.0,0,None
Eastern|Office of Maduruoya NP,2023,9,Eastern,Office of Maduruoya NP,0.0,0.0,0.0,0.0,0.0,0.0,0.0,0.0,0.0,10.0,0.0,0.0,0.0,26.0,0.0,0.0,Illegal Fishing,36.0,1,2023-09-01,-1.0,-1.8369701987210297e-16,SW_monsoon,0.0,0,None,0.0,0,None,99.0,1,Illegal Entry
Eastern|Office of Maduruoya NP,2023,10,Eastern,Office of Maduruoya NP,0.0,0.0,0.0,0.0,0.0,0.0,0.0,0.0,0.0,0.0,0.0,0.0,0.0,0.0,0.0,0.0,None,0.0,0,2023-10-01,-0.8660254037844386,0.5000000000000001,Inter_OctNov,36.0,1,Illegal Fishing,0.0,0,None,0.0,0,None
Eastern|Office of Maduruoya NP,2023,11,Eastern,Office of Maduruoya NP,0.0,0.0,0.0,0.0,0.0,0.0,0.0,0.0,0.0,0.0,0.0,0.0,0.0,4.0,0.0,0.0,Other,4.0,1,2023-11-01,-0.5000000000000004,0.8660254037844384,Inter_OctNov,0.0,0,None,36.0,1,Illegal Fishing,0.0,0,None
Eastern|Office of Maduruoya NP,2023,12,Eastern,Office of Maduruoya NP,0.0,0.0,0.0,2.0,0.0,0.0,0.0,0.0,0.0,0.0,0.0,0.0,0.0,0.0,0.0,0.0,Domestic Animal Trespass,2.0,1,2023-12-01,-2.4492935982947064e-16,1.0,NE_monsoon,4.0,1,Other,0.0,0,None,36.0,1,Illegal Fishing
Eastern|Office of Maduruoya NP,2024,1,Eastern,Office of Maduruoya NP,0.0,0.0,0.0,23.0,0.0,0.0,0.0,0.0,0.0,0.0,0.0,0.0,0.0,11.0,0.0,0.0,Domestic Animal Trespass,34.0,1,2024-01-01,0.49999999999999994,0.8660254037844387,NE_monsoon,2.0,1,Domestic Animal Trespass,4.0,1,Other,0.0,0,None
Eastern|Office of Maduruoya NP,2024,2,Eastern,Office of Maduruoya NP,0.0,0.0,0.0,0.0,0.0,0.0,0.0,0.0,0.0,0.0,0.0,0.0,0.0,12.0,0.0,0.0,Other,12.0,1,2024-02-01,0.8660254037844386,0.5000000000000001,NE_monsoon,34.0,1,Domestic Animal Trespass,2.0,1,Domestic Animal Trespass,4.0,1,Other
Eastern|Office of Maduruoya NP,2024,3,Eastern,Office of Maduruoya NP,0.0,0.0,0.0,0.0,0.0,0.0,0.0,0.0,0.0,0.0,0.0,0.0,0.0,0.0,0.0,0.0,None,0.0,0,2024-03-01,1.0,6.123233995736766e-17,Inter_MarApr,12.0,1,Other,34.0,1,Domestic Animal Trespass,2.0,1,Domestic Animal Trespass
Eastern|Office of Maduruoya NP,2024,4,Eastern,Office of Maduruoya NP,0.0,0.0,0.0,0.0,0.0,0.0,0.0,0.0,0.0,0.0,0.0,0.0,0.0,0.0,0.0,0.0,None,0.0,0,2024-04-01,0.8660254037844387,-0.4999999999999998,Inter_MarApr,0.0,0,None,12.0,1,Other,34.0,1,Domestic Animal Trespass
Eastern|Office of Maduruoya NP,2024,5,Eastern,Office of Maduruoya NP,0.0,0.0,0.0,0.0,0.0,0.0,0.0,0.0,0.0,0.0,0.0,0.0,0.0,0.0,0.0,0.0,None,0.0,0,2024-05-01,0.49999999999999994,-0.8660254037844387,SW_monsoon,0.0,0,None,0.0,0,None,12.0,1,Other
Eastern|Office of Maduruoya NP,2024,6,Eastern,Office of Maduruoya NP,0.0,0.0,0.0,139.0,0.0,0.0,56.0,0.0,41.0,39.0,0.0,0.0,0.0,0.0,0.0,0.0,Domestic Animal Trespass,275.0,1,2024-06-01,1.2246467991473532e-16,-1.0,SW_monsoon,0.0,0,None,0.0,0,None,0.0,0,None
Eastern|Office of Maduruoya NP,2024,7,Eastern,Office of Maduruoya NP,0.0,0.0,0.0,0.0,0.0,0.0,0.0,0.0,0.0,0.0,0.0,0.0,0.0,45.0,0.0,0.0,Other,45.0,1,2024-07-01,-0.4999999999999997,-0.8660254037844388,SW_monsoon,275.0,1,Domestic Animal Trespass,0.0,0,None,0.0,0,None
Eastern|Office of Maduruoya NP,2024,8,Eastern,Office of Maduruoya NP,0.0,0.0,0.0,0.0,0.0,0.0,0.0,0.0,0.0,0.0,0.0,0.0,0.0,0.0,0.0,0.0,None,0.0,0,2024-08-01,-0.8660254037844384,-0.5000000000000004,SW_monsoon,45.0,1,Other,275.0,1,Domestic Animal Trespass,0.0,0,None
Eastern|Office of Maduruoya NP,2024,9,Eastern,Office of Maduruoya NP,0.0,0.0,0.0,0.0,0.0,0.0,0.0,0.0,0.0,0.0,0.0,0.0,0.0,0.0,0.0,0.0,None,0.0,0,2024-09-01,-1.0,-1.8369701987210297e-16,SW_monsoon,0.0,0,None,45.0,1,Other,275.0,1,Domestic Animal Trespass
Eastern|Office of Maduruoya NP,2024,10,Eastern,Office of Maduruoya NP,0.0,0.0,0.0,0.0,0.0,0.0,0.0,0.0,0.0,0.0,0.0,0.0,0.0,0.0,0.0,0.0,None,0.0,0,2024-10-01,-0.8660254037844386,0.5000000000000001,Inter_OctNov,0.0,0,None,0.0,0,None,45.0,1,Other
Eastern|Office of Maduruoya NP,2024,11,Eastern,Office of Maduruoya NP,0.0,0.0,0.0,0.0,0.0,0.0,0.0,0.0,0.0,0.0,0.0,0.0,0.0,5.0,0.0,0.0,Other,5.0,1,2024-11-01,-0.5000000000000004,0.8660254037844384,Inter_OctNov,0.0,0,None,0.0,0,None,0.0,0,None
Eastern|Office of Maduruoya NP,2024,12,Eastern,Office of Maduruoya NP,0.0,0.0,0.0,1.0,0.0,0.0,0.0,0.0,0.0,0.0,0.0,0.0,0.0,0.0,0.0,0.0,Domestic Animal Trespass,1.0,1,2024-12-01,-2.4492935982947064e-16,1.0,NE_monsoon,5.0,1,Other,0.0,0,None,0.0,0,None
Eastern|Ulhitiya Range,2022,1,Eastern,Ulhitiya Range,0.0,0.0,0.0,0.0,0.0,0.0,0.0,0.0,0.0,0.0,0.0,0.0,0.0,0.0,0.0,0.0,None,0.0,0,2022-01-01,0.49999999999999994,0.8660254037844387,NE_monsoon,0.0,0,None,0.0,0,None,0.0,0,None
Eastern|Ulhitiya Range,2022,2,Eastern,Ulhitiya Range,0.0,0.0,0.0,0.0,0.0,0.0,0.0,50.0,0.0,0.0,0.0,0.0,0.0,0.0,0.0,0.0,Hunting/Killing,50.0,1,2022-02-01,0.8660254037844386,0.5000000000000001,NE_monsoon,0.0,0,None,0.0,0,None,0.0,0,None
Eastern|Ulhitiya Range,2022,3,Eastern,Ulhitiya Range,0.0,0.0,0.0,0.0,0.0,0.0,0.0,0.0,0.0,0.0,0.0,0.0,0.0,0.0,0.0,0.0,None,0.0,0,2022-03-01,1.0,6.123233995736766e-17,Inter_MarApr,50.0,1,Hunting/Killing,0.0,0,None,0.0,0,None
Eastern|Ulhitiya Range,2022,4,Eastern,Ulhitiya Range,0.0,0.0,0.0,0.0,0.0,0.0,0.0,28.0,0.0,0.0,0.0,2.0,0.0,0.0,0.0,0.0,Hunting/Killing,30.0,1,2022-04-01,0.8660254037844387,-0.4999999999999998,Inter_MarApr,0.0,0,None,50.0,1,Hunting/Killing,0.0,0,None
Eastern|Ulhitiya Range,2022,5,Eastern,Ulhitiya Range,0.0,0.0,0.0,0.0,0.0,0.0,0.0,0.0,8.0,0.0,0.0,0.0,0.0,0.0,0.0,0.0,Illegal Entry,8.0,1,2022-05-01,0.49999999999999994,-0.8660254037844387,SW_monsoon,30.0,1,Hunting/Killing,0.0,0,None,50.0,1,Hunting/Killing
Eastern|Ulhitiya Range,2022,6,Eastern,Ulhitiya Range,0.0,0.0,0.0,0.0,0.0,0.0,0.0,0.0,0.0,0.0,0.0,1.0,0.0,0.0,0.0,0.0,Meat/Egg Trade,1.0,1,2022-06-01,1.2246467991473532e-16,-1.0,SW_monsoon,8.0,1,Illegal Entry,30.0,1,Hunting/Killing,0.0,0,None
Eastern|Ulhitiya Range,2022,7,Eastern,Ulhitiya Range,0.0,0.0,0.0,0.0,0.0,0.0,0.0,0.0,0.0,0.0,0.0,0.0,0.0,0.0,0.0,0.0,None,0.0,0,2022-07-01,-0.4999999999999997,-0.8660254037844388,SW_monsoon,1.0,1,Meat/Egg Trade,8.0,1,Illegal Entry,30.0,1,Hunting/Killing
Eastern|Ulhitiya Range,2022,8,Eastern,Ulhitiya Range,0.0,0.0,0.0,0.0,0.0,0.0,0.0,0.0,0.0,1.0,0.0,5.0,0.0,0.0,0.0,0.0,Meat/Egg Trade,6.0,1,2022-08-01,-0.8660254037844384,-0.5000000000000004,SW_monsoon,0.0,0,None,1.0,1,Meat/Egg Trade,8.0,1,Illegal Entry
Eastern|Ulhitiya Range,2022,9,Eastern,Ulhitiya Range,0.0,0.0,0.0,0.0,0.0,0.0,0.0,0.0,0.0,0.0,0.0,0.0,0.0,0.0,0.0,0.0,None,0.0,0,2022-09-01,-1.0,-1.8369701987210297e-16,SW_monsoon,6.0,1,Meat/Egg Trade,0.0,0,None,1.0,1,Meat/Egg Trade
Eastern|Ulhitiya Range,2022,10,Eastern,Ulhitiya Range,0.0,0.0,0.0,0.0,0.0,0.0,0.0,0.0,0.0,0.0,0.0,0.0,0.0,0.0,0.0,0.0,None,0.0,0,2022-10-01,-0.8660254037844386,0.5000000000000001,Inter_OctNov,0.0,0,None,6.0,1,Meat/Egg Trade,0.0,0,None
Eastern|Ulhitiya Range,2022,11,Eastern,Ulhitiya Range,0.0,0.0,0.0,0.0,0.0,0.0,0.0,0.0,0.0,0.0,0.0,0.0,0.0,0.0,0.0,0.0,None,0.0,0,2022-11-01,-0.5000000000000004,0.8660254037844384,Inter_OctNov,0.0,0,None,0.0,0,None,6.0,1,Meat/Egg Trade
Eastern|Ulhitiya Range,2022,12,Eastern,Ulhitiya Range,0.0,0.0,0.0,0.0,0.0,0.0,0.0,0.0,0.0,0.0,0.0,0.0,0.0,0.0,0.0,0.0,None,0.0,0,2022-12-01,-2.4492935982947064e-16,1.0,NE_monsoon,0.0,0,None,0.0,0,None,0.0,0,None
Eastern|Ulhitiya Range,2023,1,Eastern,Ulhitiya Range,0.0,0.0,0.0,0.0,0.0,0.0,0.0,0.0,12.0,0.0,0.0,23.0,0.0,0.0,0.0,4.0,Meat/Egg Trade,39.0,1,2023-01-01,0.49999999999999994,0.8660254037844387,NE_monsoon,0.0,0,None,0.0,0,None,0.0,0,None
Eastern|Ulhitiya Range,2023,2,Eastern,Ulhitiya Range,0.0,0.0,0.0,0.0,0.0,0.0,0.0,0.0,0.0,0.0,5.0,0.0,0.0,25.0,0.0,0.0,Illegal Logging,30.0,1,2023-02-01,0.8660254037844386,0.5000000000000001,NE_monsoon,39.0,1,Meat/Egg Trade,0.0,0,None,0.0,0,None
Eastern|Ulhitiya Range,2023,3,Eastern,Ulhitiya Range,0.0,0.0,0.0,0.0,0.0,0.0,0.0,0.0,0.0,59.0,0.0,0.0,0.0,0.0,0.0,0.0,Illegal Fishing,59.0,1,2023-03-01,1.0,6.123233995736766e-17,Inter_MarApr,30.0,1,Illegal Logging,39.0,1,Meat/Egg Trade,0.0,0,None
Eastern|Ulhitiya Range,2023,4,Eastern,Ulhitiya Range,0.0,0.0,0.0,0.0,0.0,0.0,0.0,0.0,0.0,13.0,0.0,12.0,0.0,0.0,0.0,0.0,Illegal Fishing,25.0,1,2023-04-01,0.8660254037844387,-0.4999999999999998,Inter_MarApr,59.0,1,Illegal Fishing,30.0,1,Illegal Logging,39.0,1,Meat/Egg Trade
Eastern|Ulhitiya Range,2023,5,Eastern,Ulhitiya Range,0.0,0.0,0.0,0.0,0.0,0.0,0.0,0.0,0.0,0.0,0.0,0.0,0.0,0.0,0.0,0.0,None,0.0,0,2023-05-01,0.49999999999999994,-0.8660254037844387,SW_monsoon,25.0,1,Illegal Fishing,59.0,1,Illegal Fishing,30.0,1,Illegal Logging
Eastern|Ulhitiya Range,2023,6,Eastern,Ulhitiya Range,0.0,0.0,0.0,0.0,0.0,0.0,0.0,0.0,0.0,0.0,0.0,0.0,0.0,25.0,0.0,0.0,Other,25.0,1,2023-06-01,1.2246467991473532e-16,-1.0,SW_monsoon,0.0,0,None,25.0,1,Illegal Fishing,59.0,1,Illegal Fishing
Eastern|Ulhitiya Range,2023,7,Eastern,Ulhitiya Range,0.0,0.0,0.0,0.0,0.0,0.0,0.0,0.0,0.0,0.0,0.0,0.0,0.0,0.0,0.0,0.0,None,0.0,0,2023-07-01,-0.4999999999999997,-0.8660254037844388,SW_monsoon,25.0,1,Other,0.0,0,None,25.0,1,Illegal Fishing
Eastern|Ulhitiya Range,2023,8,Eastern,Ulhitiya Range,0.0,0.0,0.0,0.0,0.0,0.0,0.0,0.0,0.0,0.0,0.0,0.0,0.0,0.0,0.0,0.0,None,0.0,0,2023-08-01,-0.8660254037844384,-0.5000000000000004,SW_monsoon,0.0,0,None,25.0,1,Other,0.0,0,None
Eastern|Ulhitiya Range,2023,9,Eastern,Ulhitiya Range,0.0,0.0,0.0,0.0,0.0,0.0,0.0,0.0,0.0,0.0,0.0,35.0,0.0,32.0,0.0,19.0,Meat/Egg Trade,86.0,1,2023-09-01,-1.0,-1.8369701987210297e-16,SW_monsoon,0.0,0,None,0.0,0,None,25.0,1,Other
Eastern|Ulhitiya Range,2023,10,Eastern,Ulhitiya Range,0.0,0.0,0.0,0.0,0.0,0.0,0.0,0.0,0.0,0.0,0.0,0.0,0.0,0.0,0.0,0.0,None,0.0,0,2023-10-01,-0.8660254037844386,0.5000000000000001,Inter_OctNov,86.0,1,Meat/Egg Trade,0.0,0,None,0.0,0,None
Eastern|Ulhitiya Range,2023,11,Eastern,Ulhitiya Range,0.0,0.0,0.0,0.0,0.0,0.0,0.0,0.0,0.0,0.0,0.0,0.0,0.0,0.0,0.0,0.0,None,0.0,0,2023-11-01,-0.5000000000000004,0.8660254037844384,Inter_OctNov,0.0,0,None,86.0,1,Meat/Egg Trade,0.0,0,None
Eastern|Ulhitiya Range,2023,12,Eastern,Ulhitiya Range,0.0,0.0,0.0,0.0,0.0,0.0,0.0,0.0,0.0,0.0,0.0,0.0,0.0,0.0,0.0,0.0,None,0.0,0,2023-12-01,-2.4492935982947064e-16,1.0,NE_monsoon,0.0,0,None,0.0,0,None,86.0,1,Meat/Egg Trade
Eastern|Ulhitiya Range,2024,1,Eastern,Ulhitiya Range,0.0,0.0,0.0,0.0,0.0,0.0,0.0,0.0,0.0,0.0,0.0,19.0,0.0,0.0,0.0,37.0,Weapons/Traps,56.0,1,2024-01-01,0.49999999999999994,0.8660254037844387,NE_monsoon,0.0,0,None,0.0,0,None,0.0,0,None
Eastern|Ulhitiya Range,2024,2,Eastern,Ulhitiya Range,0.0,0.0,0.0,0.0,0.0,0.0,0.0,0.0,0.0,0.0,0.0,0.0,0.0,53.0,0.0,0.0,Other,53.0,1,2024-02-01,0.8660254037844386,0.5000000000000001,NE_monsoon,56.0,1,Weapons/Traps,0.0,0,None,0.0,0,None
Eastern|Ulhitiya Range,2024,3,Eastern,Ulhitiya Range,0.0,0.0,0.0,0.0,0.0,0.0,0.0,0.0,0.0,0.0,0.0,0.0,0.0,0.0,0.0,0.0,None,0.0,0,2024-03-01,1.0,6.123233995736766e-17,Inter_MarApr,53.0,1,Other,56.0,1,Weapons/Traps,0.0,0,None
Eastern|Ulhitiya Range,2024,4,Eastern,Ulhitiya Range,0.0,0.0,0.0,0.0,0.0,0.0,0.0,0.0,0.0,0.0,0.0,0.0,0.0,18.0,0.0,0.0,Other,18.0,1,2024-04-01,0.8660254037844387,-0.4999999999999998,Inter_MarApr,0.0,0,None,53.0,1,Other,56.0,1,Weapons/Traps
Eastern|Ulhitiya Range,2024,5,Eastern,Ulhitiya Range,0.0,0.0,0.0,0.0,0.0,0.0,0.0,0.0,0.0,0.0,0.0,0.0,0.0,7.0,0.0,0.0,Other,7.0,1,2024-05-01,0.49999999999999994,-0.8660254037844387,SW_monsoon,18.0,1,Other,0.0,0,None,53.0,1,Other
Eastern|Ulhitiya Range,2024,6,Eastern,Ulhitiya Range,0.0,0.0,0.0,0.0,0.0,0.0,0.0,0.0,114.0,0.0,0.0,3.0,0.0,0.0,0.0,0.0,Illegal Entry,117.0,1,2024-06-01,1.2246467991473532e-16,-1.0,SW_monsoon,7.0,1,Other,18.0,1,Other,0.0,0,None
Eastern|Ulhitiya Range,2024,7,Eastern,Ulhitiya Range,0.0,0.0,0.0,0.0,0.0,0.0,0.0,0.0,0.0,0.0,0.0,0.0,0.0,0.0,0.0,0.0,None,0.0,0,2024-07-01,-0.4999999999999997,-0.8660254037844388,SW_monsoon,117.0,1,Illegal Entry,7.0,1,Other,18.0,1,Other
Eastern|Ulhitiya Range,2024,8,Eastern,Ulhitiya Range,0.0,0.0,0.0,0.0,0.0,0.0,0.0,0.0,0.0,64.0,0.0,0.0,0.0,0.0,0.0,0.0,Illegal Fishing,64.0,1,2024-08-01,-0.8660254037844384,-0.5000000000000004,SW_monsoon,0.0,0,None,117.0,1,Illegal Entry,7.0,1,Other
Eastern|Ulhitiya Range,2024,9,Eastern,Ulhitiya Range,0.0,0.0,0.0,0.0,0.0,0.0,0.0,0.0,0.0,0.0,0.0,0.0,0.0,0.0,0.0,0.0,None,0.0,0,2024-09-01,-1.0,-1.8369701987210297e-16,SW_monsoon,64.0,1,Illegal Fishing,0.0,0,None,117.0,1,Illegal Entry
Eastern|Ulhitiya Range,2024,10,Eastern,Ulhitiya Range,0.0,0.0,0.0,0.0,0.0,0.0,0.0,0.0,0.0,0.0,0.0,0.0,0.0,0.0,0.0,0.0,None,0.0,0,2024-10-01,-0.8660254037844386,0.5000000000000001,Inter_OctNov,0.0,0,None,64.0,1,Illegal Fishing,0.0,0,None
Eastern|Ulhitiya Range,2024,11,Eastern,Ulhitiya Range,0.0,0.0,0.0,0.0,0.0,0.0,0.0,0.0,0.0,4.0,0.0,0.0,0.0,0.0,0.0,0.0,Illegal Fishing,4.0,1,2024-11-01,-0.5000000000000004,0.8660254037844384,Inter_OctNov,0.0,0,None,0.0,0,None,64.0,1,Illegal Fishing
Eastern|Ulhitiya Range,2024,12,Eastern,Ulhitiya Range,0.0,0.0,0.0,0.0,0.0,0.0,0.0,0.0,0.0,0.0,0.0,0.0,0.0,0.0,0.0,0.0,None,0.0,0,2024-12-01,-2.4492935982947064e-16,1.0,NE_monsoon,4.0,1,Illegal Fishing,0.0,0,None,0.0,0,None
Eastern|Unknown,2022,1,Eastern,Unknown,0.0,0.0,0.0,0.0,0.0,0.0,0.0,0.0,0.0,0.0,0.0,0.0,0.0,0.0,0.0,0.0,None,0.0,0,2022-01-01,0.49999999999999994,0.8660254037844387,NE_monsoon,0.0,0,None,0.0,0,None,0.0,0,None
Eastern|Unknown,2022,2,Eastern,Unknown,0.0,0.0,0.0,2.0,0.0,0.0,0.0,1.0,0.0,0.0,0.0,6.0,0.0,0.0,0.0,18.0,Weapons/Traps,27.0,1,2022-02-01,0.8660254037844386,0.5000000000000001,NE_monsoon,0.0,0,None,0.0,0,None,0.0,0,None
Eastern|Unknown,2022,3,Eastern,Unknown,0.0,0.0,0.0,0.0,0.0,0.0,0.0,4.0,0.0,0.0,0.0,0.0,0.0,0.0,0.0,0.0,Hunting/Killing,4.0,1,2022-03-01,1.0,6.123233995736766e-17,Inter_MarApr,27.0,1,Weapons/Traps,0.0,0,None,0.0,0,None
Eastern|Unknown,2022,4,Eastern,Unknown,0.0,0.0,0.0,0.0,0.0,0.0,0.0,0.0,0.0,0.0,0.0,0.0,0.0,0.0,0.0,0.0,None,0.0,0,2022-04-01,0.8660254037844387,-0.4999999999999998,Inter_MarApr,4.0,1,Hunting/Killing,27.0,1,Weapons/Traps,0.0,0,None
Eastern|Unknown,2022,5,Eastern,Unknown,0.0,0.0,0.0,0.0,0.0,0.0,0.0,0.0,0.0,0.0,0.0,13.0,0.0,0.0,0.0,0.0,Meat/Egg Trade,13.0,1,2022-05-01,0.49999999999999994,-0.8660254037844387,SW_monsoon,0.0,0,None,4.0,1,Hunting/Killing,27.0,1,Weapons/Traps
Eastern|Unknown,2022,6,Eastern,Unknown,0.0,0.0,0.0,0.0,0.0,0.0,0.0,0.0,4.0,0.0,0.0,2.0,0.0,0.0,0.0,0.0,Illegal Entry,6.0,1,2022-06-01,1.2246467991473532e-16,-1.0,SW_monsoon,13.0,1,Meat/Egg Trade,0.0,0,None,4.0,1,Hunting/Killing
Eastern|Unknown,2022,7,Eastern,Unknown,0.0,0.0,0.0,0.0,0.0,0.0,0.0,0.0,0.0,0.0,0.0,0.0,0.0,0.0,0.0,0.0,None,0.0,0,2022-07-01,-0.4999999999999997,-0.8660254037844388,SW_monsoon,6.0,1,Illegal Entry,13.0,1,Meat/Egg Trade,0.0,0,None
Eastern|Unknown,2022,8,Eastern,Unknown,0.0,0.0,0.0,0.0,0.0,0.0,0.0,0.0,0.0,0.0,0.0,7.0,0.0,0.0,0.0,0.0,Meat/Egg Trade,7.0,1,2022-08-01,-0.8660254037844384,-0.5000000000000004,SW_monsoon,0.0,0,None,6.0,1,Illegal Entry,13.0,1,Meat/Egg Trade
Eastern|Unknown,2022,9,Eastern,Unknown,0.0,0.0,0.0,0.0,0.0,0.0,0.0,0.0,0.0,0.0,0.0,17.0,0.0,0.0,0.0,3.0,Meat/Egg Trade,20.0,1,2022-09-01,-1.0,-1.8369701987210297e-16,SW_monsoon,7.0,1,Meat/Egg Trade,0.0,0,None,6.0,1,Illegal Entry
Eastern|Unknown,2022,10,Eastern,Unknown,0.0,0.0,0.0,0.0,0.0,0.0,0.0,0.0,0.0,0.0,0.0,0.0,0.0,0.0,0.0,0.0,None,0.0,0,2022-10-01,-0.8660254037844386,0.5000000000000001,Inter_OctNov,20.0,1,Meat/Egg Trade,7.0,1,Meat/Egg Trade,0.0,0,None
Eastern|Unknown,2022,11,Eastern,Unknown,0.0,0.0,0.0,0.0,0.0,0.0,0.0,0.0,0.0,0.0,0.0,0.0,0.0,0.0,0.0,0.0,None,0.0,0,2022-11-01,-0.5000000000000004,0.8660254037844384,Inter_OctNov,0.0,0,None,20.0,1,Meat/Egg Trade,7.0,1,Meat/Egg Trade
Eastern|Unknown,2022,12,Eastern,Unknown,0.0,0.0,0.0,0.0,0.0,0.0,0.0,0.0,0.0,0.0,0.0,25.0,0.0,0.0,0.0,0.0,Meat/Egg Trade,25.0,1,2022-12-01,-2.4492935982947064e-16,1.0,NE_monsoon,0.0,0,None,0.0,0,None,20.0,1,Meat/Egg Trade
Eastern|Unknown,2023,1,Eastern,Unknown,0.0,0.0,0.0,0.0,0.0,0.0,0.0,0.0,31.0,40.0,0.0,0.0,0.0,37.0,0.0,0.0,Illegal Fishing,108.0,1,2023-01-01,0.49999999999999994,0.8660254037844387,NE_monsoon,25.0,1,Meat/Egg Trade,0.0,0,None,0.0,0,None
Eastern|Unknown,2023,2,Eastern,Unknown,0.0,0.0,0.0,6.0,0.0,0.0,0.0,0.0,0.0,0.0,0.0,15.0,0.0,19.0,0.0,0.0,Meat/Egg Trade,40.0,1,2023-02-01,0.8660254037844386,0.5000000000000001,NE_monsoon,108.0,1,Illegal Fishing,25.0,1,Meat/Egg Trade,0.0,0,None
Eastern|Unknown,2023,3,Eastern,Unknown,0.0,0.0,0.0,0.0,0.0,0.0,0.0,0.0,0.0,0.0,0.0,0.0,0.0,49.0,0.0,0.0,Other,49.0,1,2023-03-01,1.0,6.123233995736766e-17,Inter_MarApr,40.0,1,Meat/Egg Trade,108.0,1,Illegal Fishing,25.0,1,Meat/Egg Trade
Eastern|Unknown,2023,4,Eastern,Unknown,0.0,0.0,0.0,0.0,0.0,0.0,0.0,0.0,15.0,0.0,0.0,0.0,0.0,49.0,0.0,0.0,Illegal Entry,64.0,1,2023-04-01,0.8660254037844387,-0.4999999999999998,Inter_MarApr,49.0,1,Other,40.0,1,Meat/Egg Trade,108.0,1,Illegal Fishing
Eastern|Unknown,2023,5,Eastern,Unknown,0.0,0.0,0.0,0.0,0.0,0.0,0.0,0.0,0.0,0.0,0.0,0.0,0.0,10.0,0.0,0.0,Other,10.0,1,2023-05-01,0.49999999999999994,-0.8660254037844387,SW_monsoon,64.0,1,Illegal Entry,49.0,1,Other,40.0,1,Meat/Egg Trade
Eastern|Unknown,2023,6,Eastern,Unknown,0.0,0.0,0.0,100.0,0.0,0.0,0.0,7.0,0.0,0.0,0.0,0.0,0.0,5.0,0.0,23.0,Domestic Animal Trespass,135.0,1,2023-06-01,1.2246467991473532e-16,-1.0,SW_monsoon,10.0,1,Other,64.0,1,Illegal Entry,49.0,1,Other
Eastern|Unknown,2023,7,Eastern,Unknown,0.0,0.0,0.0,0.0,0.0,0.0,0.0,0.0,0.0,0.0,0.0,0.0,0.0,6.0,0.0,0.0,Other,6.0,1,2023-07-01,-0.4999999999999997,-0.8660254037844388,SW_monsoon,135.0,1,Domestic Animal Trespass,10.0,1,Other,64.0,1,Illegal Entry
Eastern|Unknown,2023,8,Eastern,Unknown,0.0,0.0,0.0,0.0,0.0,0.0,0.0,0.0,0.0,0.0,0.0,0.0,0.0,31.0,0.0,24.0,Weapons/Traps,55.0,1,2023-08-01,-0.8660254037844384,-0.5000000000000004,SW_monsoon,6.0,1,Other,135.0,1,Domestic Animal Trespass,10.0,1,Other
Eastern|Unknown,2023,9,Eastern,Unknown,0.0,0.0,0.0,0.0,0.0,0.0,0.0,0.0,0.0,0.0,0.0,0.0,0.0,23.0,0.0,36.0,Weapons/Traps,59.0,1,2023-09-01,-1.0,-1.8369701987210297e-16,SW_monsoon,55.0,1,Weapons/Traps,6.0,1,Other,135.0,1,Domestic Animal Trespass
Eastern|Unknown,2023,10,Eastern,Unknown,0.0,0.0,0.0,0.0,0.0,0.0,0.0,0.0,0.0,0.0,0.0,0.0,0.0,0.0,0.0,0.0,None,0.0,0,2023-10-01,-0.8660254037844386,0.5000000000000001,Inter_OctNov,59.0,1,Weapons/Traps,55.0,1,Weapons/Traps,6.0,1,Other
Eastern|Unknown,2023,11,Eastern,Unknown,0.0,0.0,0.0,0.0,0.0,0.0,0.0,0.0,0.0,0.0,0.0,0.0,0.0,17.0,0.0,0.0,Other,17.0,1,2023-11-01,-0.5000000000000004,0.8660254037844384,Inter_OctNov,0.0,0,None,59.0,1,Weapons/Traps,55.0,1,Weapons/Traps
Eastern|Unknown,2023,12,Eastern,Unknown,0.0,0.0,0.0,0.0,0.0,0.0,0.0,0.0,0.0,0.0,0.0,0.0,0.0,5.0,0.0,0.0,Other,5.0,1,2023-12-01,-2.4492935982947064e-16,1.0,NE_monsoon,17.0,1,Other,0.0,0,None,59.0,1,Weapons/Traps
Eastern|Unknown,2024,1,Eastern,Unknown,0.0,0.0,0.0,0.0,0.0,0.0,0.0,0.0,0.0,0.0,0.0,0.0,0.0,0.0,0.0,0.0,None,0.0,0,2024-01-01,0.49999999999999994,0.8660254037844387,NE_monsoon,5.0,1,Other,17.0,1,Other,0.0,0,None
Eastern|Unknown,2024,2,Eastern,Unknown,0.0,0.0,0.0,0.0,0.0,0.0,0.0,0.0,0.0,0.0,0.0,0.0,0.0,0.0,0.0,0.0,None,0.0,0,2024-02-01,0.8660254037844386,0.5000000000000001,NE_monsoon,0.0,0,None,5.0,1,Other,17.0,1,Other
Eastern|Unknown,2024,3,Eastern,Unknown,0.0,0.0,0.0,0.0,0.0,0.0,0.0,0.0,0.0,0.0,0.0,0.0,0.0,0.0,0.0,0.0,None,0.0,0,2024-03-01,1.0,6.123233995736766e-17,Inter_MarApr,0.0,0,None,0.0,0,None,5.0,1,Other
Eastern|Unknown,2024,4,Eastern,Unknown,0.0,0.0,0.0,0.0,0.0,0.0,0.0,0.0,0.0,0.0,0.0,0.0,0.0,0.0,0.0,0.0,None,0.0,0,2024-04-01,0.8660254037844387,-0.4999999999999998,Inter_MarApr,0.0,0,None,0.0,0,None,0.0,0,None
Eastern|Unknown,2024,5,Eastern,Unknown,0.0,0.0,0.0,0.0,0.0,0.0,0.0,0.0,0.0,0.0,0.0,0.0,0.0,12.0,0.0,0.0,Other,12.0,1,2024-05-01,0.49999999999999994,-0.8660254037844387,SW_monsoon,0.0,0,None,0.0,0,None,0.0,0,None
Eastern|Unknown,2024,6,Eastern,Unknown,0.0,0.0,0.0,0.0,0.0,0.0,0.0,0.0,0.0,0.0,0.0,0.0,0.0,0.0,0.0,0.0,None,0.0,0,2024-06-01,1.2246467991473532e-16,-1.0,SW_monsoon,12.0,1,Other,0.0,0,None,0.0,0,None
Eastern|Unknown,2024,7,Eastern,Unknown,0.0,0.0,0.0,0.0,0.0,0.0,0.0,0.0,0.0,0.0,0.0,0.0,0.0,0.0,0.0,0.0,None,0.0,0,2024-07-01,-0.4999999999999997,-0.8660254037844388,SW_monsoon,0.0,0,None,12.0,1,Other,0.0,0,None
Eastern|Unknown,2024,8,Eastern,Unknown,0.0,0.0,0.0,0.0,0.0,0.0,0.0,0.0,0.0,0.0,0.0,0.0,0.0,4.0,0.0,0.0,Other,4.0,1,2024-08-01,-0.8660254037844384,-0.5000000000000004,SW_monsoon,0.0,0,None,0.0,0,None,12.0,1,Other
Eastern|Unknown,2024,9,Eastern,Unknown,0.0,0.0,0.0,0.0,0.0,0.0,0.0,0.0,0.0,0.0,0.0,0.0,0.0,0.0,0.0,0.0,None,0.0,0,2024-09-01,-1.0,-1.8369701987210297e-16,SW_monsoon,4.0,1,Other,0.0,0,None,0.0,0,None
Eastern|Unknown,2024,10,Eastern,Unknown,0.0,0.0,0.0,0.0,0.0,0.0,0.0,0.0,0.0,0.0,0.0,0.0,0.0,0.0,0.0,0.0,None,0.0,0,2024-10-01,-0.8660254037844386,0.5000000000000001,Inter_OctNov,0.0,0,None,4.0,1,Other,0.0,0,None
Eastern|Unknown,2024,11,Eastern,Unknown,0.0,0.0,0.0,0.0,0.0,0.0,0.0,0.0,0.0,0.0,0.0,0.0,0.0,15.0,0.0,0.0,Other,15.0,1,2024-11-01,-0.5000000000000004,0.8660254037844384,Inter_OctNov,0.0,0,None,0.0,0,None,4.0,1,Other
Eastern|Unknown,2024,12,Eastern,Unknown,0.0,0.0,0.0,0.0,0.0,0.0,0.0,0.0,0.0,0.0,0.0,0.0,0.0,4.0,0.0,0.0,Other,4.0,1,2024-12-01,-2.4492935982947064e-16,1.0,NE_monsoon,15.0,1,Other,0.0,0,None,0.0,0,None
Eastern|kandegama Beat,2022,1,Eastern,kandegama Beat,0.0,0.0,0.0,0.0,0.0,0.0,0.0,0.0,0.0,0.0,0.0,0.0,0.0,0.0,0.0,0.0,None,0.0,0,2022-01-01,0.49999999999999994,0.8660254037844387,NE_monsoon,0.0,0,None,0.0,0,None,0.0,0,None
Eastern|kandegama Beat,2022,2,Eastern,kandegama Beat,0.0,0.0,0.0,0.0,0.0,0.0,0.0,0.0,0.0,0.0,0.0,0.0,0.0,0.0,0.0,0.0,None,0.0,0,2022-02-01,0.8660254037844386,0.5000000000000001,NE_monsoon,0.0,0,None,0.0,0,None,0.0,0,None
Eastern|kandegama Beat,2022,3,Eastern,kandegama Beat,0.0,0.0,0.0,0.0,0.0,0.0,0.0,0.0,0.0,0.0,0.0,0.0,0.0,0.0,0.0,0.0,None,0.0,0,2022-03-01,1.0,6.123233995736766e-17,Inter_MarApr,0.0,0,None,0.0,0,None,0.0,0,None
Eastern|kandegama Beat,2022,4,Eastern,kandegama Beat,0.0,0.0,0.0,0.0,0.0,0.0,0.0,0.0,0.0,0.0,0.0,0.0,0.0,0.0,0.0,0.0,None,0.0,0,2022-04-01,0.8660254037844387,-0.4999999999999998,Inter_MarApr,0.0,0,None,0.0,0,None,0.0,0,None
Eastern|kandegama Beat,2022,5,Eastern,kandegama Beat,0.0,0.0,0.0,0.0,0.0,0.0,0.0,0.0,0.0,0.0,0.0,0.0,0.0,0.0,0.0,0.0,None,0.0,0,2022-05-01,0.49999999999999994,-0.8660254037844387,SW_monsoon,0.0,0,None,0.0,0,None,0.0,0,None
Eastern|kandegama Beat,2022,6,Eastern,kandegama Beat,0.0,0.0,0.0,0.0,0.0,0.0,0.0,0.0,0.0,0.0,0.0,0.0,0.0,0.0,0.0,0.0,None,0.0,0,2022-06-01,1.2246467991473532e-16,-1.0,SW_monsoon,0.0,0,None,0.0,0,None,0.0,0,None
Eastern|kandegama Beat,2022,7,Eastern,kandegama Beat,0.0,0.0,0.0,0.0,0.0,0.0,0.0,0.0,0.0,0.0,0.0,0.0,0.0,0.0,0.0,0.0,None,0.0,0,2022-07-01,-0.4999999999999997,-0.8660254037844388,SW_monsoon,0.0,0,None,0.0,0,None,0.0,0,None
Eastern|kandegama Beat,2022,8,Eastern,kandegama Beat,0.0,0.0,0.0,0.0,0.0,0.0,0.0,0.0,0.0,0.0,0.0,0.0,0.0,0.0,0.0,0.0,None,0.0,0,2022-08-01,-0.8660254037844384,-0.5000000000000004,SW_monsoon,0.0,0,None,0.0,0,None,0.0,0,None
Eastern|kandegama Beat,2022,9,Eastern,kandegama Beat,0.0,0.0,0.0,0.0,0.0,0.0,0.0,0.0,0.0,0.0,0.0,0.0,0.0,0.0,0.0,0.0,None,0.0,0,2022-09-01,-1.0,-1.8369701987210297e-16,SW_monsoon,0.0,0,None,0.0,0,None,0.0,0,None
Eastern|kandegama Beat,2022,10,Eastern,kandegama Beat,0.0,0.0,0.0,0.0,0.0,0.0,0.0,0.0,0.0,0.0,0.0,0.0,0.0,0.0,0.0,0.0,None,0.0,0,2022-10-01,-0.8660254037844386,0.5000000000000001,Inter_OctNov,0.0,0,None,0.0,0,None,0.0,0,None
Eastern|kandegama Beat,2022,11,Eastern,kandegama Beat,0.0,0.0,0.0,0.0,0.0,0.0,0.0,0.0,0.0,0.0,0.0,0.0,0.0,0.0,0.0,0.0,None,0.0,0,2022-11-01,-0.5000000000000004,0.8660254037844384,Inter_OctNov,0.0,0,None,0.0,0,None,0.0,0,None
Eastern|kandegama Beat,2022,12,Eastern,kandegama Beat,0.0,0.0,0.0,0.0,0.0,0.0,0.0,0.0,0.0,0.0,0.0,0.0,0.0,0.0,0.0,0.0,None,0.0,0,2022-12-01,-2.4492935982947064e-16,1.0,NE_monsoon,0.0,0,None,0.0,0,None,0.0,0,None
Eastern|kandegama Beat,2023,1,Eastern,kandegama Beat,0.0,0.0,0.0,0.0,0.0,0.0,0.0,0.0,0.0,0.0,0.0,0.0,0.0,0.0,0.0,0.0,None,0.0,0,2023-01-01,0.49999999999999994,0.8660254037844387,NE_monsoon,0.0,0,None,0.0,0,None,0.0,0,None
Eastern|kandegama Beat,2023,2,Eastern,kandegama Beat,0.0,0.0,0.0,0.0,0.0,0.0,0.0,0.0,0.0,0.0,0.0,0.0,0.0,0.0,0.0,0.0,None,0.0,0,2023-02-01,0.8660254037844386,0.5000000000000001,NE_monsoon,0.0,0,None,0.0,0,None,0.0,0,None
Eastern|kandegama Beat,2023,3,Eastern,kandegama Beat,0.0,0.0,0.0,0.0,0.0,0.0,0.0,0.0,0.0,0.0,0.0,0.0,0.0,0.0,0.0,0.0,None,0.0,0,2023-03-01,1.0,6.123233995736766e-17,Inter_MarApr,0.0,0,None,0.0,0,None,0.0,0,None
Eastern|kandegama Beat,2023,4,Eastern,kandegama Beat,0.0,0.0,0.0,0.0,0.0,0.0,0.0,0.0,0.0,0.0,0.0,0.0,0.0,0.0,0.0,0.0,None,0.0,0,2023-04-01,0.8660254037844387,-0.4999999999999998,Inter_MarApr,0.0,0,None,0.0,0,None,0.0,0,None
Eastern|kandegama Beat,2023,5,Eastern,kandegama Beat,0.0,0.0,0.0,0.0,0.0,0.0,0.0,0.0,0.0,0.0,0.0,0.0,0.0,0.0,0.0,0.0,None,0.0,0,2023-05-01,0.49999999999999994,-0.8660254037844387,SW_monsoon,0.0,0,None,0.0,0,None,0.0,0,None
Eastern|kandegama Beat,2023,6,Eastern,kandegama Beat,0.0,0.0,0.0,0.0,0.0,0.0,0.0,0.0,0.0,0.0,0.0,0.0,0.0,0.0,0.0,0.0,None,0.0,0,2023-06-01,1.2246467991473532e-16,-1.0,SW_monsoon,0.0,0,None,0.0,0,None,0.0,0,None
Eastern|kandegama Beat,2023,7,Eastern,kandegama Beat,0.0,0.0,0.0,0.0,0.0,0.0,0.0,0.0,0.0,0.0,0.0,0.0,0.0,0.0,0.0,0.0,None,0.0,0,2023-07-01,-0.4999999999999997,-0.8660254037844388,SW_monsoon,0.0,0,None,0.0,0,None,0.0,0,None
Eastern|kandegama Beat,2023,8,Eastern,kandegama Beat,0.0,0.0,0.0,0.0,0.0,0.0,0.0,0.0,0.0,0.0,0.0,0.0,0.0,0.0,0.0,0.0,None,0.0,0,2023-08-01,-0.8660254037844384,-0.5000000000000004,SW_monsoon,0.0,0,None,0.0,0,None,0.0,0,None
Eastern|kandegama Beat,2023,9,Eastern,kandegama Beat,0.0,0.0,0.0,0.0,0.0,0.0,0.0,0.0,0.0,0.0,0.0,0.0,0.0,0.0,0.0,0.0,None,0.0,0,2023-09-01,-1.0,-1.8369701987210297e-16,SW_monsoon,0.0,0,None,0.0,0,None,0.0,0,None
Eastern|kandegama Beat,2023,10,Eastern,kandegama Beat,0.0,0.0,0.0,0.0,0.0,0.0,0.0,0.0,0.0,0.0,0.0,0.0,0.0,0.0,0.0,0.0,None,0.0,0,2023-10-01,-0.8660254037844386,0.5000000000000001,Inter_OctNov,0.0,0,None,0.0,0,None,0.0,0,None
Eastern|kandegama Beat,2023,11,Eastern,kandegama Beat,0.0,0.0,0.0,0.0,0.0,0.0,0.0,0.0,0.0,0.0,0.0,0.0,0.0,0.0,0.0,0.0,None,0.0,0,2023-11-01,-0.5000000000000004,0.8660254037844384,Inter_OctNov,0.0,0,None,0.0,0,None,0.0,0,None
Eastern|kandegama Beat,2023,12,Eastern,kandegama Beat,0.0,0.0,0.0,0.0,0.0,0.0,0.0,0.0,0.0,0.0,0.0,0.0,0.0,0.0,0.0,0.0,None,0.0,0,2023-12-01,-2.4492935982947064e-16,1.0,NE_monsoon,0.0,0,None,0.0,0,None,0.0,0,None
Eastern|kandegama Beat,2024,1,Eastern,kandegama Beat,0.0,0.0,0.0,0.0,0.0,0.0,0.0,0.0,0.0,14.0,0.0,0.0,0.0,0.0,0.0,0.0,Illegal Fishing,14.0,1,2024-01-01,0.49999999999999994,0.8660254037844387,NE_monsoon,0.0,0,None,0.0,0,None,0.0,0,None
Eastern|kandegama Beat,2024,2,Eastern,kandegama Beat,0.0,0.0,0.0,84.0,0.0,0.0,0.0,0.0,0.0,16.0,0.0,14.0,0.0,15.0,0.0,0.0,Domestic Animal Trespass,129.0,1,2024-02-01,0.8660254037844386,0.5000000000000001,NE_monsoon,14.0,1,Illegal Fishing,0.0,0,None,0.0,0,None
Eastern|kandegama Beat,2024,3,Eastern,kandegama Beat,0.0,0.0,0.0,0.0,0.0,0.0,0.0,0.0,0.0,0.0,0.0,0.0,0.0,0.0,0.0,0.0,None,0.0,0,2024-03-01,1.0,6.123233995736766e-17,Inter_MarApr,129.0,1,Domestic Animal Trespass,14.0,1,Illegal Fishing,0.0,0,None
Eastern|kandegama Beat,2024,4,Eastern,kandegama Beat,0.0,0.0,0.0,0.0,0.0,0.0,0.0,0.0,0.0,0.0,0.0,0.0,0.0,0.0,0.0,0.0,None,0.0,0,2024-04-01,0.8660254037844387,-0.4999999999999998,Inter_MarApr,0.0,0,None,129.0,1,Domestic Animal Trespass,14.0,1,Illegal Fishing
Eastern|kandegama Beat,2024,5,Eastern,kandegama Beat,0.0,0.0,0.0,0.0,0.0,0.0,0.0,0.0,0.0,0.0,0.0,0.0,0.0,0.0,0.0,0.0,None,0.0,0,2024-05-01,0.49999999999999994,-0.8660254037844387,SW_monsoon,0.0,0,None,0.0,0,None,129.0,1,Domestic Animal Trespass
Eastern|kandegama Beat,2024,6,Eastern,kandegama Beat,0.0,0.0,0.0,0.0,0.0,0.0,0.0,0.0,0.0,0.0,0.0,0.0,0.0,0.0,0.0,0.0,None,0.0,0,2024-06-01,1.2246467991473532e-16,-1.0,SW_monsoon,0.0,0,None,0.0,0,None,0.0,0,None
Eastern|kandegama Beat,2024,7,Eastern,kandegama Beat,0.0,0.0,0.0,0.0,0.0,0.0,0.0,0.0,0.0,0.0,0.0,0.0,0.0,0.0,0.0,11.0,Weapons/Traps,11.0,1,2024-07-01,-0.4999999999999997,-0.8660254037844388,SW_monsoon,0.0,0,None,0.0,0,None,0.0,0,None
Eastern|kandegama Beat,2024,8,Eastern,kandegama Beat,0.0,0.0,0.0,0.0,0.0,0.0,0.0,0.0,0.0,3.0,0.0,0.0,0.0,0.0,0.0,0.0,Illegal Fishing,3.0,1,2024-08-01,-0.8660254037844384,-0.5000000000000004,SW_monsoon,11.0,1,Weapons/Traps,0.0,0,None,0.0,0,None
Eastern|kandegama Beat,2024,9,Eastern,kandegama Beat,0.0,0.0,0.0,0.0,0.0,0.0,0.0,0.0,0.0,0.0,0.0,0.0,0.0,0.0,0.0,0.0,None,0.0,0,2024-09-01,-1.0,-1.8369701987210297e-16,SW_monsoon,3.0,1,Illegal Fishing,11.0,1,Weapons/Traps,0.0,0,None
Eastern|kandegama Beat,2024,10,Eastern,kandegama Beat,0.0,0.0,0.0,0.0,0.0,0.0,0.0,0.0,0.0,0.0,0.0,0.0,0.0,0.0,0.0,0.0,None,0.0,0,2024-10-01,-0.8660254037844386,0.5000000000000001,Inter_OctNov,0.0,0,None,3.0,1,Illegal Fishing,11.0,1,Weapons/Traps
Eastern|kandegama Beat,2024,11,Eastern,kandegama Beat,0.0,0.0,0.0,0.0,0.0,0.0,0.0,0.0,0.0,0.0,0.0,0.0,0.0,0.0,0.0,0.0,None,0.0,0,2024-11-01,-0.5000000000000004,0.8660254037844384,Inter_OctNov,0.0,0,None,0.0,0,None,3.0,1,Illegal Fishing
Eastern|kandegama Beat,2024,12,Eastern,kandegama Beat,0.0,0.0,0.0,0.0,0.0,0.0,0.0,0.0,0.0,0.0,0.0,0.0,0.0,0.0,0.0,0.0,None,0.0,0,2024-12-01,-2.4492935982947064e-16,1.0,NE_monsoon,0.0,0,None,0.0,0,None,0.0,0,None
Head Office-Flying Squad|Flying Squad,2022,1,Head Office-Flying Squad,Flying Squad,0.0,3.0,0.0,0.0,0.0,0.0,0.0,0.0,0.0,0.0,0.0,0.0,0.0,0.0,0.0,0.0,Animal Parts Trade,3.0,1,2022-01-01,0.49999999999999994,0.8660254037844387,NE_monsoon,0.0,0,None,0.0,0,None,0.0,0,None
Head Office-Flying Squad|Flying Squad,2022,2,Head Office-Flying Squad,Flying Squad,0.0,0.0,0.0,0.0,0.0,0.0,0.0,0.0,0.0,0.0,0.0,0.0,0.0,0.0,0.0,0.0,None,0.0,0,2022-02-01,0.8660254037844386,0.5000000000000001,NE_monsoon,3.0,1,Animal Parts Trade,0.0,0,None,0.0,0,None
Head Office-Flying Squad|Flying Squad,2022,3,Head Office-Flying Squad,Flying Squad,0.0,0.0,0.0,0.0,0.0,0.0,0.0,0.0,0.0,0.0,0.0,0.0,0.0,0.0,0.0,0.0,None,0.0,0,2022-03-01,1.0,6.123233995736766e-17,Inter_MarApr,0.0,0,None,3.0,1,Animal Parts Trade,0.0,0,None
Head Office-Flying Squad|Flying Squad,2022,4,Head Office-Flying Squad,Flying Squad,0.0,0.0,0.0,0.0,0.0,0.0,0.0,0.0,0.0,0.0,0.0,0.0,0.0,0.0,0.0,0.0,None,0.0,0,2022-04-01,0.8660254037844387,-0.4999999999999998,Inter_MarApr,0.0,0,None,0.0,0,None,3.0,1,Animal Parts Trade
Head Office-Flying Squad|Flying Squad,2022,5,Head Office-Flying Squad,Flying Squad,0.0,1.0,0.0,0.0,0.0,0.0,0.0,0.0,0.0,0.0,0.0,0.0,0.0,0.0,0.0,0.0,Animal Parts Trade,1.0,1,2022-05-01,0.49999999999999994,-0.8660254037844387,SW_monsoon,0.0,0,None,0.0,0,None,0.0,0,None
Head Office-Flying Squad|Flying Squad,2022,6,Head Office-Flying Squad,Flying Squad,0.0,0.0,0.0,0.0,0.0,0.0,0.0,0.0,0.0,0.0,0.0,0.0,0.0,0.0,0.0,0.0,None,0.0,0,2022-06-01,1.2246467991473532e-16,-1.0,SW_monsoon,1.0,1,Animal Parts Trade,0.0,0,None,0.0,0,None
Head Office-Flying Squad|Flying Squad,2022,7,Head Office-Flying Squad,Flying Squad,0.0,0.0,0.0,0.0,0.0,0.0,0.0,0.0,0.0,0.0,0.0,0.0,0.0,0.0,0.0,0.0,None,0.0,0,2022-07-01,-0.4999999999999997,-0.8660254037844388,SW_monsoon,0.0,0,None,1.0,1,Animal Parts Trade,0.0,0,None
Head Office-Flying Squad|Flying Squad,2022,8,Head Office-Flying Squad,Flying Squad,0.0,0.0,0.0,0.0,0.0,0.0,0.0,0.0,0.0,0.0,0.0,0.0,0.0,0.0,0.0,0.0,None,0.0,0,2022-08-01,-0.8660254037844384,-0.5000000000000004,SW_monsoon,0.0,0,None,0.0,0,None,1.0,1,Animal Parts Trade
Head Office-Flying Squad|Flying Squad,2022,9,Head Office-Flying Squad,Flying Squad,0.0,0.0,0.0,0.0,0.0,0.0,0.0,0.0,0.0,0.0,0.0,0.0,0.0,0.0,0.0,0.0,None,0.0,0,2022-09-01,-1.0,-1.8369701987210297e-16,SW_monsoon,0.0,0,None,0.0,0,None,0.0,0,None
Head Office-Flying Squad|Flying Squad,2022,10,Head Office-Flying Squad,Flying Squad,0.0,0.0,0.0,0.0,0.0,0.0,0.0,0.0,0.0,0.0,0.0,0.0,0.0,0.0,0.0,0.0,None,0.0,0,2022-10-01,-0.8660254037844386,0.5000000000000001,Inter_OctNov,0.0,0,None,0.0,0,None,0.0,0,None
Head Office-Flying Squad|Flying Squad,2022,11,Head Office-Flying Squad,Flying Squad,0.0,1.0,0.0,0.0,0.0,0.0,0.0,0.0,0.0,0.0,0.0,0.0,0.0,0.0,0.0,0.0,Animal Parts Trade,1.0,1,2022-11-01,-0.5000000000000004,0.8660254037844384,Inter_OctNov,0.0,0,None,0.0,0,None,0.0,0,None
Head Office-Flying Squad|Flying Squad,2022,12,Head Office-Flying Squad,Flying Squad,0.0,0.0,0.0,0.0,0.0,0.0,0.0,0.0,0.0,0.0,0.0,0.0,0.0,0.0,0.0,0.0,None,0.0,0,2022-12-01,-2.4492935982947064e-16,1.0,NE_monsoon,1.0,1,Animal Parts Trade,0.0,0,None,0.0,0,None
Head Office-Flying Squad|Flying Squad,2023,1,Head Office-Flying Squad,Flying Squad,0.0,0.0,0.0,0.0,0.0,0.0,0.0,0.0,0.0,0.0,0.0,0.0,0.0,0.0,0.0,0.0,None,0.0,0,2023-01-01,0.49999999999999994,0.8660254037844387,NE_monsoon,0.0,0,None,1.0,1,Animal Parts Trade,0.0,0,None
Head Office-Flying Squad|Flying Squad,2023,2,Head Office-Flying Squad,Flying Squad,0.0,0.0,0.0,0.0,0.0,0.0,0.0,0.0,0.0,0.0,0.0,0.0,0.0,0.0,0.0,0.0,None,0.0,0,2023-02-01,0.8660254037844386,0.5000000000000001,NE_monsoon,0.0,0,None,0.0,0,None,1.0,1,Animal Parts Trade
Head Office-Flying Squad|Flying Squad,2023,3,Head Office-Flying Squad,Flying Squad,0.0,0.0,0.0,0.0,0.0,0.0,0.0,0.0,0.0,0.0,0.0,0.0,0.0,0.0,0.0,0.0,None,0.0,0,2023-03-01,1.0,6.123233995736766e-17,Inter_MarApr,0.0,0,None,0.0,0,None,0.0,0,None
Head Office-Flying Squad|Flying Squad,2023,4,Head Office-Flying Squad,Flying Squad,0.0,0.0,0.0,0.0,0.0,0.0,0.0,0.0,0.0,0.0,0.0,0.0,0.0,0.0,0.0,0.0,None,0.0,0,2023-04-01,0.8660254037844387,-0.4999999999999998,Inter_MarApr,0.0,0,None,0.0,0,None,0.0,0,None
Head Office-Flying Squad|Flying Squad,2023,5,Head Office-Flying Squad,Flying Squad,0.0,0.0,0.0,0.0,0.0,0.0,0.0,0.0,0.0,0.0,0.0,0.0,0.0,0.0,1.0,0.0,Tusk Theft,1.0,1,2023-05-01,0.49999999999999994,-0.8660254037844387,SW_monsoon,0.0,0,None,0.0,0,None,0.0,0,None
Head Office-Flying Squad|Flying Squad,2023,6,Head Office-Flying Squad,Flying Squad,0.0,0.0,0.0,0.0,0.0,0.0,0.0,0.0,0.0,0.0,0.0,0.0,0.0,1.0,0.0,0.0,Other,1.0,1,2023-06-01,1.2246467991473532e-16,-1.0,SW_monsoon,1.0,1,Tusk Theft,0.0,0,None,0.0,0,None
Head Office-Flying Squad|Flying Squad,2023,7,Head Office-Flying Squad,Flying Squad,0.0,0.0,0.0,0.0,0.0,0.0,0.0,0.0,0.0,0.0,0.0,0.0,0.0,0.0,0.0,0.0,None,0.0,0,2023-07-01,-0.4999999999999997,-0.8660254037844388,SW_monsoon,1.0,1,Other,1.0,1,Tusk Theft,0.0,0,None
Head Office-Flying Squad|Flying Squad,2023,8,Head Office-Flying Squad,Flying Squad,0.0,0.0,0.0,0.0,0.0,0.0,0.0,0.0,0.0,0.0,0.0,0.0,0.0,0.0,0.0,0.0,None,0.0,0,2023-08-01,-0.8660254037844384,-0.5000000000000004,SW_monsoon,0.0,0,None,1.0,1,Other,1.0,1,Tusk Theft
Head Office-Flying Squad|Flying Squad,2023,9,Head Office-Flying Squad,Flying Squad,0.0,0.0,0.0,0.0,0.0,0.0,0.0,0.0,0.0,0.0,0.0,0.0,0.0,0.0,0.0,0.0,None,0.0,0,2023-09-01,-1.0,-1.8369701987210297e-16,SW_monsoon,0.0,0,None,0.0,0,None,1.0,1,Other
Head Office-Flying Squad|Flying Squad,2023,10,Head Office-Flying Squad,Flying Squad,0.0,0.0,0.0,0.0,0.0,0.0,0.0,0.0,0.0,0.0,0.0,0.0,0.0,0.0,0.0,0.0,None,0.0,0,2023-10-01,-0.8660254037844386,0.5000000000000001,Inter_OctNov,0.0,0,None,0.0,0,None,0.0,0,None
Head Office-Flying Squad|Flying Squad,2023,11,Head Office-Flying Squad,Flying Squad,0.0,0.0,0.0,0.0,0.0,0.0,0.0,0.0,0.0,0.0,0.0,0.0,0.0,0.0,0.0,0.0,None,0.0,0,2023-11-01,-0.5000000000000004,0.8660254037844384,Inter_OctNov,0.0,0,None,0.0,0,None,0.0,0,None
Head Office-Flying Squad|Flying Squad,2023,12,Head Office-Flying Squad,Flying Squad,0.0,0.0,0.0,0.0,0.0,0.0,0.0,0.0,0.0,0.0,0.0,0.0,0.0,0.0,0.0,0.0,None,0.0,0,2023-12-01,-2.4492935982947064e-16,1.0,NE_monsoon,0.0,0,None,0.0,0,None,0.0,0,None
Head Office-Flying Squad|Flying Squad,2024,1,Head Office-Flying Squad,Flying Squad,0.0,10.0,0.0,0.0,0.0,0.0,0.0,0.0,0.0,0.0,0.0,5.0,0.0,0.0,0.0,0.0,Animal Parts Trade,15.0,1,2024-01-01,0.49999999999999994,0.8660254037844387,NE_monsoon,0.0,0,None,0.0,0,None,0.0,0,None
Head Office-Flying Squad|Flying Squad,2024,2,Head Office-Flying Squad,Flying Squad,0.0,5.0,0.0,0.0,0.0,0.0,0.0,0.0,0.0,0.0,0.0,1.0,0.0,0.0,0.0,0.0,Animal Parts Trade,6.0,1,2024-02-01,0.8660254037844386,0.5000000000000001,NE_monsoon,15.0,1,Animal Parts Trade,0.0,0,None,0.0,0,None
Head Office-Flying Squad|Flying Squad,2024,3,Head Office-Flying Squad,Flying Squad,0.0,0.0,4.0,0.0,0.0,0.0,0.0,0.0,0.0,0.0,0.0,0.0,0.0,0.0,2.0,0.0,Animal Possession,6.0,1,2024-03-01,1.0,6.123233995736766e-17,Inter_MarApr,6.0,1,Animal Parts Trade,15.0,1,Animal Parts Trade,0.0,0,None
Head Office-Flying Squad|Flying Squad,2024,4,Head Office-Flying Squad,Flying Squad,0.0,0.0,3.0,0.0,0.0,0.0,0.0,0.0,0.0,0.0,0.0,0.0,0.0,0.0,0.0,0.0,Animal Possession,3.0,1,2024-04-01,0.8660254037844387,-0.4999999999999998,Inter_MarApr,6.0,1,Animal Possession,6.0,1,Animal Parts Trade,15.0,1,Animal Parts Trade
Head Office-Flying Squad|Flying Squad,2024,5,Head Office-Flying Squad,Flying Squad,0.0,0.0,0.0,0.0,0.0,0.0,0.0,0.0,0.0,0.0,0.0,0.0,0.0,0.0,0.0,0.0,None,0.0,0,2024-05-01,0.49999999999999994,-0.8660254037844387,SW_monsoon,3.0,1,Animal Possession,6.0,1,Animal Possession,6.0,1,Animal Parts Trade
Head Office-Flying Squad|Flying Squad,2024,6,Head Office-Flying Squad,Flying Squad,0.0,0.0,0.0,0.0,0.0,0.0,0.0,0.0,0.0,0.0,0.0,0.0,0.0,0.0,0.0,0.0,None,0.0,0,2024-06-01,1.2246467991473532e-16,-1.0,SW_monsoon,0.0,0,None,3.0,1,Animal Possession,6.0,1,Animal Possession
Head Office-Flying Squad|Flying Squad,2024,7,Head Office-Flying Squad,Flying Squad,0.0,0.0,0.0,0.0,0.0,0.0,0.0,0.0,0.0,0.0,0.0,0.0,0.0,2.0,1.0,0.0,Tusk Theft,3.0,1,2024-07-01,-0.4999999999999997,-0.8660254037844388,SW_monsoon,0.0,0,None,0.0,0,None,3.0,1,Animal Possession
Head Office-Flying Squad|Flying Squad,2024,8,Head Office-Flying Squad,Flying Squad,0.0,0.0,0.0,0.0,0.0,0.0,0.0,0.0,0.0,0.0,0.0,0.0,0.0,0.0,0.0,0.0,None,0.0,0,2024-08-01,-0.8660254037844384,-0.5000000000000004,SW_monsoon,3.0,1,Tusk Theft,0.0,0,None,0.0,0,None
Head Office-Flying Squad|Flying Squad,2024,9,Head Office-Flying Squad,Flying Squad,0.0,0.0,0.0,0.0,0.0,0.0,0.0,0.0,0.0,0.0,0.0,0.0,0.0,0.0,0.0,0.0,None,0.0,0,2024-09-01,-1.0,-1.8369701987210297e-16,SW_monsoon,0.0,0,None,3.0,1,Tusk Theft,0.0,0,None
Head Office-Flying Squad|Flying Squad,2024,10,Head Office-Flying Squad,Flying Squad,0.0,0.0,0.0,0.0,0.0,0.0,0.0,0.0,0.0,0.0,0.0,0.0,0.0,0.0,0.0,0.0,None,0.0,0,2024-10-01,-0.8660254037844386,0.5000000000000001,Inter_OctNov,0.0,0,None,0.0,0,None,3.0,1,Tusk Theft
Head Office-Flying Squad|Flying Squad,2024,11,Head Office-Flying Squad,Flying Squad,0.0,0.0,0.0,0.0,0.0,0.0,0.0,0.0,0.0,0.0,0.0,0.0,0.0,0.0,0.0,0.0,None,0.0,0,2024-11-01,-0.5000000000000004,0.8660254037844384,Inter_OctNov,0.0,0,None,0.0,0,None,0.0,0,None
Head Office-Flying Squad|Flying Squad,2024,12,Head Office-Flying Squad,Flying Squad,0.0,0.0,0.0,0.0,0.0,0.0,0.0,0.0,0.0,0.0,0.0,0.0,0.0,0.0,0.0,0.0,None,0.0,0,2024-12-01,-2.4492935982947064e-16,1.0,NE_monsoon,0.0,0,None,0.0,0,None,0.0,0,None
Head Office-Flying Squad|Unknown,2022,1,Head Office-Flying Squad,Unknown,0.0,0.0,0.0,0.0,0.0,0.0,0.0,0.0,0.0,0.0,0.0,0.0,0.0,0.0,0.0,0.0,None,0.0,0,2022-01-01,0.49999999999999994,0.8660254037844387,NE_monsoon,0.0,0,None,0.0,0,None,0.0,0,None
Head Office-Flying Squad|Unknown,2022,2,Head Office-Flying Squad,Unknown,0.0,0.0,0.0,0.0,0.0,0.0,0.0,0.0,0.0,0.0,0.0,0.0,0.0,0.0,0.0,0.0,None,0.0,0,2022-02-01,0.8660254037844386,0.5000000000000001,NE_monsoon,0.0,0,None,0.0,0,None,0.0,0,None
Head Office-Flying Squad|Unknown,2022,3,Head Office-Flying Squad,Unknown,0.0,0.0,0.0,0.0,0.0,0.0,0.0,0.0,0.0,0.0,0.0,0.0,0.0,0.0,0.0,0.0,None,0.0,0,2022-03-01,1.0,6.123233995736766e-17,Inter_MarApr,0.0,0,None,0.0,0,None,0.0,0,None
Head Office-Flying Squad|Unknown,2022,4,Head Office-Flying Squad,Unknown,0.0,0.0,0.0,0.0,0.0,0.0,0.0,0.0,0.0,0.0,0.0,0.0,0.0,0.0,0.0,0.0,None,0.0,0,2022-04-01,0.8660254037844387,-0.4999999999999998,Inter_MarApr,0.0,0,None,0.0,0,None,0.0,0,None
Head Office-Flying Squad|Unknown,2022,5,Head Office-Flying Squad,Unknown,0.0,0.0,0.0,0.0,0.0,0.0,0.0,0.0,0.0,0.0,0.0,0.0,0.0,0.0,0.0,0.0,None,0.0,0,2022-05-01,0.49999999999999994,-0.8660254037844387,SW_monsoon,0.0,0,None,0.0,0,None,0.0,0,None
Head Office-Flying Squad|Unknown,2022,6,Head Office-Flying Squad,Unknown,0.0,0.0,0.0,0.0,0.0,0.0,0.0,0.0,0.0,0.0,0.0,0.0,0.0,0.0,0.0,0.0,None,0.0,0,2022-06-01,1.2246467991473532e-16,-1.0,SW_monsoon,0.0,0,None,0.0,0,None,0.0,0,None
Head Office-Flying Squad|Unknown,2022,7,Head Office-Flying Squad,Unknown,0.0,0.0,0.0,0.0,0.0,0.0,0.0,0.0,0.0,0.0,0.0,0.0,0.0,0.0,0.0,0.0,None,0.0,0,2022-07-01,-0.4999999999999997,-0.8660254037844388,SW_monsoon,0.0,0,None,0.0,0,None,0.0,0,None
Head Office-Flying Squad|Unknown,2022,8,Head Office-Flying Squad,Unknown,0.0,0.0,0.0,0.0,0.0,0.0,0.0,0.0,0.0,0.0,0.0,0.0,0.0,0.0,0.0,0.0,None,0.0,0,2022-08-01,-0.8660254037844384,-0.5000000000000004,SW_monsoon,0.0,0,None,0.0,0,None,0.0,0,None
Head Office-Flying Squad|Unknown,2022,9,Head Office-Flying Squad,Unknown,0.0,0.0,0.0,0.0,0.0,0.0,0.0,0.0,0.0,0.0,0.0,0.0,0.0,0.0,0.0,0.0,None,0.0,0,2022-09-01,-1.0,-1.8369701987210297e-16,SW_monsoon,0.0,0,None,0.0,0,None,0.0,0,None
Head Office-Flying Squad|Unknown,2022,10,Head Office-Flying Squad,Unknown,0.0,0.0,0.0,0.0,0.0,0.0,0.0,0.0,0.0,0.0,0.0,0.0,0.0,0.0,0.0,0.0,None,0.0,0,2022-10-01,-0.8660254037844386,0.5000000000000001,Inter_OctNov,0.0,0,None,0.0,0,None,0.0,0,None
Head Office-Flying Squad|Unknown,2022,11,Head Office-Flying Squad,Unknown,0.0,0.0,0.0,0.0,0.0,0.0,0.0,0.0,0.0,0.0,0.0,0.0,0.0,0.0,0.0,0.0,None,0.0,0,2022-11-01,-0.5000000000000004,0.8660254037844384,Inter_OctNov,0.0,0,None,0.0,0,None,0.0,0,None
Head Office-Flying Squad|Unknown,2022,12,Head Office-Flying Squad,Unknown,0.0,0.0,0.0,0.0,0.0,0.0,0.0,0.0,0.0,0.0,0.0,0.0,0.0,0.0,0.0,0.0,None,0.0,0,2022-12-01,-2.4492935982947064e-16,1.0,NE_monsoon,0.0,0,None,0.0,0,None,0.0,0,None
Head Office-Flying Squad|Unknown,2023,1,Head Office-Flying Squad,Unknown,0.0,0.0,0.0,0.0,0.0,0.0,0.0,0.0,0.0,0.0,0.0,0.0,0.0,0.0,0.0,0.0,None,0.0,0,2023-01-01,0.49999999999999994,0.8660254037844387,NE_monsoon,0.0,0,None,0.0,0,None,0.0,0,None
Head Office-Flying Squad|Unknown,2023,2,Head Office-Flying Squad,Unknown,0.0,0.0,0.0,0.0,0.0,0.0,0.0,0.0,0.0,0.0,0.0,0.0,0.0,0.0,0.0,0.0,None,0.0,0,2023-02-01,0.8660254037844386,0.5000000000000001,NE_monsoon,0.0,0,None,0.0,0,None,0.0,0,None
Head Office-Flying Squad|Unknown,2023,3,Head Office-Flying Squad,Unknown,0.0,0.0,0.0,0.0,0.0,0.0,0.0,0.0,0.0,0.0,0.0,0.0,0.0,0.0,0.0,0.0,None,0.0,0,2023-03-01,1.0,6.123233995736766e-17,Inter_MarApr,0.0,0,None,0.0,0,None,0.0,0,None
Head Office-Flying Squad|Unknown,2023,4,Head Office-Flying Squad,Unknown,0.0,0.0,0.0,0.0,0.0,0.0,0.0,0.0,0.0,0.0,0.0,0.0,0.0,0.0,0.0,0.0,None,0.0,0,2023-04-01,0.8660254037844387,-0.4999999999999998,Inter_MarApr,0.0,0,None,0.0,0,None,0.0,0,None
Head Office-Flying Squad|Unknown,2023,5,Head Office-Flying Squad,Unknown,0.0,0.0,0.0,0.0,0.0,0.0,0.0,0.0,0.0,0.0,0.0,0.0,0.0,0.0,0.0,0.0,None,0.0,0,2023-05-01,0.49999999999999994,-0.8660254037844387,SW_monsoon,0.0,0,None,0.0,0,None,0.0,0,None
Head Office-Flying Squad|Unknown,2023,6,Head Office-Flying Squad,Unknown,0.0,0.0,0.0,0.0,0.0,0.0,0.0,0.0,0.0,0.0,0.0,0.0,0.0,0.0,0.0,0.0,None,0.0,0,2023-06-01,1.2246467991473532e-16,-1.0,SW_monsoon,0.0,0,None,0.0,0,None,0.0,0,None
Head Office-Flying Squad|Unknown,2023,7,Head Office-Flying Squad,Unknown,0.0,0.0,0.0,0.0,0.0,0.0,0.0,0.0,0.0,0.0,0.0,0.0,0.0,0.0,0.0,0.0,None,0.0,0,2023-07-01,-0.4999999999999997,-0.8660254037844388,SW_monsoon,0.0,0,None,0.0,0,None,0.0,0,None
Head Office-Flying Squad|Unknown,2023,8,Head Office-Flying Squad,Unknown,0.0,0.0,0.0,0.0,0.0,0.0,0.0,0.0,0.0,0.0,0.0,0.0,0.0,0.0,0.0,0.0,None,0.0,0,2023-08-01,-0.8660254037844384,-0.5000000000000004,SW_monsoon,0.0,0,None,0.0,0,None,0.0,0,None
Head Office-Flying Squad|Unknown,2023,9,Head Office-Flying Squad,Unknown,0.0,0.0,0.0,0.0,0.0,0.0,0.0,0.0,0.0,0.0,0.0,0.0,0.0,0.0,0.0,0.0,None,0.0,0,2023-09-01,-1.0,-1.8369701987210297e-16,SW_monsoon,0.0,0,None,0.0,0,None,0.0,0,None
Head Office-Flying Squad|Unknown,2023,10,Head Office-Flying Squad,Unknown,0.0,0.0,0.0,0.0,0.0,0.0,0.0,0.0,0.0,0.0,0.0,0.0,0.0,0.0,0.0,0.0,None,0.0,0,2023-10-01,-0.8660254037844386,0.5000000000000001,Inter_OctNov,0.0,0,None,0.0,0,None,0.0,0,None
Head Office-Flying Squad|Unknown,2023,11,Head Office-Flying Squad,Unknown,0.0,0.0,0.0,0.0,0.0,0.0,0.0,0.0,0.0,0.0,0.0,0.0,0.0,0.0,0.0,0.0,None,0.0,0,2023-11-01,-0.5000000000000004,0.8660254037844384,Inter_OctNov,0.0,0,None,0.0,0,None,0.0,0,None
Head Office-Flying Squad|Unknown,2023,12,Head Office-Flying Squad,Unknown,0.0,0.0,0.0,0.0,0.0,0.0,0.0,0.0,0.0,0.0,0.0,0.0,0.0,0.0,0.0,0.0,None,0.0,0,2023-12-01,-2.4492935982947064e-16,1.0,NE_monsoon,0.0,0,None,0.0,0,None,0.0,0,None
Head Office-Flying Squad|Unknown,2024,1,Head Office-Flying Squad,Unknown,0.0,0.0,0.0,0.0,0.0,0.0,0.0,0.0,0.0,0.0,0.0,0.0,0.0,0.0,0.0,0.0,None,0.0,0,2024-01-01,0.49999999999999994,0.8660254037844387,NE_monsoon,0.0,0,None,0.0,0,None,0.0,0,None
Head Office-Flying Squad|Unknown,2024,2,Head Office-Flying Squad,Unknown,0.0,0.0,0.0,0.0,0.0,0.0,0.0,0.0,0.0,0.0,0.0,0.0,0.0,0.0,0.0,0.0,None,0.0,0,2024-02-01,0.8660254037844386,0.5000000000000001,NE_monsoon,0.0,0,None,0.0,0,None,0.0,0,None
Head Office-Flying Squad|Unknown,2024,3,Head Office-Flying Squad,Unknown,0.0,0.0,0.0,0.0,0.0,0.0,0.0,0.0,0.0,0.0,0.0,0.0,0.0,0.0,0.0,0.0,None,0.0,0,2024-03-01,1.0,6.123233995736766e-17,Inter_MarApr,0.0,0,None,0.0,0,None,0.0,0,None
Head Office-Flying Squad|Unknown,2024,4,Head Office-Flying Squad,Unknown,0.0,0.0,0.0,0.0,0.0,0.0,0.0,0.0,0.0,0.0,0.0,0.0,0.0,0.0,0.0,0.0,None,0.0,0,2024-04-01,0.8660254037844387,-0.4999999999999998,Inter_MarApr,0.0,0,None,0.0,0,None,0.0,0,None
Head Office-Flying Squad|Unknown,2024,5,Head Office-Flying Squad,Unknown,0.0,0.0,0.0,0.0,0.0,0.0,0.0,0.0,0.0,0.0,0.0,0.0,0.0,0.0,0.0,0.0,None,0.0,0,2024-05-01,0.49999999999999994,-0.8660254037844387,SW_monsoon,0.0,0,None,0.0,0,None,0.0,0,None
Head Office-Flying Squad|Unknown,2024,6,Head Office-Flying Squad,Unknown,0.0,0.0,0.0,0.0,0.0,0.0,0.0,0.0,0.0,0.0,0.0,0.0,0.0,1.0,0.0,0.0,Other,1.0,1,2024-06-01,1.2246467991473532e-16,-1.0,SW_monsoon,0.0,0,None,0.0,0,None,0.0,0,None
Head Office-Flying Squad|Unknown,2024,7,Head Office-Flying Squad,Unknown,0.0,0.0,0.0,0.0,0.0,0.0,0.0,0.0,0.0,0.0,0.0,0.0,0.0,0.0,0.0,0.0,None,0.0,0,2024-07-01,-0.4999999999999997,-0.8660254037844388,SW_monsoon,1.0,1,Other,0.0,0,None,0.0,0,None
Head Office-Flying Squad|Unknown,2024,8,Head Office-Flying Squad,Unknown,0.0,0.0,0.0,0.0,0.0,0.0,0.0,0.0,0.0,0.0,0.0,0.0,0.0,0.0,0.0,0.0,None,0.0,0,2024-08-01,-0.8660254037844384,-0.5000000000000004,SW_monsoon,0.0,0,None,1.0,1,Other,0.0,0,None
Head Office-Flying Squad|Unknown,2024,9,Head Office-Flying Squad,Unknown,0.0,0.0,0.0,0.0,0.0,0.0,0.0,0.0,0.0,0.0,0.0,0.0,0.0,0.0,0.0,0.0,None,0.0,0,2024-09-01,-1.0,-1.8369701987210297e-16,SW_monsoon,0.0,0,None,0.0,0,None,1.0,1,Other
Head Office-Flying Squad|Unknown,2024,10,Head Office-Flying Squad,Unknown,0.0,0.0,0.0,0.0,0.0,0.0,0.0,0.0,0.0,0.0,0.0,0.0,0.0,0.0,0.0,0.0,None,0.0,0,2024-10-01,-0.8660254037844386,0.5000000000000001,Inter_OctNov,0.0,0,None,0.0,0,None,0.0,0,None
Head Office-Flying Squad|Unknown,2024,11,Head Office-Flying Squad,Unknown,0.0,0.0,0.0,0.0,0.0,0.0,0.0,0.0,0.0,0.0,0.0,0.0,0.0,1.0,0.0,0.0,Other,1.0,1,2024-11-01,-0.5000000000000004,0.8660254037844384,Inter_OctNov,0.0,0,None,0.0,0,None,0.0,0,None
Head Office-Flying Squad|Unknown,2024,12,Head Office-Flying Squad,Unknown,0.0,0.0,0.0,0.0,0.0,0.0,0.0,0.0,0.0,0.0,0.0,0.0,0.0,0.0,0.0,0.0,None,0.0,0,2024-12-01,-2.4492935982947064e-16,1.0,NE_monsoon,1.0,1,Other,0.0,0,None,0.0,0,None
Kilinochchi|AD Office,2022,1,Kilinochchi,AD Office,0.0,0.0,0.0,0.0,0.0,0.0,0.0,0.0,0.0,0.0,0.0,0.0,0.0,0.0,0.0,0.0,None,0.0,0,2022-01-01,0.49999999999999994,0.8660254037844387,NE_monsoon,0.0,0,None,0.0,0,None,0.0,0,None
Kilinochchi|AD Office,2022,2,Kilinochchi,AD Office,0.0,0.0,0.0,0.0,0.0,0.0,0.0,0.0,0.0,0.0,0.0,0.0,0.0,0.0,0.0,0.0,None,0.0,0,2022-02-01,0.8660254037844386,0.5000000000000001,NE_monsoon,0.0,0,None,0.0,0,None,0.0,0,None
Kilinochchi|AD Office,2022,3,Kilinochchi,AD Office,0.0,0.0,0.0,0.0,0.0,0.0,0.0,0.0,0.0,0.0,0.0,0.0,0.0,0.0,0.0,0.0,None,0.0,0,2022-03-01,1.0,6.123233995736766e-17,Inter_MarApr,0.0,0,None,0.0,0,None,0.0,0,None
Kilinochchi|AD Office,2022,4,Kilinochchi,AD Office,0.0,0.0,0.0,0.0,0.0,0.0,0.0,0.0,0.0,0.0,0.0,0.0,0.0,0.0,0.0,0.0,None,0.0,0,2022-04-01,0.8660254037844387,-0.4999999999999998,Inter_MarApr,0.0,0,None,0.0,0,None,0.0,0,None
Kilinochchi|AD Office,2022,5,Kilinochchi,AD Office,0.0,0.0,0.0,0.0,0.0,0.0,0.0,0.0,0.0,0.0,0.0,0.0,0.0,0.0,0.0,0.0,None,0.0,0,2022-05-01,0.49999999999999994,-0.8660254037844387,SW_monsoon,0.0,0,None,0.0,0,None,0.0,0,None
Kilinochchi|AD Office,2022,6,Kilinochchi,AD Office,0.0,0.0,0.0,0.0,0.0,0.0,0.0,0.0,0.0,0.0,0.0,0.0,0.0,0.0,0.0,0.0,None,0.0,0,2022-06-01,1.2246467991473532e-16,-1.0,SW_monsoon,0.0,0,None,0.0,0,None,0.0,0,None
Kilinochchi|AD Office,2022,7,Kilinochchi,AD Office,0.0,0.0,0.0,0.0,0.0,0.0,0.0,0.0,0.0,0.0,0.0,0.0,0.0,0.0,0.0,0.0,None,0.0,0,2022-07-01,-0.4999999999999997,-0.8660254037844388,SW_monsoon,0.0,0,None,0.0,0,None,0.0,0,None
Kilinochchi|AD Office,2022,8,Kilinochchi,AD Office,0.0,0.0,0.0,0.0,0.0,0.0,0.0,0.0,0.0,0.0,0.0,0.0,0.0,0.0,0.0,0.0,None,0.0,0,2022-08-01,-0.8660254037844384,-0.5000000000000004,SW_monsoon,0.0,0,None,0.0,0,None,0.0,0,None
Kilinochchi|AD Office,2022,9,Kilinochchi,AD Office,0.0,0.0,0.0,0.0,0.0,0.0,0.0,0.0,0.0,0.0,0.0,0.0,0.0,0.0,0.0,0.0,None,0.0,0,2022-09-01,-1.0,-1.8369701987210297e-16,SW_monsoon,0.0,0,None,0.0,0,None,0.0,0,None
Kilinochchi|AD Office,2022,10,Kilinochchi,AD Office,0.0,0.0,0.0,0.0,0.0,0.0,0.0,0.0,0.0,0.0,0.0,0.0,0.0,0.0,0.0,0.0,None,0.0,0,2022-10-01,-0.8660254037844386,0.5000000000000001,Inter_OctNov,0.0,0,None,0.0,0,None,0.0,0,None
Kilinochchi|AD Office,2022,11,Kilinochchi,AD Office,0.0,0.0,0.0,0.0,0.0,0.0,0.0,0.0,0.0,0.0,0.0,0.0,0.0,0.0,0.0,0.0,None,0.0,0,2022-11-01,-0.5000000000000004,0.8660254037844384,Inter_OctNov,0.0,0,None,0.0,0,None,0.0,0,None
Kilinochchi|AD Office,2022,12,Kilinochchi,AD Office,0.0,0.0,0.0,0.0,0.0,0.0,0.0,0.0,0.0,0.0,0.0,0.0,0.0,0.0,0.0,0.0,None,0.0,0,2022-12-01,-2.4492935982947064e-16,1.0,NE_monsoon,0.0,0,None,0.0,0,None,0.0,0,None
Kilinochchi|AD Office,2023,1,Kilinochchi,AD Office,0.0,0.0,0.0,0.0,0.0,0.0,0.0,0.0,0.0,0.0,0.0,0.0,0.0,0.0,0.0,0.0,None,0.0,0,2023-01-01,0.49999999999999994,0.8660254037844387,NE_monsoon,0.0,0,None,0.0,0,None,0.0,0,None
Kilinochchi|AD Office,2023,2,Kilinochchi,AD Office,0.0,0.0,0.0,0.0,0.0,0.0,0.0,0.0,0.0,0.0,0.0,0.0,0.0,0.0,0.0,0.0,None,0.0,0,2023-02-01,0.8660254037844386,0.5000000000000001,NE_monsoon,0.0,0,None,0.0,0,None,0.0,0,None
Kilinochchi|AD Office,2023,3,Kilinochchi,AD Office,0.0,0.0,0.0,0.0,0.0,0.0,0.0,0.0,0.0,0.0,0.0,0.0,0.0,0.0,0.0,0.0,None,0.0,0,2023-03-01,1.0,6.123233995736766e-17,Inter_MarApr,0.0,0,None,0.0,0,None,0.0,0,None
Kilinochchi|AD Office,2023,4,Kilinochchi,AD Office,0.0,0.0,0.0,0.0,0.0,0.0,0.0,0.0,0.0,0.0,0.0,0.0,0.0,0.0,0.0,0.0,None,0.0,0,2023-04-01,0.8660254037844387,-0.4999999999999998,Inter_MarApr,0.0,0,None,0.0,0,None,0.0,0,None
Kilinochchi|AD Office,2023,5,Kilinochchi,AD Office,0.0,0.0,0.0,0.0,0.0,0.0,0.0,0.0,0.0,0.0,0.0,0.0,0.0,0.0,0.0,0.0,None,0.0,0,2023-05-01,0.49999999999999994,-0.8660254037844387,SW_monsoon,0.0,0,None,0.0,0,None,0.0,0,None
Kilinochchi|AD Office,2023,6,Kilinochchi,AD Office,12.0,0.0,0.0,0.0,0.0,0.0,0.0,5.0,0.0,0.0,0.0,0.0,0.0,0.0,0.0,0.0,Animal Death/Injury,17.0,1,2023-06-01,1.2246467991473532e-16,-1.0,SW_monsoon,0.0,0,None,0.0,0,None,0.0,0,None
Kilinochchi|AD Office,2023,7,Kilinochchi,AD Office,0.0,0.0,0.0,0.0,0.0,0.0,0.0,0.0,0.0,0.0,0.0,0.0,0.0,0.0,0.0,0.0,None,0.0,0,2023-07-01,-0.4999999999999997,-0.8660254037844388,SW_monsoon,17.0,1,Animal Death/Injury,0.0,0,None,0.0,0,None
Kilinochchi|AD Office,2023,8,Kilinochchi,AD Office,0.0,0.0,0.0,0.0,0.0,0.0,0.0,0.0,0.0,0.0,0.0,0.0,0.0,0.0,0.0,0.0,None,0.0,0,2023-08-01,-0.8660254037844384,-0.5000000000000004,SW_monsoon,0.0,0,None,17.0,1,Animal Death/Injury,0.0,0,None
Kilinochchi|AD Office,2023,9,Kilinochchi,AD Office,0.0,0.0,0.0,0.0,0.0,0.0,0.0,1.0,2.0,0.0,0.0,0.0,0.0,0.0,0.0,0.0,Illegal Entry,3.0,1,2023-09-01,-1.0,-1.8369701987210297e-16,SW_monsoon,0.0,0,None,0.0,0,None,17.0,1,Animal Death/Injury
Kilinochchi|AD Office,2023,10,Kilinochchi,AD Office,0.0,0.0,0.0,0.0,0.0,0.0,0.0,0.0,0.0,0.0,0.0,0.0,0.0,0.0,0.0,0.0,None,0.0,0,2023-10-01,-0.8660254037844386,0.5000000000000001,Inter_OctNov,3.0,1,Illegal Entry,0.0,0,None,0.0,0,None
Kilinochchi|AD Office,2023,11,Kilinochchi,AD Office,0.0,0.0,0.0,0.0,0.0,0.0,0.0,0.0,0.0,0.0,0.0,0.0,0.0,0.0,0.0,0.0,None,0.0,0,2023-11-01,-0.5000000000000004,0.8660254037844384,Inter_OctNov,0.0,0,None,3.0,1,Illegal Entry,0.0,0,None
Kilinochchi|AD Office,2023,12,Kilinochchi,AD Office,0.0,0.0,0.0,0.0,0.0,0.0,0.0,0.0,0.0,0.0,0.0,0.0,0.0,0.0,0.0,0.0,None,0.0,0,2023-12-01,-2.4492935982947064e-16,1.0,NE_monsoon,0.0,0,None,0.0,0,None,3.0,1,Illegal Entry
Kilinochchi|AD Office,2024,1,Kilinochchi,AD Office,0.0,0.0,0.0,0.0,0.0,0.0,0.0,0.0,0.0,0.0,0.0,0.0,0.0,0.0,0.0,0.0,None,0.0,0,2024-01-01,0.49999999999999994,0.8660254037844387,NE_monsoon,0.0,0,None,0.0,0,None,0.0,0,None
Kilinochchi|AD Office,2024,2,Kilinochchi,AD Office,0.0,0.0,0.0,0.0,0.0,0.0,0.0,0.0,0.0,0.0,0.0,0.0,0.0,0.0,0.0,0.0,None,0.0,0,2024-02-01,0.8660254037844386,0.5000000000000001,NE_monsoon,0.0,0,None,0.0,0,None,0.0,0,None
Kilinochchi|AD Office,2024,3,Kilinochchi,AD Office,0.0,0.0,0.0,0.0,0.0,0.0,0.0,0.0,0.0,0.0,0.0,0.0,0.0,0.0,0.0,0.0,None,0.0,0,2024-03-01,1.0,6.123233995736766e-17,Inter_MarApr,0.0,0,None,0.0,0,None,0.0,0,None
Kilinochchi|AD Office,2024,4,Kilinochchi,AD Office,0.0,0.0,0.0,0.0,0.0,0.0,0.0,0.0,0.0,0.0,0.0,0.0,0.0,0.0,0.0,0.0,None,0.0,0,2024-04-01,0.8660254037844387,-0.4999999999999998,Inter_MarApr,0.0,0,None,0.0,0,None,0.0,0,None
Kilinochchi|AD Office,2024,5,Kilinochchi,AD Office,0.0,0.0,0.0,0.0,0.0,0.0,0.0,0.0,0.0,0.0,0.0,0.0,0.0,0.0,0.0,0.0,None,0.0,0,2024-05-01,0.49999999999999994,-0.8660254037844387,SW_monsoon,0.0,0,None,0.0,0,None,0.0,0,None
Kilinochchi|AD Office,2024,6,Kilinochchi,AD Office,0.0,0.0,0.0,0.0,0.0,0.0,0.0,0.0,0.0,0.0,0.0,0.0,0.0,0.0,0.0,0.0,None,0.0,0,2024-06-01,1.2246467991473532e-16,-1.0,SW_monsoon,0.0,0,None,0.0,0,None,0.0,0,None
Kilinochchi|AD Office,2024,7,Kilinochchi,AD Office,0.0,0.0,0.0,0.0,0.0,0.0,0.0,0.0,0.0,0.0,0.0,0.0,0.0,0.0,0.0,0.0,None,0.0,0,2024-07-01,-0.4999999999999997,-0.8660254037844388,SW_monsoon,0.0,0,None,0.0,0,None,0.0,0,None
Kilinochchi|AD Office,2024,8,Kilinochchi,AD Office,0.0,0.0,0.0,0.0,0.0,0.0,0.0,0.0,0.0,0.0,0.0,0.0,0.0,0.0,0.0,0.0,None,0.0,0,2024-08-01,-0.8660254037844384,-0.5000000000000004,SW_monsoon,0.0,0,None,0.0,0,None,0.0,0,None
Kilinochchi|AD Office,2024,9,Kilinochchi,AD Office,0.0,0.0,0.0,0.0,0.0,0.0,0.0,0.0,0.0,0.0,0.0,0.0,0.0,0.0,0.0,0.0,None,0.0,0,2024-09-01,-1.0,-1.8369701987210297e-16,SW_monsoon,0.0,0,None,0.0,0,None,0.0,0,None
Kilinochchi|AD Office,2024,10,Kilinochchi,AD Office,0.0,0.0,0.0,0.0,0.0,0.0,0.0,0.0,0.0,0.0,0.0,0.0,0.0,0.0,0.0,0.0,None,0.0,0,2024-10-01,-0.8660254037844386,0.5000000000000001,Inter_OctNov,0.0,0,None,0.0,0,None,0.0,0,None
Kilinochchi|AD Office,2024,11,Kilinochchi,AD Office,0.0,0.0,0.0,0.0,0.0,0.0,0.0,0.0,0.0,0.0,0.0,0.0,0.0,0.0,0.0,0.0,None,0.0,0,2024-11-01,-0.5000000000000004,0.8660254037844384,Inter_OctNov,0.0,0,None,0.0,0,None,0.0,0,None
Kilinochchi|AD Office,2024,12,Kilinochchi,AD Office,0.0,0.0,0.0,0.0,0.0,0.0,0.0,0.0,0.0,0.0,0.0,0.0,0.0,0.0,0.0,0.0,None,0.0,0,2024-12-01,-2.4492935982947064e-16,1.0,NE_monsoon,0.0,0,None,0.0,0,None,0.0,0,None
Kilinochchi|Chundikulam Range,2022,1,Kilinochchi,Chundikulam Range,0.0,0.0,0.0,0.0,0.0,0.0,0.0,0.0,0.0,0.0,0.0,0.0,0.0,0.0,0.0,0.0,None,0.0,0,2022-01-01,0.49999999999999994,0.8660254037844387,NE_monsoon,0.0,0,None,0.0,0,None,0.0,0,None
Kilinochchi|Chundikulam Range,2022,2,Kilinochchi,Chundikulam Range,0.0,0.0,0.0,0.0,0.0,0.0,0.0,0.0,0.0,0.0,0.0,0.0,0.0,0.0,0.0,0.0,None,0.0,0,2022-02-01,0.8660254037844386,0.5000000000000001,NE_monsoon,0.0,0,None,0.0,0,None,0.0,0,None
Kilinochchi|Chundikulam Range,2022,3,Kilinochchi,Chundikulam Range,0.0,0.0,0.0,0.0,0.0,0.0,0.0,0.0,0.0,0.0,0.0,0.0,0.0,0.0,0.0,0.0,None,0.0,0,2022-03-01,1.0,6.123233995736766e-17,Inter_MarApr,0.0,0,None,0.0,0,None,0.0,0,None
Kilinochchi|Chundikulam Range,2022,4,Kilinochchi,Chundikulam Range,0.0,0.0,0.0,0.0,0.0,0.0,0.0,0.0,0.0,0.0,0.0,0.0,0.0,0.0,0.0,0.0,None,0.0,0,2022-04-01,0.8660254037844387,-0.4999999999999998,Inter_MarApr,0.0,0,None,0.0,0,None,0.0,0,None
Kilinochchi|Chundikulam Range,2022,5,Kilinochchi,Chundikulam Range,0.0,0.0,0.0,0.0,0.0,0.0,0.0,0.0,0.0,0.0,0.0,0.0,0.0,0.0,0.0,0.0,None,0.0,0,2022-05-01,0.49999999999999994,-0.8660254037844387,SW_monsoon,0.0,0,None,0.0,0,None,0.0,0,None
Kilinochchi|Chundikulam Range,2022,6,Kilinochchi,Chundikulam Range,0.0,0.0,0.0,0.0,0.0,0.0,0.0,0.0,0.0,0.0,0.0,0.0,0.0,0.0,0.0,0.0,None,0.0,0,2022-06-01,1.2246467991473532e-16,-1.0,SW_monsoon,0.0,0,None,0.0,0,None,0.0,0,None
Kilinochchi|Chundikulam Range,2022,7,Kilinochchi,Chundikulam Range,0.0,0.0,0.0,0.0,0.0,0.0,0.0,0.0,0.0,0.0,0.0,0.0,0.0,0.0,0.0,0.0,None,0.0,0,2022-07-01,-0.4999999999999997,-0.8660254037844388,SW_monsoon,0.0,0,None,0.0,0,None,0.0,0,None
Kilinochchi|Chundikulam Range,2022,8,Kilinochchi,Chundikulam Range,0.0,0.0,0.0,0.0,0.0,0.0,0.0,0.0,0.0,0.0,0.0,0.0,0.0,0.0,0.0,0.0,None,0.0,0,2022-08-01,-0.8660254037844384,-0.5000000000000004,SW_monsoon,0.0,0,None,0.0,0,None,0.0,0,None
Kilinochchi|Chundikulam Range,2022,9,Kilinochchi,Chundikulam Range,0.0,0.0,0.0,0.0,0.0,0.0,0.0,0.0,0.0,0.0,0.0,0.0,0.0,0.0,0.0,0.0,None,0.0,0,2022-09-01,-1.0,-1.8369701987210297e-16,SW_monsoon,0.0,0,None,0.0,0,None,0.0,0,None
Kilinochchi|Chundikulam Range,2022,10,Kilinochchi,Chundikulam Range,0.0,0.0,0.0,0.0,0.0,0.0,0.0,0.0,0.0,0.0,0.0,0.0,0.0,0.0,0.0,0.0,None,0.0,0,2022-10-01,-0.8660254037844386,0.5000000000000001,Inter_OctNov,0.0,0,None,0.0,0,None,0.0,0,None
Kilinochchi|Chundikulam Range,2022,11,Kilinochchi,Chundikulam Range,0.0,0.0,0.0,0.0,0.0,0.0,0.0,0.0,0.0,0.0,0.0,0.0,0.0,0.0,0.0,0.0,None,0.0,0,2022-11-01,-0.5000000000000004,0.8660254037844384,Inter_OctNov,0.0,0,None,0.0,0,None,0.0,0,None
Kilinochchi|Chundikulam Range,2022,12,Kilinochchi,Chundikulam Range,0.0,0.0,0.0,0.0,0.0,0.0,0.0,0.0,0.0,0.0,0.0,0.0,0.0,0.0,0.0,0.0,None,0.0,0,2022-12-01,-2.4492935982947064e-16,1.0,NE_monsoon,0.0,0,None,0.0,0,None,0.0,0,None
Kilinochchi|Chundikulam Range,2023,1,Kilinochchi,Chundikulam Range,0.0,0.0,0.0,0.0,0.0,0.0,0.0,0.0,0.0,0.0,0.0,0.0,0.0,0.0,0.0,0.0,None,0.0,0,2023-01-01,0.49999999999999994,0.8660254037844387,NE_monsoon,0.0,0,None,0.0,0,None,0.0,0,None
Kilinochchi|Chundikulam Range,2023,2,Kilinochchi,Chundikulam Range,0.0,0.0,0.0,0.0,0.0,0.0,0.0,0.0,0.0,0.0,0.0,0.0,0.0,0.0,0.0,0.0,None,0.0,0,2023-02-01,0.8660254037844386,0.5000000000000001,NE_monsoon,0.0,0,None,0.0,0,None,0.0,0,None
Kilinochchi|Chundikulam Range,2023,3,Kilinochchi,Chundikulam Range,0.0,0.0,0.0,0.0,0.0,0.0,0.0,0.0,0.0,0.0,0.0,0.0,0.0,0.0,0.0,0.0,None,0.0,0,2023-03-01,1.0,6.123233995736766e-17,Inter_MarApr,0.0,0,None,0.0,0,None,0.0,0,None
Kilinochchi|Chundikulam Range,2023,4,Kilinochchi,Chundikulam Range,0.0,0.0,0.0,0.0,0.0,0.0,0.0,0.0,0.0,0.0,0.0,0.0,0.0,0.0,0.0,0.0,None,0.0,0,2023-04-01,0.8660254037844387,-0.4999999999999998,Inter_MarApr,0.0,0,None,0.0,0,None,0.0,0,None
Kilinochchi|Chundikulam Range,2023,5,Kilinochchi,Chundikulam Range,0.0,0.0,0.0,0.0,0.0,0.0,0.0,0.0,0.0,0.0,0.0,0.0,0.0,0.0,0.0,0.0,None,0.0,0,2023-05-01,0.49999999999999994,-0.8660254037844387,SW_monsoon,0.0,0,None,0.0,0,None,0.0,0,None
Kilinochchi|Chundikulam Range,2023,6,Kilinochchi,Chundikulam Range,0.0,0.0,0.0,0.0,0.0,0.0,0.0,0.0,0.0,0.0,0.0,0.0,0.0,0.0,0.0,0.0,None,0.0,0,2023-06-01,1.2246467991473532e-16,-1.0,SW_monsoon,0.0,0,None,0.0,0,None,0.0,0,None
Kilinochchi|Chundikulam Range,2023,7,Kilinochchi,Chundikulam Range,0.0,0.0,0.0,0.0,0.0,0.0,0.0,0.0,0.0,0.0,0.0,0.0,0.0,0.0,0.0,0.0,None,0.0,0,2023-07-01,-0.4999999999999997,-0.8660254037844388,SW_monsoon,0.0,0,None,0.0,0,None,0.0,0,None
Kilinochchi|Chundikulam Range,2023,8,Kilinochchi,Chundikulam Range,0.0,0.0,0.0,0.0,0.0,0.0,0.0,0.0,0.0,0.0,0.0,0.0,0.0,0.0,0.0,0.0,None,0.0,0,2023-08-01,-0.8660254037844384,-0.5000000000000004,SW_monsoon,0.0,0,None,0.0,0,None,0.0,0,None
Kilinochchi|Chundikulam Range,2023,9,Kilinochchi,Chundikulam Range,0.0,0.0,0.0,0.0,0.0,0.0,0.0,0.0,0.0,0.0,0.0,0.0,0.0,0.0,0.0,0.0,None,0.0,0,2023-09-01,-1.0,-1.8369701987210297e-16,SW_monsoon,0.0,0,None,0.0,0,None,0.0,0,None
Kilinochchi|Chundikulam Range,2023,10,Kilinochchi,Chundikulam Range,0.0,0.0,0.0,0.0,0.0,0.0,0.0,0.0,0.0,0.0,0.0,0.0,0.0,0.0,0.0,0.0,None,0.0,0,2023-10-01,-0.8660254037844386,0.5000000000000001,Inter_OctNov,0.0,0,None,0.0,0,None,0.0,0,None
Kilinochchi|Chundikulam Range,2023,11,Kilinochchi,Chundikulam Range,0.0,0.0,0.0,0.0,0.0,0.0,0.0,0.0,0.0,0.0,0.0,0.0,0.0,0.0,0.0,0.0,None,0.0,0,2023-11-01,-0.5000000000000004,0.8660254037844384,Inter_OctNov,0.0,0,None,0.0,0,None,0.0,0,None
Kilinochchi|Chundikulam Range,2023,12,Kilinochchi,Chundikulam Range,0.0,0.0,0.0,0.0,0.0,0.0,0.0,0.0,0.0,0.0,0.0,0.0,0.0,0.0,0.0,0.0,None,0.0,0,2023-12-01,-2.4492935982947064e-16,1.0,NE_monsoon,0.0,0,None,0.0,0,None,0.0,0,None
Kilinochchi|Chundikulam Range,2024,1,Kilinochchi,Chundikulam Range,0.0,0.0,0.0,0.0,0.0,0.0,0.0,0.0,0.0,0.0,0.0,0.0,0.0,0.0,0.0,0.0,None,0.0,0,2024-01-01,0.49999999999999994,0.8660254037844387,NE_monsoon,0.0,0,None,0.0,0,None,0.0,0,None
Kilinochchi|Chundikulam Range,2024,2,Kilinochchi,Chundikulam Range,0.0,0.0,0.0,0.0,0.0,0.0,0.0,0.0,0.0,0.0,0.0,0.0,0.0,0.0,0.0,0.0,None,0.0,0,2024-02-01,0.8660254037844386,0.5000000000000001,NE_monsoon,0.0,0,None,0.0,0,None,0.0,0,None
Kilinochchi|Chundikulam Range,2024,3,Kilinochchi,Chundikulam Range,0.0,0.0,0.0,0.0,0.0,0.0,0.0,0.0,0.0,0.0,0.0,0.0,0.0,0.0,0.0,0.0,None,0.0,0,2024-03-01,1.0,6.123233995736766e-17,Inter_MarApr,0.0,0,None,0.0,0,None,0.0,0,None
Kilinochchi|Chundikulam Range,2024,4,Kilinochchi,Chundikulam Range,0.0,0.0,0.0,0.0,0.0,0.0,0.0,0.0,0.0,0.0,0.0,0.0,0.0,0.0,0.0,0.0,None,0.0,0,2024-04-01,0.8660254037844387,-0.4999999999999998,Inter_MarApr,0.0,0,None,0.0,0,None,0.0,0,None
Kilinochchi|Chundikulam Range,2024,5,Kilinochchi,Chundikulam Range,0.0,0.0,0.0,0.0,0.0,0.0,0.0,0.0,0.0,0.0,0.0,0.0,0.0,0.0,0.0,0.0,None,0.0,0,2024-05-01,0.49999999999999994,-0.8660254037844387,SW_monsoon,0.0,0,None,0.0,0,None,0.0,0,None
Kilinochchi|Chundikulam Range,2024,6,Kilinochchi,Chundikulam Range,0.0,0.0,0.0,0.0,0.0,0.0,0.0,0.0,0.0,0.0,0.0,1.0,0.0,0.0,0.0,0.0,Meat/Egg Trade,1.0,1,2024-06-01,1.2246467991473532e-16,-1.0,SW_monsoon,0.0,0,None,0.0,0,None,0.0,0,None
Kilinochchi|Chundikulam Range,2024,7,Kilinochchi,Chundikulam Range,0.0,0.0,0.0,0.0,0.0,0.0,0.0,0.0,0.0,0.0,0.0,0.0,0.0,0.0,0.0,0.0,None,0.0,0,2024-07-01,-0.4999999999999997,-0.8660254037844388,SW_monsoon,1.0,1,Meat/Egg Trade,0.0,0,None,0.0,0,None
Kilinochchi|Chundikulam Range,2024,8,Kilinochchi,Chundikulam Range,0.0,0.0,0.0,0.0,0.0,0.0,0.0,0.0,0.0,0.0,0.0,0.0,0.0,0.0,0.0,0.0,None,0.0,0,2024-08-01,-0.8660254037844384,-0.5000000000000004,SW_monsoon,0.0,0,None,1.0,1,Meat/Egg Trade,0.0,0,None
Kilinochchi|Chundikulam Range,2024,9,Kilinochchi,Chundikulam Range,0.0,0.0,0.0,0.0,0.0,0.0,0.0,0.0,0.0,0.0,0.0,0.0,0.0,0.0,0.0,0.0,None,0.0,0,2024-09-01,-1.0,-1.8369701987210297e-16,SW_monsoon,0.0,0,None,0.0,0,None,1.0,1,Meat/Egg Trade
Kilinochchi|Chundikulam Range,2024,10,Kilinochchi,Chundikulam Range,0.0,0.0,0.0,0.0,0.0,0.0,0.0,0.0,0.0,0.0,0.0,0.0,0.0,0.0,0.0,0.0,None,0.0,0,2024-10-01,-0.8660254037844386,0.5000000000000001,Inter_OctNov,0.0,0,None,0.0,0,None,0.0,0,None
Kilinochchi|Chundikulam Range,2024,11,Kilinochchi,Chundikulam Range,0.0,0.0,0.0,0.0,0.0,0.0,0.0,0.0,0.0,0.0,0.0,0.0,0.0,0.0,0.0,0.0,None,0.0,0,2024-11-01,-0.5000000000000004,0.8660254037844384,Inter_OctNov,0.0,0,None,0.0,0,None,0.0,0,None
Kilinochchi|Chundikulam Range,2024,12,Kilinochchi,Chundikulam Range,0.0,0.0,0.0,0.0,0.0,0.0,0.0,0.0,0.0,0.0,0.0,0.0,0.0,0.0,0.0,0.0,None,0.0,0,2024-12-01,-2.4492935982947064e-16,1.0,NE_monsoon,0.0,0,None,0.0,0,None,0.0,0,None
Kilinochchi|Kilinochchi Range,2022,1,Kilinochchi,Kilinochchi Range,0.0,0.0,0.0,0.0,0.0,0.0,0.0,0.0,0.0,0.0,0.0,0.0,0.0,0.0,2.0,0.0,Tusk Theft,2.0,1,2022-01-01,0.49999999999999994,0.8660254037844387,NE_monsoon,0.0,0,None,0.0,0,None,0.0,0,None
Kilinochchi|Kilinochchi Range,2022,2,Kilinochchi,Kilinochchi Range,0.0,0.0,0.0,0.0,0.0,0.0,0.0,0.0,0.0,0.0,0.0,0.0,0.0,0.0,0.0,0.0,None,0.0,0,2022-02-01,0.8660254037844386,0.5000000000000001,NE_monsoon,2.0,1,Tusk Theft,0.0,0,None,0.0,0,None
Kilinochchi|Kilinochchi Range,2022,3,Kilinochchi,Kilinochchi Range,0.0,0.0,0.0,0.0,0.0,0.0,0.0,0.0,0.0,0.0,0.0,0.0,0.0,0.0,0.0,0.0,None,0.0,0,2022-03-01,1.0,6.123233995736766e-17,Inter_MarApr,0.0,0,None,2.0,1,Tusk Theft,0.0,0,None
Kilinochchi|Kilinochchi Range,2022,4,Kilinochchi,Kilinochchi Range,0.0,0.0,0.0,0.0,0.0,0.0,0.0,0.0,0.0,0.0,0.0,0.0,0.0,0.0,0.0,0.0,None,0.0,0,2022-04-01,0.8660254037844387,-0.4999999999999998,Inter_MarApr,0.0,0,None,0.0,0,None,2.0,1,Tusk Theft
Kilinochchi|Kilinochchi Range,2022,5,Kilinochchi,Kilinochchi Range,0.0,0.0,0.0,0.0,0.0,0.0,0.0,0.0,0.0,0.0,0.0,0.0,0.0,0.0,0.0,0.0,None,0.0,0,2022-05-01,0.49999999999999994,-0.8660254037844387,SW_monsoon,0.0,0,None,0.0,0,None,0.0,0,None
Kilinochchi|Kilinochchi Range,2022,6,Kilinochchi,Kilinochchi Range,0.0,0.0,0.0,0.0,0.0,0.0,0.0,0.0,0.0,0.0,9.0,0.0,7.0,6.0,0.0,0.0,Illegal Logging,22.0,1,2022-06-01,1.2246467991473532e-16,-1.0,SW_monsoon,0.0,0,None,0.0,0,None,0.0,0,None
Kilinochchi|Kilinochchi Range,2022,7,Kilinochchi,Kilinochchi Range,0.0,0.0,0.0,0.0,0.0,0.0,0.0,0.0,0.0,0.0,0.0,1.0,0.0,0.0,0.0,0.0,Meat/Egg Trade,1.0,1,2022-07-01,-0.4999999999999997,-0.8660254037844388,SW_monsoon,22.0,1,Illegal Logging,0.0,0,None,0.0,0,None
Kilinochchi|Kilinochchi Range,2022,8,Kilinochchi,Kilinochchi Range,0.0,0.0,0.0,0.0,0.0,0.0,0.0,0.0,0.0,0.0,0.0,0.0,0.0,0.0,0.0,0.0,None,0.0,0,2022-08-01,-0.8660254037844384,-0.5000000000000004,SW_monsoon,1.0,1,Meat/Egg Trade,22.0,1,Illegal Logging,0.0,0,None
Kilinochchi|Kilinochchi Range,2022,9,Kilinochchi,Kilinochchi Range,0.0,0.0,0.0,0.0,0.0,0.0,0.0,0.0,0.0,0.0,0.0,4.0,5.0,0.0,4.0,2.0,Mining,15.0,1,2022-09-01,-1.0,-1.8369701987210297e-16,SW_monsoon,0.0,0,None,1.0,1,Meat/Egg Trade,22.0,1,Illegal Logging
Kilinochchi|Kilinochchi Range,2022,10,Kilinochchi,Kilinochchi Range,0.0,0.0,0.0,0.0,0.0,0.0,0.0,0.0,0.0,0.0,0.0,0.0,0.0,0.0,0.0,0.0,None,0.0,0,2022-10-01,-0.8660254037844386,0.5000000000000001,Inter_OctNov,15.0,1,Mining,0.0,0,None,1.0,1,Meat/Egg Trade
Kilinochchi|Kilinochchi Range,2022,11,Kilinochchi,Kilinochchi Range,0.0,12.0,0.0,0.0,0.0,0.0,0.0,0.0,5.0,0.0,0.0,11.0,0.0,0.0,0.0,39.0,Weapons/Traps,67.0,1,2022-11-01,-0.5000000000000004,0.8660254037844384,Inter_OctNov,0.0,0,None,15.0,1,Mining,0.0,0,None
Kilinochchi|Kilinochchi Range,2022,12,Kilinochchi,Kilinochchi Range,0.0,8.0,0.0,0.0,0.0,0.0,0.0,0.0,0.0,0.0,0.0,3.0,0.0,4.0,0.0,21.0,Weapons/Traps,36.0,1,2022-12-01,-2.4492935982947064e-16,1.0,NE_monsoon,67.0,1,Weapons/Traps,0.0,0,None,15.0,1,Mining
Kilinochchi|Kilinochchi Range,2023,1,Kilinochchi,Kilinochchi Range,0.0,0.0,0.0,0.0,0.0,0.0,0.0,0.0,0.0,0.0,0.0,0.0,0.0,0.0,0.0,0.0,None,0.0,0,2023-01-01,0.49999999999999994,0.8660254037844387,NE_monsoon,36.0,1,Weapons/Traps,67.0,1,Weapons/Traps,0.0,0,None
Kilinochchi|Kilinochchi Range,2023,2,Kilinochchi,Kilinochchi Range,0.0,0.0,0.0,0.0,0.0,0.0,0.0,0.0,4.0,0.0,0.0,6.0,0.0,0.0,5.0,0.0,Meat/Egg Trade,15.0,1,2023-02-01,0.8660254037844386,0.5000000000000001,NE_monsoon,0.0,0,None,36.0,1,Weapons/Traps,67.0,1,Weapons/Traps
Kilinochchi|Kilinochchi Range,2023,3,Kilinochchi,Kilinochchi Range,0.0,0.0,0.0,0.0,0.0,0.0,0.0,0.0,0.0,0.0,0.0,5.0,1.0,4.0,0.0,5.0,Meat/Egg Trade,15.0,1,2023-03-01,1.0,6.123233995736766e-17,Inter_MarApr,15.0,1,Meat/Egg Trade,0.0,0,None,36.0,1,Weapons/Traps
Kilinochchi|Kilinochchi Range,2023,4,Kilinochchi,Kilinochchi Range,0.0,2.0,0.0,0.0,0.0,0.0,0.0,0.0,3.0,0.0,0.0,1.0,0.0,0.0,0.0,0.0,Illegal Entry,6.0,1,2023-04-01,0.8660254037844387,-0.4999999999999998,Inter_MarApr,15.0,1,Meat/Egg Trade,15.0,1,Meat/Egg Trade,0.0,0,None
Kilinochchi|Kilinochchi Range,2023,5,Kilinochchi,Kilinochchi Range,0.0,0.0,0.0,0.0,0.0,0.0,0.0,0.0,0.0,0.0,0.0,0.0,0.0,0.0,0.0,0.0,None,0.0,0,2023-05-01,0.49999999999999994,-0.8660254037844387,SW_monsoon,6.0,1,Illegal Entry,15.0,1,Meat/Egg Trade,15.0,1,Meat/Egg Trade
Kilinochchi|Kilinochchi Range,2023,6,Kilinochchi,Kilinochchi Range,0.0,0.0,0.0,0.0,0.0,0.0,0.0,0.0,13.0,0.0,0.0,0.0,46.0,15.0,0.0,0.0,Mining,74.0,1,2023-06-01,1.2246467991473532e-16,-1.0,SW_monsoon,0.0,0,None,6.0,1,Illegal Entry,15.0,1,Meat/Egg Trade
Kilinochchi|Kilinochchi Range,2023,7,Kilinochchi,Kilinochchi Range,0.0,0.0,0.0,0.0,0.0,0.0,0.0,0.0,9042.0,0.0,0.0,1.0,2.0,0.0,0.0,0.0,Illegal Entry,9045.0,1,2023-07-01,-0.4999999999999997,-0.8660254037844388,SW_monsoon,74.0,1,Mining,0.0,0,None,6.0,1,Illegal Entry
Kilinochchi|Kilinochchi Range,2023,8,Kilinochchi,Kilinochchi Range,8.0,6.0,0.0,0.0,0.0,0.0,0.0,0.0,4.0,0.0,0.0,0.0,8.0,1.0,0.0,7.0,Animal Death/Injury,34.0,1,2023-08-01,-0.8660254037844384,-0.5000000000000004,SW_monsoon,9045.0,1,Illegal Entry,74.0,1,Mining,0.0,0,None
Kilinochchi|Kilinochchi Range,2023,9,Kilinochchi,Kilinochchi Range,0.0,0.0,0.0,0.0,0.0,0.0,0.0,0.0,0.0,0.0,0.0,0.0,0.0,0.0,0.0,0.0,None,0.0,0,2023-09-01,-1.0,-1.8369701987210297e-16,SW_monsoon,34.0,1,Animal Death/Injury,9045.0,1,Illegal Entry,74.0,1,Mining
Kilinochchi|Kilinochchi Range,2023,10,Kilinochchi,Kilinochchi Range,0.0,0.0,0.0,0.0,0.0,0.0,0.0,0.0,0.0,0.0,0.0,0.0,0.0,0.0,0.0,0.0,None,0.0,0,2023-10-01,-0.8660254037844386,0.5000000000000001,Inter_OctNov,0.0,0,None,34.0,1,Animal Death/Injury,9045.0,1,Illegal Entry
Kilinochchi|Kilinochchi Range,2023,11,Kilinochchi,Kilinochchi Range,0.0,0.0,0.0,0.0,0.0,0.0,0.0,0.0,0.0,0.0,0.0,18.0,0.0,1.0,0.0,0.0,Meat/Egg Trade,19.0,1,2023-11-01,-0.5000000000000004,0.8660254037844384,Inter_OctNov,0.0,0,None,0.0,0,None,34.0,1,Animal Death/Injury
Kilinochchi|Kilinochchi Range,2023,12,Kilinochchi,Kilinochchi Range,0.0,0.0,0.0,0.0,0.0,0.0,0.0,0.0,0.0,0.0,0.0,0.0,0.0,0.0,0.0,0.0,None,0.0,0,2023-12-01,-2.4492935982947064e-16,1.0,NE_monsoon,19.0,1,Meat/Egg Trade,0.0,0,None,0.0,0,None
Kilinochchi|Kilinochchi Range,2024,1,Kilinochchi,Kilinochchi Range,0.0,0.0,0.0,0.0,0.0,0.0,0.0,0.0,0.0,0.0,0.0,0.0,0.0,0.0,0.0,0.0,None,0.0,0,2024-01-01,0.49999999999999994,0.8660254037844387,NE_monsoon,0.0,0,None,19.0,1,Meat/Egg Trade,0.0,0,None
Kilinochchi|Kilinochchi Range,2024,2,Kilinochchi,Kilinochchi Range,0.0,0.0,0.0,0.0,0.0,0.0,0.0,0.0,0.0,0.0,0.0,0.0,0.0,0.0,0.0,0.0,None,0.0,0,2024-02-01,0.8660254037844386,0.5000000000000001,NE_monsoon,0.0,0,None,0.0,0,None,19.0,1,Meat/Egg Trade
Kilinochchi|Kilinochchi Range,2024,3,Kilinochchi,Kilinochchi Range,0.0,0.0,0.0,0.0,0.0,0.0,0.0,0.0,0.0,0.0,0.0,0.0,0.0,0.0,0.0,0.0,None,0.0,0,2024-03-01,1.0,6.123233995736766e-17,Inter_MarApr,0.0,0,None,0.0,0,None,0.0,0,None
Kilinochchi|Kilinochchi Range,2024,4,Kilinochchi,Kilinochchi Range,0.0,0.0,0.0,0.0,0.0,0.0,0.0,0.0,0.0,0.0,0.0,0.0,0.0,0.0,0.0,0.0,None,0.0,0,2024-04-01,0.8660254037844387,-0.4999999999999998,Inter_MarApr,0.0,0,None,0.0,0,None,0.0,0,None
Kilinochchi|Kilinochchi Range,2024,5,Kilinochchi,Kilinochchi Range,0.0,0.0,0.0,0.0,0.0,0.0,0.0,0.0,0.0,0.0,0.0,0.0,0.0,0.0,0.0,0.0,None,0.0,0,2024-05-01,0.49999999999999994,-0.8660254037844387,SW_monsoon,0.0,0,None,0.0,0,None,0.0,0,None
Kilinochchi|Kilinochchi Range,2024,6,Kilinochchi,Kilinochchi Range,0.0,0.0,0.0,0.0,0.0,0.0,0.0,0.0,0.0,0.0,0.0,0.0,0.0,0.0,0.0,0.0,None,0.0,0,2024-06-01,1.2246467991473532e-16,-1.0,SW_monsoon,0.0,0,None,0.0,0,None,0.0,0,None
Kilinochchi|Kilinochchi Range,2024,7,Kilinochchi,Kilinochchi Range,0.0,0.0,0.0,0.0,0.0,0.0,0.0,0.0,0.0,0.0,0.0,0.0,0.0,0.0,0.0,0.0,None,0.0,0,2024-07-01,-0.4999999999999997,-0.8660254037844388,SW_monsoon,0.0,0,None,0.0,0,None,0.0,0,None
Kilinochchi|Kilinochchi Range,2024,8,Kilinochchi,Kilinochchi Range,0.0,0.0,0.0,0.0,0.0,0.0,0.0,0.0,0.0,0.0,0.0,0.0,0.0,0.0,0.0,0.0,None,0.0,0,2024-08-01,-0.8660254037844384,-0.5000000000000004,SW_monsoon,0.0,0,None,0.0,0,None,0.0,0,None
Kilinochchi|Kilinochchi Range,2024,9,Kilinochchi,Kilinochchi Range,0.0,0.0,0.0,0.0,0.0,0.0,0.0,0.0,0.0,0.0,0.0,0.0,0.0,0.0,0.0,0.0,None,0.0,0,2024-09-01,-1.0,-1.8369701987210297e-16,SW_monsoon,0.0,0,None,0.0,0,None,0.0,0,None
Kilinochchi|Kilinochchi Range,2024,10,Kilinochchi,Kilinochchi Range,0.0,0.0,0.0,0.0,0.0,0.0,0.0,0.0,0.0,0.0,0.0,0.0,0.0,0.0,0.0,0.0,None,0.0,0,2024-10-01,-0.8660254037844386,0.5000000000000001,Inter_OctNov,0.0,0,None,0.0,0,None,0.0,0,None
Kilinochchi|Kilinochchi Range,2024,11,Kilinochchi,Kilinochchi Range,0.0,0.0,0.0,0.0,0.0,0.0,0.0,0.0,0.0,0.0,0.0,0.0,0.0,0.0,0.0,0.0,None,0.0,0,2024-11-01,-0.5000000000000004,0.8660254037844384,Inter_OctNov,0.0,0,None,0.0,0,None,0.0,0,None
Kilinochchi|Kilinochchi Range,2024,12,Kilinochchi,Kilinochchi Range,0.0,0.0,0.0,0.0,0.0,0.0,0.0,0.0,0.0,0.0,0.0,0.0,0.0,0.0,0.0,0.0,None,0.0,0,2024-12-01,-2.4492935982947064e-16,1.0,NE_monsoon,0.0,0,None,0.0,0,None,0.0,0,None
Kilinochchi|Mulathivu Range,2022,1,Kilinochchi,Mulathivu Range,0.0,0.0,0.0,0.0,0.0,0.0,0.0,0.0,0.0,0.0,0.0,0.0,0.0,1.0,0.0,0.0,Other,1.0,1,2022-01-01,0.49999999999999994,0.8660254037844387,NE_monsoon,0.0,0,None,0.0,0,None,0.0,0,None
Kilinochchi|Mulathivu Range,2022,2,Kilinochchi,Mulathivu Range,0.0,0.0,0.0,0.0,0.0,0.0,0.0,1.0,0.0,0.0,0.0,0.0,0.0,2.0,0.0,0.0,Hunting/Killing,3.0,1,2022-02-01,0.8660254037844386,0.5000000000000001,NE_monsoon,1.0,1,Other,0.0,0,None,0.0,0,None
Kilinochchi|Mulathivu Range,2022,3,Kilinochchi,Mulathivu Range,0.0,0.0,0.0,0.0,0.0,0.0,0.0,2.0,0.0,0.0,0.0,0.0,0.0,0.0,0.0,0.0,Hunting/Killing,2.0,1,2022-03-01,1.0,6.123233995736766e-17,Inter_MarApr,3.0,1,Hunting/Killing,1.0,1,Other,0.0,0,None
Kilinochchi|Mulathivu Range,2022,4,Kilinochchi,Mulathivu Range,0.0,0.0,0.0,0.0,0.0,0.0,0.0,0.0,0.0,0.0,0.0,0.0,0.0,0.0,0.0,0.0,None,0.0,0,2022-04-01,0.8660254037844387,-0.4999999999999998,Inter_MarApr,2.0,1,Hunting/Killing,3.0,1,Hunting/Killing,1.0,1,Other
Kilinochchi|Mulathivu Range,2022,5,Kilinochchi,Mulathivu Range,0.0,0.0,0.0,0.0,0.0,0.0,0.0,0.0,0.0,0.0,0.0,0.0,0.0,0.0,0.0,0.0,None,0.0,0,2022-05-01,0.49999999999999994,-0.8660254037844387,SW_monsoon,0.0,0,None,2.0,1,Hunting/Killing,3.0,1,Hunting/Killing
Kilinochchi|Mulathivu Range,2022,6,Kilinochchi,Mulathivu Range,0.0,0.0,0.0,0.0,0.0,0.0,0.0,0.0,0.0,0.0,0.0,0.0,0.0,2.0,0.0,0.0,Other,2.0,1,2022-06-01,1.2246467991473532e-16,-1.0,SW_monsoon,0.0,0,None,0.0,0,None,2.0,1,Hunting/Killing
Kilinochchi|Mulathivu Range,2022,7,Kilinochchi,Mulathivu Range,0.0,0.0,0.0,0.0,0.0,0.0,0.0,0.0,0.0,0.0,0.0,0.0,0.0,0.0,0.0,0.0,None,0.0,0,2022-07-01,-0.4999999999999997,-0.8660254037844388,SW_monsoon,2.0,1,Other,0.0,0,None,0.0,0,None
Kilinochchi|Mulathivu Range,2022,8,Kilinochchi,Mulathivu Range,0.0,0.0,0.0,0.0,0.0,0.0,0.0,0.0,0.0,0.0,0.0,0.0,0.0,0.0,0.0,0.0,None,0.0,0,2022-08-01,-0.8660254037844384,-0.5000000000000004,SW_monsoon,0.0,0,None,2.0,1,Other,0.0,0,None
Kilinochchi|Mulathivu Range,2022,9,Kilinochchi,Mulathivu Range,0.0,0.0,0.0,0.0,0.0,0.0,0.0,0.0,0.0,0.0,0.0,0.0,0.0,0.0,0.0,0.0,None,0.0,0,2022-09-01,-1.0,-1.8369701987210297e-16,SW_monsoon,0.0,0,None,0.0,0,None,2.0,1,Other
Kilinochchi|Mulathivu Range,2022,10,Kilinochchi,Mulathivu Range,0.0,0.0,0.0,0.0,0.0,0.0,0.0,0.0,0.0,0.0,0.0,0.0,0.0,0.0,0.0,0.0,None,0.0,0,2022-10-01,-0.8660254037844386,0.5000000000000001,Inter_OctNov,0.0,0,None,0.0,0,None,0.0,0,None
Kilinochchi|Mulathivu Range,2022,11,Kilinochchi,Mulathivu Range,0.0,0.0,0.0,0.0,0.0,0.0,0.0,0.0,0.0,0.0,0.0,1.0,0.0,10.0,0.0,0.0,Meat/Egg Trade,11.0,1,2022-11-01,-0.5000000000000004,0.8660254037844384,Inter_OctNov,0.0,0,None,0.0,0,None,0.0,0,None
Kilinochchi|Mulathivu Range,2022,12,Kilinochchi,Mulathivu Range,0.0,0.0,0.0,0.0,0.0,0.0,0.0,0.0,0.0,0.0,0.0,0.0,0.0,0.0,0.0,0.0,None,0.0,0,2022-12-01,-2.4492935982947064e-16,1.0,NE_monsoon,11.0,1,Meat/Egg Trade,0.0,0,None,0.0,0,None
Kilinochchi|Mulathivu Range,2023,1,Kilinochchi,Mulathivu Range,0.0,0.0,0.0,0.0,0.0,0.0,0.0,0.0,0.0,0.0,0.0,0.0,0.0,0.0,0.0,0.0,None,0.0,0,2023-01-01,0.49999999999999994,0.8660254037844387,NE_monsoon,0.0,0,None,11.0,1,Meat/Egg Trade,0.0,0,None
Kilinochchi|Mulathivu Range,2023,2,Kilinochchi,Mulathivu Range,7.0,0.0,0.0,0.0,0.0,0.0,0.0,6.0,19.0,0.0,22.0,0.0,9.0,0.0,0.0,0.0,Illegal Logging,63.0,1,2023-02-01,0.8660254037844386,0.5000000000000001,NE_monsoon,0.0,0,None,0.0,0,None,11.0,1,Meat/Egg Trade
Kilinochchi|Mulathivu Range,2023,3,Kilinochchi,Mulathivu Range,0.0,0.0,0.0,0.0,0.0,0.0,0.0,0.0,0.0,0.0,0.0,0.0,0.0,0.0,0.0,0.0,None,0.0,0,2023-03-01,1.0,6.123233995736766e-17,Inter_MarApr,63.0,1,Illegal Logging,0.0,0,None,0.0,0,None
Kilinochchi|Mulathivu Range,2023,4,Kilinochchi,Mulathivu Range,0.0,0.0,0.0,0.0,0.0,0.0,0.0,0.0,0.0,0.0,0.0,0.0,0.0,0.0,0.0,0.0,None,0.0,0,2023-04-01,0.8660254037844387,-0.4999999999999998,Inter_MarApr,0.0,0,None,63.0,1,Illegal Logging,0.0,0,None
Kilinochchi|Mulathivu Range,2023,5,Kilinochchi,Mulathivu Range,0.0,0.0,0.0,0.0,0.0,0.0,0.0,0.0,0.0,0.0,0.0,0.0,0.0,0.0,0.0,0.0,None,0.0,0,2023-05-01,0.49999999999999994,-0.8660254037844387,SW_monsoon,0.0,0,None,0.0,0,None,63.0,1,Illegal Logging
Kilinochchi|Mulathivu Range,2023,6,Kilinochchi,Mulathivu Range,0.0,0.0,0.0,0.0,0.0,0.0,0.0,0.0,0.0,0.0,0.0,0.0,0.0,0.0,0.0,0.0,None,0.0,0,2023-06-01,1.2246467991473532e-16,-1.0,SW_monsoon,0.0,0,None,0.0,0,None,0.0,0,None
Kilinochchi|Mulathivu Range,2023,7,Kilinochchi,Mulathivu Range,0.0,0.0,0.0,0.0,0.0,0.0,0.0,0.0,0.0,0.0,0.0,0.0,0.0,0.0,0.0,0.0,None,0.0,0,2023-07-01,-0.4999999999999997,-0.8660254037844388,SW_monsoon,0.0,0,None,0.0,0,None,0.0,0,None
Kilinochchi|Mulathivu Range,2023,8,Kilinochchi,Mulathivu Range,11.0,0.0,0.0,0.0,0.0,0.0,0.0,0.0,0.0,0.0,0.0,0.0,0.0,0.0,0.0,0.0,Animal Death/Injury,11.0,1,2023-08-01,-0.8660254037844384,-0.5000000000000004,SW_monsoon,0.0,0,None,0.0,0,None,0.0,0,None
Kilinochchi|Mulathivu Range,2023,9,Kilinochchi,Mulathivu Range,0.0,0.0,0.0,0.0,0.0,0.0,0.0,0.0,0.0,0.0,0.0,0.0,0.0,0.0,0.0,0.0,None,0.0,0,2023-09-01,-1.0,-1.8369701987210297e-16,SW_monsoon,11.0,1,Animal Death/Injury,0.0,0,None,0.0,0,None
Kilinochchi|Mulathivu Range,2023,10,Kilinochchi,Mulathivu Range,0.0,0.0,0.0,0.0,0.0,0.0,0.0,0.0,0.0,0.0,0.0,0.0,0.0,0.0,0.0,0.0,None,0.0,0,2023-10-01,-0.8660254037844386,0.5000000000000001,Inter_OctNov,0.0,0,None,11.0,1,Animal Death/Injury,0.0,0,None
Kilinochchi|Mulathivu Range,2023,11,Kilinochchi,Mulathivu Range,3.0,0.0,0.0,0.0,0.0,0.0,0.0,4.0,0.0,0.0,0.0,2.0,0.0,0.0,0.0,0.0,Hunting/Killing,9.0,1,2023-11-01,-0.5000000000000004,0.8660254037844384,Inter_OctNov,0.0,0,None,0.0,0,None,11.0,1,Animal Death/Injury
Kilinochchi|Mulathivu Range,2023,12,Kilinochchi,Mulathivu Range,0.0,0.0,0.0,0.0,0.0,0.0,0.0,0.0,0.0,0.0,0.0,0.0,0.0,0.0,0.0,0.0,None,0.0,0,2023-12-01,-2.4492935982947064e-16,1.0,NE_monsoon,9.0,1,Hunting/Killing,0.0,0,None,0.0,0,None
Kilinochchi|Mulathivu Range,2024,1,Kilinochchi,Mulathivu Range,0.0,0.0,0.0,0.0,0.0,0.0,0.0,0.0,0.0,0.0,0.0,0.0,0.0,0.0,0.0,0.0,None,0.0,0,2024-01-01,0.49999999999999994,0.8660254037844387,NE_monsoon,0.0,0,None,9.0,1,Hunting/Killing,0.0,0,None
Kilinochchi|Mulathivu Range,2024,2,Kilinochchi,Mulathivu Range,0.0,0.0,0.0,0.0,0.0,0.0,0.0,0.0,0.0,0.0,0.0,0.0,0.0,0.0,0.0,0.0,None,0.0,0,2024-02-01,0.8660254037844386,0.5000000000000001,NE_monsoon,0.0,0,None,0.0,0,None,9.0,1,Hunting/Killing
Kilinochchi|Mulathivu Range,2024,3,Kilinochchi,Mulathivu Range,0.0,0.0,0.0,0.0,0.0,0.0,0.0,0.0,0.0,0.0,0.0,0.0,0.0,0.0,0.0,0.0,None,0.0,0,2024-03-01,1.0,6.123233995736766e-17,Inter_MarApr,0.0,0,None,0.0,0,None,0.0,0,None
Kilinochchi|Mulathivu Range,2024,4,Kilinochchi,Mulathivu Range,0.0,0.0,0.0,0.0,0.0,0.0,0.0,0.0,0.0,0.0,0.0,0.0,0.0,1.0,0.0,0.0,Other,1.0,1,2024-04-01,0.8660254037844387,-0.4999999999999998,Inter_MarApr,0.0,0,None,0.0,0,None,0.0,0,None
Kilinochchi|Mulathivu Range,2024,5,Kilinochchi,Mulathivu Range,0.0,0.0,0.0,0.0,0.0,0.0,0.0,0.0,0.0,0.0,0.0,0.0,0.0,0.0,0.0,0.0,None,0.0,0,2024-05-01,0.49999999999999994,-0.8660254037844387,SW_monsoon,1.0,1,Other,0.0,0,None,0.0,0,None
Kilinochchi|Mulathivu Range,2024,6,Kilinochchi,Mulathivu Range,0.0,0.0,0.0,0.0,0.0,0.0,0.0,0.0,0.0,0.0,0.0,0.0,0.0,0.0,0.0,0.0,None,0.0,0,2024-06-01,1.2246467991473532e-16,-1.0,SW_monsoon,0.0,0,None,1.0,1,Other,0.0,0,None
Kilinochchi|Mulathivu Range,2024,7,Kilinochchi,Mulathivu Range,0.0,0.0,0.0,0.0,0.0,0.0,0.0,0.0,0.0,0.0,0.0,0.0,0.0,0.0,0.0,0.0,None,0.0,0,2024-07-01,-0.4999999999999997,-0.8660254037844388,SW_monsoon,0.0,0,None,0.0,0,None,1.0,1,Other
Kilinochchi|Mulathivu Range,2024,8,Kilinochchi,Mulathivu Range,0.0,0.0,0.0,0.0,0.0,0.0,0.0,0.0,0.0,0.0,0.0,0.0,0.0,0.0,0.0,0.0,None,0.0,0,2024-08-01,-0.8660254037844384,-0.5000000000000004,SW_monsoon,0.0,0,None,0.0,0,None,0.0,0,None
Kilinochchi|Mulathivu Range,2024,9,Kilinochchi,Mulathivu Range,0.0,0.0,0.0,0.0,0.0,0.0,0.0,0.0,0.0,0.0,0.0,0.0,0.0,0.0,0.0,0.0,None,0.0,0,2024-09-01,-1.0,-1.8369701987210297e-16,SW_monsoon,0.0,0,None,0.0,0,None,0.0,0,None
Kilinochchi|Mulathivu Range,2024,10,Kilinochchi,Mulathivu Range,0.0,0.0,0.0,0.0,0.0,0.0,0.0,0.0,0.0,0.0,0.0,0.0,0.0,0.0,0.0,0.0,None,0.0,0,2024-10-01,-0.8660254037844386,0.5000000000000001,Inter_OctNov,0.0,0,None,0.0,0,None,0.0,0,None
Kilinochchi|Mulathivu Range,2024,11,Kilinochchi,Mulathivu Range,0.0,0.0,0.0,0.0,0.0,0.0,0.0,0.0,0.0,0.0,0.0,0.0,0.0,0.0,0.0,0.0,None,0.0,0,2024-11-01,-0.5000000000000004,0.8660254037844384,Inter_OctNov,0.0,0,None,0.0,0,None,0.0,0,None
Kilinochchi|Mulathivu Range,2024,12,Kilinochchi,Mulathivu Range,0.0,0.0,0.0,0.0,0.0,0.0,0.0,0.0,0.0,0.0,0.0,0.0,0.0,0.0,0.0,0.0,None,0.0,0,2024-12-01,-2.4492935982947064e-16,1.0,NE_monsoon,0.0,0,None,0.0,0,None,0.0,0,None
Kilinochchi|Sanctuary,2022,1,Kilinochchi,Sanctuary,0.0,0.0,0.0,0.0,0.0,0.0,0.0,0.0,0.0,0.0,0.0,0.0,0.0,0.0,0.0,0.0,None,0.0,0,2022-01-01,0.49999999999999994,0.8660254037844387,NE_monsoon,0.0,0,None,0.0,0,None,0.0,0,None
Kilinochchi|Sanctuary,2022,2,Kilinochchi,Sanctuary,0.0,0.0,0.0,0.0,0.0,0.0,0.0,0.0,0.0,0.0,0.0,0.0,0.0,0.0,0.0,0.0,None,0.0,0,2022-02-01,0.8660254037844386,0.5000000000000001,NE_monsoon,0.0,0,None,0.0,0,None,0.0,0,None
Kilinochchi|Sanctuary,2022,3,Kilinochchi,Sanctuary,0.0,0.0,0.0,0.0,0.0,0.0,0.0,0.0,0.0,0.0,0.0,0.0,0.0,0.0,0.0,0.0,None,0.0,0,2022-03-01,1.0,6.123233995736766e-17,Inter_MarApr,0.0,0,None,0.0,0,None,0.0,0,None
Kilinochchi|Sanctuary,2022,4,Kilinochchi,Sanctuary,0.0,0.0,0.0,0.0,0.0,0.0,0.0,0.0,0.0,0.0,0.0,0.0,0.0,0.0,0.0,0.0,None,0.0,0,2022-04-01,0.8660254037844387,-0.4999999999999998,Inter_MarApr,0.0,0,None,0.0,0,None,0.0,0,None
Kilinochchi|Sanctuary,2022,5,Kilinochchi,Sanctuary,0.0,0.0,0.0,0.0,0.0,0.0,0.0,0.0,0.0,0.0,0.0,0.0,0.0,0.0,0.0,0.0,None,0.0,0,2022-05-01,0.49999999999999994,-0.8660254037844387,SW_monsoon,0.0,0,None,0.0,0,None,0.0,0,None
Kilinochchi|Sanctuary,2022,6,Kilinochchi,Sanctuary,0.0,0.0,0.0,0.0,0.0,0.0,0.0,0.0,0.0,0.0,0.0,0.0,0.0,0.0,0.0,0.0,None,0.0,0,2022-06-01,1.2246467991473532e-16,-1.0,SW_monsoon,0.0,0,None,0.0,0,None,0.0,0,None
Kilinochchi|Sanctuary,2022,7,Kilinochchi,Sanctuary,0.0,0.0,0.0,0.0,0.0,0.0,0.0,0.0,0.0,0.0,0.0,0.0,0.0,0.0,0.0,0.0,None,0.0,0,2022-07-01,-0.4999999999999997,-0.8660254037844388,SW_monsoon,0.0,0,None,0.0,0,None,0.0,0,None
Kilinochchi|Sanctuary,2022,8,Kilinochchi,Sanctuary,0.0,0.0,0.0,0.0,0.0,0.0,0.0,0.0,0.0,0.0,0.0,0.0,0.0,0.0,0.0,0.0,None,0.0,0,2022-08-01,-0.8660254037844384,-0.5000000000000004,SW_monsoon,0.0,0,None,0.0,0,None,0.0,0,None
Kilinochchi|Sanctuary,2022,9,Kilinochchi,Sanctuary,0.0,0.0,0.0,0.0,0.0,0.0,0.0,0.0,0.0,0.0,0.0,0.0,0.0,0.0,0.0,0.0,None,0.0,0,2022-09-01,-1.0,-1.8369701987210297e-16,SW_monsoon,0.0,0,None,0.0,0,None,0.0,0,None
Kilinochchi|Sanctuary,2022,10,Kilinochchi,Sanctuary,0.0,0.0,0.0,0.0,0.0,0.0,0.0,0.0,0.0,0.0,0.0,0.0,0.0,0.0,0.0,0.0,None,0.0,0,2022-10-01,-0.8660254037844386,0.5000000000000001,Inter_OctNov,0.0,0,None,0.0,0,None,0.0,0,None
Kilinochchi|Sanctuary,2022,11,Kilinochchi,Sanctuary,0.0,0.0,0.0,0.0,0.0,0.0,0.0,0.0,0.0,0.0,0.0,0.0,0.0,0.0,0.0,0.0,None,0.0,0,2022-11-01,-0.5000000000000004,0.8660254037844384,Inter_OctNov,0.0,0,None,0.0,0,None,0.0,0,None
Kilinochchi|Sanctuary,2022,12,Kilinochchi,Sanctuary,0.0,0.0,0.0,0.0,0.0,0.0,0.0,0.0,0.0,0.0,0.0,0.0,0.0,0.0,0.0,0.0,None,0.0,0,2022-12-01,-2.4492935982947064e-16,1.0,NE_monsoon,0.0,0,None,0.0,0,None,0.0,0,None
Kilinochchi|Sanctuary,2023,1,Kilinochchi,Sanctuary,0.0,0.0,0.0,0.0,0.0,0.0,0.0,0.0,0.0,0.0,0.0,0.0,0.0,0.0,0.0,0.0,None,0.0,0,2023-01-01,0.49999999999999994,0.8660254037844387,NE_monsoon,0.0,0,None,0.0,0,None,0.0,0,None
Kilinochchi|Sanctuary,2023,2,Kilinochchi,Sanctuary,0.0,0.0,0.0,0.0,0.0,0.0,0.0,0.0,0.0,0.0,0.0,0.0,0.0,0.0,0.0,0.0,None,0.0,0,2023-02-01,0.8660254037844386,0.5000000000000001,NE_monsoon,0.0,0,None,0.0,0,None,0.0,0,None
Kilinochchi|Sanctuary,2023,3,Kilinochchi,Sanctuary,0.0,0.0,0.0,0.0,0.0,0.0,0.0,0.0,0.0,0.0,0.0,0.0,0.0,0.0,0.0,0.0,None,0.0,0,2023-03-01,1.0,6.123233995736766e-17,Inter_MarApr,0.0,0,None,0.0,0,None,0.0,0,None
Kilinochchi|Sanctuary,2023,4,Kilinochchi,Sanctuary,0.0,0.0,0.0,0.0,0.0,0.0,0.0,0.0,0.0,0.0,0.0,0.0,0.0,0.0,0.0,0.0,None,0.0,0,2023-04-01,0.8660254037844387,-0.4999999999999998,Inter_MarApr,0.0,0,None,0.0,0,None,0.0,0,None
Kilinochchi|Sanctuary,2023,5,Kilinochchi,Sanctuary,0.0,0.0,0.0,0.0,0.0,0.0,0.0,0.0,0.0,0.0,0.0,0.0,0.0,0.0,0.0,0.0,None,0.0,0,2023-05-01,0.49999999999999994,-0.8660254037844387,SW_monsoon,0.0,0,None,0.0,0,None,0.0,0,None
Kilinochchi|Sanctuary,2023,6,Kilinochchi,Sanctuary,0.0,0.0,0.0,0.0,0.0,0.0,0.0,0.0,0.0,0.0,0.0,0.0,0.0,0.0,0.0,0.0,None,0.0,0,2023-06-01,1.2246467991473532e-16,-1.0,SW_monsoon,0.0,0,None,0.0,0,None,0.0,0,None
Kilinochchi|Sanctuary,2023,7,Kilinochchi,Sanctuary,0.0,0.0,0.0,0.0,0.0,0.0,135.0,0.0,0.0,0.0,0.0,0.0,0.0,0.0,0.0,0.0,Fire,135.0,1,2023-07-01,-0.4999999999999997,-0.8660254037844388,SW_monsoon,0.0,0,None,0.0,0,None,0.0,0,None
Kilinochchi|Sanctuary,2023,8,Kilinochchi,Sanctuary,0.0,0.0,0.0,0.0,0.0,0.0,0.0,0.0,0.0,0.0,0.0,0.0,0.0,0.0,0.0,0.0,None,0.0,0,2023-08-01,-0.8660254037844384,-0.5000000000000004,SW_monsoon,135.0,1,Fire,0.0,0,None,0.0,0,None
Kilinochchi|Sanctuary,2023,9,Kilinochchi,Sanctuary,0.0,0.0,0.0,0.0,0.0,0.0,0.0,0.0,0.0,0.0,0.0,0.0,0.0,0.0,0.0,0.0,None,0.0,0,2023-09-01,-1.0,-1.8369701987210297e-16,SW_monsoon,0.0,0,None,135.0,1,Fire,0.0,0,None
Kilinochchi|Sanctuary,2023,10,Kilinochchi,Sanctuary,0.0,0.0,0.0,0.0,0.0,0.0,0.0,0.0,0.0,0.0,0.0,0.0,0.0,0.0,0.0,0.0,None,0.0,0,2023-10-01,-0.8660254037844386,0.5000000000000001,Inter_OctNov,0.0,0,None,0.0,0,None,135.0,1,Fire
Kilinochchi|Sanctuary,2023,11,Kilinochchi,Sanctuary,0.0,0.0,0.0,0.0,0.0,0.0,0.0,0.0,0.0,0.0,0.0,0.0,0.0,0.0,0.0,0.0,None,0.0,0,2023-11-01,-0.5000000000000004,0.8660254037844384,Inter_OctNov,0.0,0,None,0.0,0,None,0.0,0,None
Kilinochchi|Sanctuary,2023,12,Kilinochchi,Sanctuary,0.0,0.0,0.0,0.0,0.0,0.0,0.0,0.0,0.0,0.0,0.0,0.0,0.0,0.0,0.0,0.0,None,0.0,0,2023-12-01,-2.4492935982947064e-16,1.0,NE_monsoon,0.0,0,None,0.0,0,None,0.0,0,None
Kilinochchi|Sanctuary,2024,1,Kilinochchi,Sanctuary,0.0,0.0,0.0,0.0,0.0,0.0,0.0,0.0,0.0,0.0,0.0,0.0,0.0,0.0,0.0,0.0,None,0.0,0,2024-01-01,0.49999999999999994,0.8660254037844387,NE_monsoon,0.0,0,None,0.0,0,None,0.0,0,None
Kilinochchi|Sanctuary,2024,2,Kilinochchi,Sanctuary,0.0,0.0,0.0,0.0,0.0,0.0,0.0,0.0,0.0,0.0,0.0,0.0,0.0,0.0,0.0,0.0,None,0.0,0,2024-02-01,0.8660254037844386,0.5000000000000001,NE_monsoon,0.0,0,None,0.0,0,None,0.0,0,None
Kilinochchi|Sanctuary,2024,3,Kilinochchi,Sanctuary,0.0,0.0,0.0,0.0,0.0,0.0,0.0,0.0,0.0,0.0,0.0,0.0,0.0,0.0,0.0,0.0,None,0.0,0,2024-03-01,1.0,6.123233995736766e-17,Inter_MarApr,0.0,0,None,0.0,0,None,0.0,0,None
Kilinochchi|Sanctuary,2024,4,Kilinochchi,Sanctuary,0.0,0.0,0.0,0.0,0.0,0.0,0.0,0.0,0.0,0.0,0.0,0.0,0.0,0.0,0.0,0.0,None,0.0,0,2024-04-01,0.8660254037844387,-0.4999999999999998,Inter_MarApr,0.0,0,None,0.0,0,None,0.0,0,None
Kilinochchi|Sanctuary,2024,5,Kilinochchi,Sanctuary,0.0,0.0,0.0,0.0,0.0,0.0,0.0,0.0,0.0,0.0,0.0,0.0,0.0,0.0,0.0,0.0,None,0.0,0,2024-05-01,0.49999999999999994,-0.8660254037844387,SW_monsoon,0.0,0,None,0.0,0,None,0.0,0,None
Kilinochchi|Sanctuary,2024,6,Kilinochchi,Sanctuary,0.0,0.0,0.0,0.0,0.0,0.0,0.0,0.0,0.0,0.0,0.0,0.0,0.0,0.0,0.0,0.0,None,0.0,0,2024-06-01,1.2246467991473532e-16,-1.0,SW_monsoon,0.0,0,None,0.0,0,None,0.0,0,None
Kilinochchi|Sanctuary,2024,7,Kilinochchi,Sanctuary,0.0,0.0,0.0,0.0,0.0,0.0,0.0,0.0,0.0,0.0,0.0,0.0,0.0,0.0,0.0,0.0,None,0.0,0,2024-07-01,-0.4999999999999997,-0.8660254037844388,SW_monsoon,0.0,0,None,0.0,0,None,0.0,0,None
Kilinochchi|Sanctuary,2024,8,Kilinochchi,Sanctuary,0.0,0.0,0.0,0.0,0.0,0.0,0.0,0.0,0.0,0.0,0.0,0.0,0.0,0.0,0.0,0.0,None,0.0,0,2024-08-01,-0.8660254037844384,-0.5000000000000004,SW_monsoon,0.0,0,None,0.0,0,None,0.0,0,None
Kilinochchi|Sanctuary,2024,9,Kilinochchi,Sanctuary,0.0,0.0,0.0,0.0,0.0,0.0,0.0,0.0,0.0,0.0,0.0,0.0,0.0,0.0,0.0,0.0,None,0.0,0,2024-09-01,-1.0,-1.8369701987210297e-16,SW_monsoon,0.0,0,None,0.0,0,None,0.0,0,None
Kilinochchi|Sanctuary,2024,10,Kilinochchi,Sanctuary,0.0,0.0,0.0,0.0,0.0,0.0,0.0,0.0,0.0,0.0,0.0,0.0,0.0,0.0,0.0,0.0,None,0.0,0,2024-10-01,-0.8660254037844386,0.5000000000000001,Inter_OctNov,0.0,0,None,0.0,0,None,0.0,0,None
Kilinochchi|Sanctuary,2024,11,Kilinochchi,Sanctuary,0.0,0.0,0.0,0.0,0.0,0.0,0.0,0.0,0.0,0.0,0.0,0.0,0.0,0.0,0.0,0.0,None,0.0,0,2024-11-01,-0.5000000000000004,0.8660254037844384,Inter_OctNov,0.0,0,None,0.0,0,None,0.0,0,None
Kilinochchi|Sanctuary,2024,12,Kilinochchi,Sanctuary,0.0,0.0,0.0,0.0,0.0,0.0,0.0,0.0,0.0,0.0,0.0,0.0,0.0,0.0,0.0,0.0,None,0.0,0,2024-12-01,-2.4492935982947064e-16,1.0,NE_monsoon,0.0,0,None,0.0,0,None,0.0,0,None
Kilinochchi|Unknown,2022,1,Kilinochchi,Unknown,0.0,0.0,0.0,0.0,0.0,0.0,0.0,0.0,0.0,0.0,0.0,0.0,0.0,0.0,0.0,0.0,None,0.0,0,2022-01-01,0.49999999999999994,0.8660254037844387,NE_monsoon,0.0,0,None,0.0,0,None,0.0,0,None
Kilinochchi|Unknown,2022,2,Kilinochchi,Unknown,0.0,0.0,0.0,0.0,0.0,0.0,0.0,0.0,0.0,0.0,0.0,0.0,0.0,0.0,0.0,0.0,None,0.0,0,2022-02-01,0.8660254037844386,0.5000000000000001,NE_monsoon,0.0,0,None,0.0,0,None,0.0,0,None
Kilinochchi|Unknown,2022,3,Kilinochchi,Unknown,0.0,0.0,0.0,0.0,0.0,0.0,0.0,0.0,0.0,0.0,0.0,0.0,0.0,1.0,0.0,0.0,Other,1.0,1,2022-03-01,1.0,6.123233995736766e-17,Inter_MarApr,0.0,0,None,0.0,0,None,0.0,0,None
Kilinochchi|Unknown,2022,4,Kilinochchi,Unknown,0.0,0.0,0.0,0.0,0.0,0.0,0.0,0.0,0.0,0.0,0.0,0.0,0.0,0.0,0.0,0.0,None,0.0,0,2022-04-01,0.8660254037844387,-0.4999999999999998,Inter_MarApr,1.0,1,Other,0.0,0,None,0.0,0,None
Kilinochchi|Unknown,2022,5,Kilinochchi,Unknown,0.0,0.0,0.0,0.0,0.0,0.0,0.0,0.0,0.0,0.0,0.0,0.0,0.0,0.0,0.0,0.0,None,0.0,0,2022-05-01,0.49999999999999994,-0.8660254037844387,SW_monsoon,0.0,0,None,1.0,1,Other,0.0,0,None
Kilinochchi|Unknown,2022,6,Kilinochchi,Unknown,0.0,0.0,0.0,0.0,0.0,0.0,0.0,0.0,0.0,0.0,4.0,0.0,0.0,0.0,0.0,0.0,Illegal Logging,4.0,1,2022-06-01,1.2246467991473532e-16,-1.0,SW_monsoon,0.0,0,None,0.0,0,None,1.0,1,Other
Kilinochchi|Unknown,2022,7,Kilinochchi,Unknown,0.0,0.0,0.0,0.0,0.0,0.0,0.0,0.0,0.0,0.0,0.0,0.0,0.0,0.0,0.0,0.0,None,0.0,0,2022-07-01,-0.4999999999999997,-0.8660254037844388,SW_monsoon,4.0,1,Illegal Logging,0.0,0,None,0.0,0,None
Kilinochchi|Unknown,2022,8,Kilinochchi,Unknown,0.0,0.0,0.0,0.0,0.0,0.0,0.0,0.0,0.0,0.0,0.0,0.0,0.0,1.0,0.0,0.0,Other,1.0,1,2022-08-01,-0.8660254037844384,-0.5000000000000004,SW_monsoon,0.0,0,None,4.0,1,Illegal Logging,0.0,0,None
Kilinochchi|Unknown,2022,9,Kilinochchi,Unknown,0.0,0.0,0.0,0.0,0.0,0.0,0.0,0.0,0.0,0.0,0.0,0.0,0.0,0.0,0.0,0.0,None,0.0,0,2022-09-01,-1.0,-1.8369701987210297e-16,SW_monsoon,1.0,1,Other,0.0,0,None,4.0,1,Illegal Logging
Kilinochchi|Unknown,2022,10,Kilinochchi,Unknown,0.0,0.0,0.0,0.0,0.0,0.0,0.0,0.0,0.0,0.0,0.0,0.0,0.0,0.0,0.0,0.0,None,0.0,0,2022-10-01,-0.8660254037844386,0.5000000000000001,Inter_OctNov,0.0,0,None,1.0,1,Other,0.0,0,None
Kilinochchi|Unknown,2022,11,Kilinochchi,Unknown,0.0,0.0,0.0,0.0,0.0,0.0,0.0,0.0,0.0,0.0,0.0,0.0,0.0,0.0,0.0,0.0,None,0.0,0,2022-11-01,-0.5000000000000004,0.8660254037844384,Inter_OctNov,0.0,0,None,0.0,0,None,1.0,1,Other
Kilinochchi|Unknown,2022,12,Kilinochchi,Unknown,0.0,0.0,0.0,0.0,0.0,0.0,0.0,0.0,0.0,0.0,0.0,0.0,0.0,0.0,0.0,0.0,None,0.0,0,2022-12-01,-2.4492935982947064e-16,1.0,NE_monsoon,0.0,0,None,0.0,0,None,0.0,0,None
Kilinochchi|Unknown,2023,1,Kilinochchi,Unknown,0.0,0.0,0.0,0.0,0.0,0.0,0.0,0.0,0.0,0.0,0.0,0.0,0.0,0.0,0.0,0.0,None,0.0,0,2023-01-01,0.49999999999999994,0.8660254037844387,NE_monsoon,0.0,0,None,0.0,0,None,0.0,0,None
Kilinochchi|Unknown,2023,2,Kilinochchi,Unknown,0.0,0.0,0.0,0.0,0.0,0.0,0.0,0.0,0.0,0.0,0.0,0.0,0.0,0.0,0.0,0.0,None,0.0,0,2023-02-01,0.8660254037844386,0.5000000000000001,NE_monsoon,0.0,0,None,0.0,0,None,0.0,0,None
Kilinochchi|Unknown,2023,3,Kilinochchi,Unknown,0.0,0.0,0.0,0.0,0.0,0.0,0.0,0.0,0.0,0.0,0.0,0.0,0.0,0.0,0.0,0.0,None,0.0,0,2023-03-01,1.0,6.123233995736766e-17,Inter_MarApr,0.0,0,None,0.0,0,None,0.0,0,None
Kilinochchi|Unknown,2023,4,Kilinochchi,Unknown,0.0,0.0,0.0,0.0,0.0,0.0,0.0,0.0,0.0,0.0,0.0,0.0,0.0,0.0,0.0,0.0,None,0.0,0,2023-04-01,0.8660254037844387,-0.4999999999999998,Inter_MarApr,0.0,0,None,0.0,0,None,0.0,0,None
Kilinochchi|Unknown,2023,5,Kilinochchi,Unknown,0.0,0.0,0.0,0.0,0.0,0.0,0.0,0.0,0.0,0.0,0.0,0.0,0.0,0.0,0.0,0.0,None,0.0,0,2023-05-01,0.49999999999999994,-0.8660254037844387,SW_monsoon,0.0,0,None,0.0,0,None,0.0,0,None
Kilinochchi|Unknown,2023,6,Kilinochchi,Unknown,0.0,0.0,0.0,0.0,0.0,0.0,0.0,0.0,0.0,0.0,0.0,0.0,0.0,0.0,0.0,0.0,None,0.0,0,2023-06-01,1.2246467991473532e-16,-1.0,SW_monsoon,0.0,0,None,0.0,0,None,0.0,0,None
Kilinochchi|Unknown,2023,7,Kilinochchi,Unknown,0.0,0.0,0.0,0.0,0.0,0.0,0.0,0.0,0.0,0.0,0.0,0.0,0.0,0.0,0.0,0.0,None,0.0,0,2023-07-01,-0.4999999999999997,-0.8660254037844388,SW_monsoon,0.0,0,None,0.0,0,None,0.0,0,None
Kilinochchi|Unknown,2023,8,Kilinochchi,Unknown,0.0,0.0,0.0,0.0,0.0,0.0,0.0,0.0,0.0,0.0,0.0,0.0,0.0,0.0,0.0,0.0,None,0.0,0,2023-08-01,-0.8660254037844384,-0.5000000000000004,SW_monsoon,0.0,0,None,0.0,0,None,0.0,0,None
Kilinochchi|Unknown,2023,9,Kilinochchi,Unknown,0.0,0.0,0.0,0.0,0.0,0.0,0.0,0.0,0.0,0.0,0.0,0.0,0.0,0.0,0.0,0.0,None,0.0,0,2023-09-01,-1.0,-1.8369701987210297e-16,SW_monsoon,0.0,0,None,0.0,0,None,0.0,0,None
Kilinochchi|Unknown,2023,10,Kilinochchi,Unknown,0.0,0.0,0.0,0.0,0.0,0.0,0.0,0.0,0.0,0.0,0.0,0.0,0.0,0.0,0.0,0.0,None,0.0,0,2023-10-01,-0.8660254037844386,0.5000000000000001,Inter_OctNov,0.0,0,None,0.0,0,None,0.0,0,None
Kilinochchi|Unknown,2023,11,Kilinochchi,Unknown,0.0,0.0,0.0,0.0,0.0,0.0,0.0,0.0,0.0,0.0,0.0,0.0,0.0,0.0,0.0,0.0,None,0.0,0,2023-11-01,-0.5000000000000004,0.8660254037844384,Inter_OctNov,0.0,0,None,0.0,0,None,0.0,0,None
Kilinochchi|Unknown,2023,12,Kilinochchi,Unknown,0.0,0.0,0.0,0.0,0.0,0.0,0.0,0.0,0.0,0.0,0.0,0.0,0.0,0.0,0.0,0.0,None,0.0,0,2023-12-01,-2.4492935982947064e-16,1.0,NE_monsoon,0.0,0,None,0.0,0,None,0.0,0,None
Kilinochchi|Unknown,2024,1,Kilinochchi,Unknown,0.0,0.0,0.0,0.0,0.0,0.0,0.0,0.0,0.0,0.0,0.0,0.0,0.0,0.0,0.0,0.0,None,0.0,0,2024-01-01,0.49999999999999994,0.8660254037844387,NE_monsoon,0.0,0,None,0.0,0,None,0.0,0,None
Kilinochchi|Unknown,2024,2,Kilinochchi,Unknown,0.0,0.0,0.0,0.0,0.0,0.0,0.0,0.0,0.0,0.0,0.0,0.0,0.0,0.0,0.0,0.0,None,0.0,0,2024-02-01,0.8660254037844386,0.5000000000000001,NE_monsoon,0.0,0,None,0.0,0,None,0.0,0,None
Kilinochchi|Unknown,2024,3,Kilinochchi,Unknown,0.0,0.0,0.0,0.0,0.0,0.0,0.0,0.0,0.0,0.0,0.0,0.0,0.0,0.0,0.0,0.0,None,0.0,0,2024-03-01,1.0,6.123233995736766e-17,Inter_MarApr,0.0,0,None,0.0,0,None,0.0,0,None
Kilinochchi|Unknown,2024,4,Kilinochchi,Unknown,0.0,0.0,0.0,0.0,0.0,0.0,0.0,0.0,0.0,0.0,0.0,0.0,0.0,0.0,0.0,0.0,None,0.0,0,2024-04-01,0.8660254037844387,-0.4999999999999998,Inter_MarApr,0.0,0,None,0.0,0,None,0.0,0,None
Kilinochchi|Unknown,2024,5,Kilinochchi,Unknown,0.0,0.0,0.0,0.0,0.0,0.0,0.0,0.0,0.0,0.0,0.0,0.0,0.0,0.0,0.0,0.0,None,0.0,0,2024-05-01,0.49999999999999994,-0.8660254037844387,SW_monsoon,0.0,0,None,0.0,0,None,0.0,0,None
Kilinochchi|Unknown,2024,6,Kilinochchi,Unknown,0.0,0.0,0.0,0.0,0.0,0.0,0.0,0.0,0.0,0.0,0.0,0.0,0.0,0.0,0.0,0.0,None,0.0,0,2024-06-01,1.2246467991473532e-16,-1.0,SW_monsoon,0.0,0,None,0.0,0,None,0.0,0,None
Kilinochchi|Unknown,2024,7,Kilinochchi,Unknown,0.0,0.0,0.0,0.0,0.0,0.0,0.0,0.0,0.0,0.0,0.0,0.0,0.0,0.0,0.0,0.0,None,0.0,0,2024-07-01,-0.4999999999999997,-0.8660254037844388,SW_monsoon,0.0,0,None,0.0,0,None,0.0,0,None
Kilinochchi|Unknown,2024,8,Kilinochchi,Unknown,0.0,0.0,0.0,0.0,0.0,0.0,0.0,0.0,0.0,0.0,0.0,0.0,0.0,0.0,0.0,0.0,None,0.0,0,2024-08-01,-0.8660254037844384,-0.5000000000000004,SW_monsoon,0.0,0,None,0.0,0,None,0.0,0,None
Kilinochchi|Unknown,2024,9,Kilinochchi,Unknown,0.0,0.0,0.0,0.0,0.0,0.0,0.0,0.0,0.0,0.0,0.0,0.0,0.0,0.0,0.0,0.0,None,0.0,0,2024-09-01,-1.0,-1.8369701987210297e-16,SW_monsoon,0.0,0,None,0.0,0,None,0.0,0,None
Kilinochchi|Unknown,2024,10,Kilinochchi,Unknown,0.0,0.0,0.0,0.0,0.0,0.0,0.0,0.0,0.0,0.0,0.0,0.0,0.0,0.0,0.0,0.0,None,0.0,0,2024-10-01,-0.8660254037844386,0.5000000000000001,Inter_OctNov,0.0,0,None,0.0,0,None,0.0,0,None
Kilinochchi|Unknown,2024,11,Kilinochchi,Unknown,0.0,0.0,0.0,0.0,0.0,0.0,0.0,0.0,0.0,0.0,0.0,0.0,0.0,0.0,0.0,0.0,None,0.0,0,2024-11-01,-0.5000000000000004,0.8660254037844384,Inter_OctNov,0.0,0,None,0.0,0,None,0.0,0,None
Kilinochchi|Unknown,2024,12,Kilinochchi,Unknown,0.0,0.0,0.0,0.0,0.0,0.0,0.0,0.0,0.0,0.0,0.0,0.0,0.0,0.0,0.0,0.0,None,0.0,0,2024-12-01,-2.4492935982947064e-16,1.0,NE_monsoon,0.0,0,None,0.0,0,None,0.0,0,None
Polonnaruwa|Angammadilla NP,2022,1,Polonnaruwa,Angammadilla NP,0.0,0.0,0.0,0.0,0.0,0.0,0.0,0.0,0.0,0.0,0.0,0.0,0.0,20.0,0.0,0.0,Other,20.0,1,2022-01-01,0.49999999999999994,0.8660254037844387,NE_monsoon,0.0,0,None,0.0,0,None,0.0,0,None
Polonnaruwa|Angammadilla NP,2022,2,Polonnaruwa,Angammadilla NP,0.0,0.0,0.0,0.0,0.0,0.0,0.0,0.0,0.0,0.0,0.0,46.0,0.0,0.0,0.0,0.0,Meat/Egg Trade,46.0,1,2022-02-01,0.8660254037844386,0.5000000000000001,NE_monsoon,20.0,1,Other,0.0,0,None,0.0,0,None
Polonnaruwa|Angammadilla NP,2022,3,Polonnaruwa,Angammadilla NP,0.0,0.0,0.0,0.0,0.0,0.0,0.0,0.0,0.0,0.0,0.0,0.0,0.0,0.0,0.0,0.0,None,0.0,0,2022-03-01,1.0,6.123233995736766e-17,Inter_MarApr,46.0,1,Meat/Egg Trade,20.0,1,Other,0.0,0,None
Polonnaruwa|Angammadilla NP,2022,4,Polonnaruwa,Angammadilla NP,0.0,0.0,0.0,0.0,0.0,0.0,0.0,0.0,0.0,0.0,0.0,0.0,0.0,0.0,0.0,0.0,None,0.0,0,2022-04-01,0.8660254037844387,-0.4999999999999998,Inter_MarApr,0.0,0,None,46.0,1,Meat/Egg Trade,20.0,1,Other
Polonnaruwa|Angammadilla NP,2022,5,Polonnaruwa,Angammadilla NP,0.0,0.0,0.0,0.0,0.0,0.0,0.0,0.0,0.0,0.0,0.0,0.0,0.0,10.0,0.0,0.0,Other,10.0,1,2022-05-01,0.49999999999999994,-0.8660254037844387,SW_monsoon,0.0,0,None,0.0,0,None,46.0,1,Meat/Egg Trade
Polonnaruwa|Angammadilla NP,2022,6,Polonnaruwa,Angammadilla NP,0.0,0.0,0.0,0.0,0.0,0.0,0.0,0.0,0.0,0.0,0.0,0.0,0.0,0.0,0.0,0.0,None,0.0,0,2022-06-01,1.2246467991473532e-16,-1.0,SW_monsoon,10.0,1,Other,0.0,0,None,0.0,0,None
Polonnaruwa|Angammadilla NP,2022,7,Polonnaruwa,Angammadilla NP,0.0,0.0,0.0,0.0,0.0,0.0,0.0,0.0,0.0,0.0,0.0,0.0,0.0,0.0,0.0,0.0,None,0.0,0,2022-07-01,-0.4999999999999997,-0.8660254037844388,SW_monsoon,0.0,0,None,10.0,1,Other,0.0,0,None
Polonnaruwa|Angammadilla NP,2022,8,Polonnaruwa,Angammadilla NP,0.0,0.0,0.0,0.0,0.0,0.0,0.0,0.0,0.0,0.0,0.0,0.0,0.0,0.0,0.0,0.0,None,0.0,0,2022-08-01,-0.8660254037844384,-0.5000000000000004,SW_monsoon,0.0,0,None,0.0,0,None,10.0,1,Other
Polonnaruwa|Angammadilla NP,2022,9,Polonnaruwa,Angammadilla NP,0.0,0.0,0.0,0.0,0.0,0.0,0.0,0.0,5.0,0.0,0.0,4.0,0.0,0.0,0.0,0.0,Illegal Entry,9.0,1,2022-09-01,-1.0,-1.8369701987210297e-16,SW_monsoon,0.0,0,None,0.0,0,None,0.0,0,None
Polonnaruwa|Angammadilla NP,2022,10,Polonnaruwa,Angammadilla NP,0.0,0.0,0.0,0.0,0.0,0.0,0.0,0.0,0.0,0.0,0.0,0.0,0.0,0.0,0.0,0.0,None,0.0,0,2022-10-01,-0.8660254037844386,0.5000000000000001,Inter_OctNov,9.0,1,Illegal Entry,0.0,0,None,0.0,0,None
Polonnaruwa|Angammadilla NP,2022,11,Polonnaruwa,Angammadilla NP,0.0,0.0,0.0,0.0,0.0,0.0,0.0,0.0,0.0,0.0,0.0,0.0,0.0,0.0,0.0,0.0,None,0.0,0,2022-11-01,-0.5000000000000004,0.8660254037844384,Inter_OctNov,0.0,0,None,9.0,1,Illegal Entry,0.0,0,None
Polonnaruwa|Angammadilla NP,2022,12,Polonnaruwa,Angammadilla NP,0.0,0.0,0.0,0.0,0.0,0.0,0.0,0.0,0.0,0.0,0.0,0.0,0.0,0.0,0.0,0.0,None,0.0,0,2022-12-01,-2.4492935982947064e-16,1.0,NE_monsoon,0.0,0,None,0.0,0,None,9.0,1,Illegal Entry
Polonnaruwa|Angammadilla NP,2023,1,Polonnaruwa,Angammadilla NP,0.0,0.0,0.0,0.0,0.0,0.0,0.0,0.0,1.0,0.0,0.0,0.0,0.0,0.0,0.0,0.0,Illegal Entry,1.0,1,2023-01-01,0.49999999999999994,0.8660254037844387,NE_monsoon,0.0,0,None,0.0,0,None,0.0,0,None
Polonnaruwa|Angammadilla NP,2023,2,Polonnaruwa,Angammadilla NP,0.0,0.0,0.0,0.0,0.0,0.0,0.0,0.0,0.0,0.0,0.0,0.0,0.0,0.0,0.0,0.0,None,0.0,0,2023-02-01,0.8660254037844386,0.5000000000000001,NE_monsoon,1.0,1,Illegal Entry,0.0,0,None,0.0,0,None
Polonnaruwa|Angammadilla NP,2023,3,Polonnaruwa,Angammadilla NP,0.0,0.0,0.0,0.0,0.0,0.0,0.0,0.0,0.0,0.0,0.0,0.0,0.0,0.0,0.0,0.0,None,0.0,0,2023-03-01,1.0,6.123233995736766e-17,Inter_MarApr,0.0,0,None,1.0,1,Illegal Entry,0.0,0,None
Polonnaruwa|Angammadilla NP,2023,4,Polonnaruwa,Angammadilla NP,0.0,0.0,0.0,0.0,0.0,0.0,0.0,0.0,0.0,0.0,0.0,0.0,0.0,0.0,0.0,0.0,None,0.0,0,2023-04-01,0.8660254037844387,-0.4999999999999998,Inter_MarApr,0.0,0,None,0.0,0,None,1.0,1,Illegal Entry
Polonnaruwa|Angammadilla NP,2023,5,Polonnaruwa,Angammadilla NP,0.0,0.0,0.0,0.0,0.0,0.0,0.0,0.0,0.0,0.0,0.0,0.0,0.0,0.0,0.0,55.0,Weapons/Traps,55.0,1,2023-05-01,0.49999999999999994,-0.8660254037844387,SW_monsoon,0.0,0,None,0.0,0,None,0.0,0,None
Polonnaruwa|Angammadilla NP,2023,6,Polonnaruwa,Angammadilla NP,0.0,0.0,0.0,0.0,0.0,0.0,0.0,0.0,0.0,0.0,0.0,0.0,0.0,0.0,0.0,0.0,None,0.0,0,2023-06-01,1.2246467991473532e-16,-1.0,SW_monsoon,55.0,1,Weapons/Traps,0.0,0,None,0.0,0,None
Polonnaruwa|Angammadilla NP,2023,7,Polonnaruwa,Angammadilla NP,0.0,0.0,0.0,0.0,0.0,0.0,0.0,0.0,168.0,0.0,0.0,0.0,0.0,0.0,0.0,0.0,Illegal Entry,168.0,1,2023-07-01,-0.4999999999999997,-0.8660254037844388,SW_monsoon,0.0,0,None,55.0,1,Weapons/Traps,0.0,0,None
Polonnaruwa|Angammadilla NP,2023,8,Polonnaruwa,Angammadilla NP,0.0,0.0,0.0,0.0,0.0,0.0,0.0,0.0,9.0,0.0,0.0,0.0,0.0,0.0,0.0,0.0,Illegal Entry,9.0,1,2023-08-01,-0.8660254037844384,-0.5000000000000004,SW_monsoon,168.0,1,Illegal Entry,0.0,0,None,55.0,1,Weapons/Traps
Polonnaruwa|Angammadilla NP,2023,9,Polonnaruwa,Angammadilla NP,0.0,0.0,0.0,0.0,0.0,0.0,0.0,0.0,0.0,0.0,0.0,0.0,0.0,0.0,0.0,0.0,None,0.0,0,2023-09-01,-1.0,-1.8369701987210297e-16,SW_monsoon,9.0,1,Illegal Entry,168.0,1,Illegal Entry,0.0,0,None
Polonnaruwa|Angammadilla NP,2023,10,Polonnaruwa,Angammadilla NP,0.0,0.0,0.0,0.0,0.0,0.0,0.0,0.0,0.0,0.0,0.0,0.0,0.0,0.0,0.0,0.0,None,0.0,0,2023-10-01,-0.8660254037844386,0.5000000000000001,Inter_OctNov,0.0,0,None,9.0,1,Illegal Entry,168.0,1,Illegal Entry
Polonnaruwa|Angammadilla NP,2023,11,Polonnaruwa,Angammadilla NP,0.0,0.0,0.0,0.0,0.0,0.0,0.0,0.0,0.0,0.0,0.0,0.0,0.0,9.0,0.0,0.0,Other,9.0,1,2023-11-01,-0.5000000000000004,0.8660254037844384,Inter_OctNov,0.0,0,None,0.0,0,None,9.0,1,Illegal Entry
Polonnaruwa|Angammadilla NP,2023,12,Polonnaruwa,Angammadilla NP,0.0,0.0,0.0,0.0,0.0,0.0,0.0,0.0,0.0,0.0,0.0,0.0,0.0,0.0,0.0,0.0,None,0.0,0,2023-12-01,-2.4492935982947064e-16,1.0,NE_monsoon,9.0,1,Other,0.0,0,None,0.0,0,None
Polonnaruwa|Angammadilla NP,2024,1,Polonnaruwa,Angammadilla NP,0.0,0.0,0.0,0.0,0.0,0.0,0.0,0.0,0.0,0.0,0.0,0.0,0.0,0.0,0.0,0.0,None,0.0,0,2024-01-01,0.49999999999999994,0.8660254037844387,NE_monsoon,0.0,0,None,9.0,1,Other,0.0,0,None
Polonnaruwa|Angammadilla NP,2024,2,Polonnaruwa,Angammadilla NP,0.0,0.0,0.0,0.0,0.0,0.0,0.0,0.0,0.0,0.0,0.0,0.0,0.0,0.0,0.0,0.0,None,0.0,0,2024-02-01,0.8660254037844386,0.5000000000000001,NE_monsoon,0.0,0,None,0.0,0,None,9.0,1,Other
Polonnaruwa|Angammadilla NP,2024,3,Polonnaruwa,Angammadilla NP,0.0,0.0,0.0,0.0,0.0,0.0,0.0,0.0,0.0,0.0,0.0,0.0,0.0,0.0,0.0,4.0,Weapons/Traps,4.0,1,2024-03-01,1.0,6.123233995736766e-17,Inter_MarApr,0.0,0,None,0.0,0,None,0.0,0,None
Polonnaruwa|Angammadilla NP,2024,4,Polonnaruwa,Angammadilla NP,0.0,0.0,0.0,0.0,0.0,0.0,0.0,0.0,0.0,0.0,0.0,0.0,0.0,0.0,0.0,0.0,None,0.0,0,2024-04-01,0.8660254037844387,-0.4999999999999998,Inter_MarApr,4.0,1,Weapons/Traps,0.0,0,None,0.0,0,None
Polonnaruwa|Angammadilla NP,2024,5,Polonnaruwa,Angammadilla NP,0.0,0.0,0.0,0.0,0.0,0.0,0.0,0.0,0.0,0.0,0.0,0.0,0.0,14.0,0.0,0.0,Other,14.0,1,2024-05-01,0.49999999999999994,-0.8660254037844387,SW_monsoon,0.0,0,None,4.0,1,Weapons/Traps,0.0,0,None
Polonnaruwa|Angammadilla NP,2024,6,Polonnaruwa,Angammadilla NP,0.0,0.0,0.0,0.0,0.0,0.0,0.0,0.0,0.0,0.0,0.0,0.0,0.0,0.0,0.0,0.0,None,0.0,0,2024-06-01,1.2246467991473532e-16,-1.0,SW_monsoon,14.0,1,Other,0.0,0,None,4.0,1,Weapons/Traps
Polonnaruwa|Angammadilla NP,2024,7,Polonnaruwa,Angammadilla NP,0.0,0.0,0.0,0.0,0.0,0.0,0.0,0.0,0.0,0.0,0.0,0.0,0.0,0.0,0.0,0.0,None,0.0,0,2024-07-01,-0.4999999999999997,-0.8660254037844388,SW_monsoon,0.0,0,None,14.0,1,Other,0.0,0,None
Polonnaruwa|Angammadilla NP,2024,8,Polonnaruwa,Angammadilla NP,0.0,0.0,0.0,0.0,0.0,0.0,0.0,0.0,0.0,0.0,0.0,0.0,0.0,0.0,0.0,0.0,None,0.0,0,2024-08-01,-0.8660254037844384,-0.5000000000000004,SW_monsoon,0.0,0,None,0.0,0,None,14.0,1,Other
Polonnaruwa|Angammadilla NP,2024,9,Polonnaruwa,Angammadilla NP,0.0,0.0,0.0,0.0,0.0,0.0,0.0,0.0,0.0,0.0,0.0,0.0,0.0,0.0,0.0,0.0,None,0.0,0,2024-09-01,-1.0,-1.8369701987210297e-16,SW_monsoon,0.0,0,None,0.0,0,None,0.0,0,None
Polonnaruwa|Angammadilla NP,2024,10,Polonnaruwa,Angammadilla NP,0.0,0.0,0.0,0.0,0.0,0.0,0.0,0.0,0.0,0.0,0.0,0.0,0.0,0.0,0.0,0.0,None,0.0,0,2024-10-01,-0.8660254037844386,0.5000000000000001,Inter_OctNov,0.0,0,None,0.0,0,None,0.0,0,None
Polonnaruwa|Angammadilla NP,2024,11,Polonnaruwa,Angammadilla NP,0.0,0.0,0.0,0.0,0.0,0.0,60.0,0.0,0.0,0.0,0.0,0.0,15.0,0.0,0.0,0.0,Fire,75.0,1,2024-11-01,-0.5000000000000004,0.8660254037844384,Inter_OctNov,0.0,0,None,0.0,0,None,0.0,0,None
Polonnaruwa|Angammadilla NP,2024,12,Polonnaruwa,Angammadilla NP,0.0,0.0,0.0,0.0,0.0,0.0,0.0,0.0,0.0,0.0,0.0,0.0,0.0,0.0,0.0,3.0,Weapons/Traps,3.0,1,2024-12-01,-2.4492935982947064e-16,1.0,NE_monsoon,75.0,1,Fire,0.0,0,None,0.0,0,None
Polonnaruwa|Kaudulla NP,2022,1,Polonnaruwa,Kaudulla NP,11.0,0.0,0.0,0.0,0.0,0.0,0.0,0.0,0.0,0.0,10.0,20.0,0.0,0.0,0.0,0.0,Meat/Egg Trade,41.0,1,2022-01-01,0.49999999999999994,0.8660254037844387,NE_monsoon,0.0,0,None,0.0,0,None,0.0,0,None
Polonnaruwa|Kaudulla NP,2022,2,Polonnaruwa,Kaudulla NP,13.0,0.0,0.0,0.0,0.0,0.0,0.0,0.0,0.0,0.0,0.0,0.0,0.0,0.0,0.0,2.0,Animal Death/Injury,15.0,1,2022-02-01,0.8660254037844386,0.5000000000000001,NE_monsoon,41.0,1,Meat/Egg Trade,0.0,0,None,0.0,0,None
Polonnaruwa|Kaudulla NP,2022,3,Polonnaruwa,Kaudulla NP,0.0,0.0,0.0,0.0,0.0,0.0,0.0,0.0,0.0,0.0,0.0,0.0,0.0,0.0,0.0,0.0,None,0.0,0,2022-03-01,1.0,6.123233995736766e-17,Inter_MarApr,15.0,1,Animal Death/Injury,41.0,1,Meat/Egg Trade,0.0,0,None
Polonnaruwa|Kaudulla NP,2022,4,Polonnaruwa,Kaudulla NP,0.0,0.0,0.0,0.0,0.0,0.0,0.0,0.0,0.0,0.0,0.0,0.0,0.0,0.0,0.0,0.0,None,0.0,0,2022-04-01,0.8660254037844387,-0.4999999999999998,Inter_MarApr,0.0,0,None,15.0,1,Animal Death/Injury,41.0,1,Meat/Egg Trade
Polonnaruwa|Kaudulla NP,2022,5,Polonnaruwa,Kaudulla NP,0.0,0.0,0.0,0.0,0.0,0.0,0.0,0.0,0.0,0.0,0.0,0.0,0.0,0.0,0.0,0.0,None,0.0,0,2022-05-01,0.49999999999999994,-0.8660254037844387,SW_monsoon,0.0,0,None,0.0,0,None,15.0,1,Animal Death/Injury
Polonnaruwa|Kaudulla NP,2022,6,Polonnaruwa,Kaudulla NP,0.0,0.0,0.0,0.0,0.0,0.0,0.0,0.0,0.0,0.0,0.0,0.0,0.0,0.0,0.0,0.0,None,0.0,0,2022-06-01,1.2246467991473532e-16,-1.0,SW_monsoon,0.0,0,None,0.0,0,None,0.0,0,None
Polonnaruwa|Kaudulla NP,2022,7,Polonnaruwa,Kaudulla NP,0.0,0.0,0.0,0.0,0.0,0.0,0.0,0.0,0.0,0.0,0.0,0.0,0.0,0.0,0.0,0.0,None,0.0,0,2022-07-01,-0.4999999999999997,-0.8660254037844388,SW_monsoon,0.0,0,None,0.0,0,None,0.0,0,None
Polonnaruwa|Kaudulla NP,2022,8,Polonnaruwa,Kaudulla NP,0.0,2.0,0.0,0.0,0.0,0.0,0.0,0.0,20.0,0.0,0.0,0.0,0.0,0.0,0.0,0.0,Illegal Entry,22.0,1,2022-08-01,-0.8660254037844384,-0.5000000000000004,SW_monsoon,0.0,0,None,0.0,0,None,0.0,0,None
Polonnaruwa|Kaudulla NP,2022,9,Polonnaruwa,Kaudulla NP,0.0,0.0,0.0,0.0,0.0,0.0,0.0,0.0,0.0,21.0,0.0,22.0,0.0,0.0,0.0,0.0,Meat/Egg Trade,43.0,1,2022-09-01,-1.0,-1.8369701987210297e-16,SW_monsoon,22.0,1,Illegal Entry,0.0,0,None,0.0,0,None
Polonnaruwa|Kaudulla NP,2022,10,Polonnaruwa,Kaudulla NP,0.0,0.0,0.0,0.0,0.0,0.0,0.0,0.0,0.0,0.0,0.0,0.0,0.0,0.0,0.0,0.0,None,0.0,0,2022-10-01,-0.8660254037844386,0.5000000000000001,Inter_OctNov,43.0,1,Meat/Egg Trade,22.0,1,Illegal Entry,0.0,0,None
Polonnaruwa|Kaudulla NP,2022,11,Polonnaruwa,Kaudulla NP,0.0,0.0,0.0,0.0,0.0,0.0,0.0,0.0,0.0,0.0,0.0,11.0,0.0,0.0,0.0,3.0,Meat/Egg Trade,14.0,1,2022-11-01,-0.5000000000000004,0.8660254037844384,Inter_OctNov,0.0,0,None,43.0,1,Meat/Egg Trade,22.0,1,Illegal Entry
Polonnaruwa|Kaudulla NP,2022,12,Polonnaruwa,Kaudulla NP,0.0,0.0,0.0,0.0,0.0,0.0,0.0,0.0,0.0,0.0,0.0,0.0,0.0,0.0,0.0,0.0,None,0.0,0,2022-12-01,-2.4492935982947064e-16,1.0,NE_monsoon,14.0,1,Meat/Egg Trade,0.0,0,None,43.0,1,Meat/Egg Trade
Polonnaruwa|Kaudulla NP,2023,1,Polonnaruwa,Kaudulla NP,8.0,0.0,0.0,0.0,0.0,0.0,0.0,0.0,0.0,0.0,0.0,0.0,0.0,16.0,0.0,0.0,Animal Death/Injury,24.0,1,2023-01-01,0.49999999999999994,0.8660254037844387,NE_monsoon,0.0,0,None,14.0,1,Meat/Egg Trade,0.0,0,None
Polonnaruwa|Kaudulla NP,2023,2,Polonnaruwa,Kaudulla NP,0.0,0.0,0.0,15.0,0.0,0.0,0.0,59.0,0.0,0.0,0.0,0.0,0.0,30.0,0.0,0.0,Hunting/Killing,104.0,1,2023-02-01,0.8660254037844386,0.5000000000000001,NE_monsoon,24.0,1,Animal Death/Injury,0.0,0,None,14.0,1,Meat/Egg Trade
Polonnaruwa|Kaudulla NP,2023,3,Polonnaruwa,Kaudulla NP,9.0,0.0,0.0,0.0,0.0,0.0,0.0,0.0,0.0,0.0,0.0,0.0,0.0,19.0,0.0,0.0,Animal Death/Injury,28.0,1,2023-03-01,1.0,6.123233995736766e-17,Inter_MarApr,104.0,1,Hunting/Killing,24.0,1,Animal Death/Injury,0.0,0,None
Polonnaruwa|Kaudulla NP,2023,4,Polonnaruwa,Kaudulla NP,0.0,0.0,0.0,0.0,0.0,0.0,0.0,0.0,0.0,0.0,0.0,0.0,0.0,0.0,0.0,0.0,None,0.0,0,2023-04-01,0.8660254037844387,-0.4999999999999998,Inter_MarApr,28.0,1,Animal Death/Injury,104.0,1,Hunting/Killing,24.0,1,Animal Death/Injury
Polonnaruwa|Kaudulla NP,2023,5,Polonnaruwa,Kaudulla NP,0.0,0.0,0.0,0.0,0.0,0.0,0.0,15.0,0.0,0.0,0.0,0.0,0.0,0.0,0.0,0.0,Hunting/Killing,15.0,1,2023-05-01,0.49999999999999994,-0.8660254037844387,SW_monsoon,0.0,0,None,28.0,1,Animal Death/Injury,104.0,1,Hunting/Killing
Polonnaruwa|Kaudulla NP,2023,6,Polonnaruwa,Kaudulla NP,24.0,0.0,0.0,0.0,0.0,0.0,0.0,0.0,0.0,0.0,0.0,78.0,0.0,0.0,0.0,87.0,Weapons/Traps,189.0,1,2023-06-01,1.2246467991473532e-16,-1.0,SW_monsoon,15.0,1,Hunting/Killing,0.0,0,None,28.0,1,Animal Death/Injury
Polonnaruwa|Kaudulla NP,2023,7,Polonnaruwa,Kaudulla NP,0.0,0.0,0.0,0.0,0.0,0.0,0.0,0.0,0.0,0.0,0.0,0.0,0.0,0.0,0.0,0.0,None,0.0,0,2023-07-01,-0.4999999999999997,-0.8660254037844388,SW_monsoon,189.0,1,Weapons/Traps,15.0,1,Hunting/Killing,0.0,0,None
Polonnaruwa|Kaudulla NP,2023,8,Polonnaruwa,Kaudulla NP,0.0,0.0,0.0,0.0,0.0,0.0,0.0,0.0,0.0,0.0,0.0,0.0,0.0,0.0,0.0,0.0,None,0.0,0,2023-08-01,-0.8660254037844384,-0.5000000000000004,SW_monsoon,0.0,0,None,189.0,1,Weapons/Traps,15.0,1,Hunting/Killing
Polonnaruwa|Kaudulla NP,2023,9,Polonnaruwa,Kaudulla NP,0.0,0.0,0.0,0.0,0.0,0.0,0.0,0.0,0.0,1.0,0.0,16.0,0.0,0.0,0.0,0.0,Meat/Egg Trade,17.0,1,2023-09-01,-1.0,-1.8369701987210297e-16,SW_monsoon,0.0,0,None,0.0,0,None,189.0,1,Weapons/Traps
Polonnaruwa|Kaudulla NP,2023,10,Polonnaruwa,Kaudulla NP,0.0,0.0,0.0,0.0,0.0,0.0,0.0,0.0,0.0,0.0,0.0,0.0,0.0,0.0,0.0,0.0,None,0.0,0,2023-10-01,-0.8660254037844386,0.5000000000000001,Inter_OctNov,17.0,1,Meat/Egg Trade,0.0,0,None,0.0,0,None
Polonnaruwa|Kaudulla NP,2023,11,Polonnaruwa,Kaudulla NP,0.0,0.0,0.0,0.0,0.0,0.0,0.0,0.0,0.0,11.0,0.0,0.0,0.0,0.0,0.0,0.0,Illegal Fishing,11.0,1,2023-11-01,-0.5000000000000004,0.8660254037844384,Inter_OctNov,0.0,0,None,17.0,1,Meat/Egg Trade,0.0,0,None
Polonnaruwa|Kaudulla NP,2023,12,Polonnaruwa,Kaudulla NP,0.0,0.0,0.0,0.0,0.0,0.0,0.0,0.0,0.0,0.0,0.0,0.0,0.0,0.0,0.0,0.0,None,0.0,0,2023-12-01,-2.4492935982947064e-16,1.0,NE_monsoon,11.0,1,Illegal Fishing,0.0,0,None,17.0,1,Meat/Egg Trade
Polonnaruwa|Kaudulla NP,2024,1,Polonnaruwa,Kaudulla NP,0.0,0.0,0.0,0.0,0.0,0.0,0.0,0.0,0.0,0.0,0.0,0.0,0.0,0.0,0.0,0.0,None,0.0,0,2024-01-01,0.49999999999999994,0.8660254037844387,NE_monsoon,0.0,0,None,11.0,1,Illegal Fishing,0.0,0,None
Polonnaruwa|Kaudulla NP,2024,2,Polonnaruwa,Kaudulla NP,0.0,0.0,0.0,0.0,0.0,0.0,0.0,0.0,0.0,0.0,0.0,0.0,0.0,0.0,0.0,0.0,None,0.0,0,2024-02-01,0.8660254037844386,0.5000000000000001,NE_monsoon,0.0,0,None,0.0,0,None,11.0,1,Illegal Fishing
Polonnaruwa|Kaudulla NP,2024,3,Polonnaruwa,Kaudulla NP,0.0,0.0,0.0,0.0,0.0,0.0,0.0,0.0,0.0,0.0,0.0,0.0,0.0,0.0,0.0,0.0,None,0.0,0,2024-03-01,1.0,6.123233995736766e-17,Inter_MarApr,0.0,0,None,0.0,0,None,0.0,0,None
Polonnaruwa|Kaudulla NP,2024,4,Polonnaruwa,Kaudulla NP,0.0,0.0,0.0,0.0,0.0,0.0,0.0,0.0,0.0,0.0,0.0,0.0,0.0,0.0,0.0,0.0,None,0.0,0,2024-04-01,0.8660254037844387,-0.4999999999999998,Inter_MarApr,0.0,0,None,0.0,0,None,0.0,0,None
Polonnaruwa|Kaudulla NP,2024,5,Polonnaruwa,Kaudulla NP,0.0,0.0,0.0,0.0,0.0,0.0,0.0,0.0,0.0,0.0,0.0,0.0,0.0,0.0,0.0,0.0,None,0.0,0,2024-05-01,0.49999999999999994,-0.8660254037844387,SW_monsoon,0.0,0,None,0.0,0,None,0.0,0,None
Polonnaruwa|Kaudulla NP,2024,6,Polonnaruwa,Kaudulla NP,0.0,0.0,0.0,0.0,0.0,0.0,0.0,0.0,0.0,0.0,0.0,0.0,0.0,0.0,0.0,0.0,None,0.0,0,2024-06-01,1.2246467991473532e-16,-1.0,SW_monsoon,0.0,0,None,0.0,0,None,0.0,0,None
Polonnaruwa|Kaudulla NP,2024,7,Polonnaruwa,Kaudulla NP,0.0,0.0,0.0,0.0,0.0,0.0,0.0,0.0,0.0,0.0,0.0,0.0,0.0,0.0,0.0,0.0,None,0.0,0,2024-07-01,-0.4999999999999997,-0.8660254037844388,SW_monsoon,0.0,0,None,0.0,0,None,0.0,0,None
Polonnaruwa|Kaudulla NP,2024,8,Polonnaruwa,Kaudulla NP,0.0,0.0,0.0,0.0,0.0,0.0,0.0,0.0,0.0,0.0,0.0,0.0,0.0,0.0,0.0,0.0,None,0.0,0,2024-08-01,-0.8660254037844384,-0.5000000000000004,SW_monsoon,0.0,0,None,0.0,0,None,0.0,0,None
Polonnaruwa|Kaudulla NP,2024,9,Polonnaruwa,Kaudulla NP,0.0,0.0,0.0,0.0,0.0,0.0,0.0,0.0,0.0,0.0,0.0,0.0,0.0,0.0,0.0,0.0,None,0.0,0,2024-09-01,-1.0,-1.8369701987210297e-16,SW_monsoon,0.0,0,None,0.0,0,None,0.0,0,None
Polonnaruwa|Kaudulla NP,2024,10,Polonnaruwa,Kaudulla NP,0.0,0.0,0.0,0.0,0.0,0.0,0.0,0.0,0.0,0.0,0.0,0.0,0.0,0.0,0.0,0.0,None,0.0,0,2024-10-01,-0.8660254037844386,0.5000000000000001,Inter_OctNov,0.0,0,None,0.0,0,None,0.0,0,None
Polonnaruwa|Kaudulla NP,2024,11,Polonnaruwa,Kaudulla NP,0.0,0.0,0.0,0.0,0.0,0.0,0.0,0.0,0.0,0.0,0.0,0.0,0.0,0.0,0.0,0.0,None,0.0,0,2024-11-01,-0.5000000000000004,0.8660254037844384,Inter_OctNov,0.0,0,None,0.0,0,None,0.0,0,None
Polonnaruwa|Kaudulla NP,2024,12,Polonnaruwa,Kaudulla NP,0.0,0.0,0.0,0.0,0.0,0.0,0.0,0.0,0.0,0.0,0.0,0.0,0.0,0.0,0.0,0.0,None,0.0,0,2024-12-01,-2.4492935982947064e-16,1.0,NE_monsoon,0.0,0,None,0.0,0,None,0.0,0,None
Polonnaruwa|Minneriya NP,2022,1,Polonnaruwa,Minneriya NP,0.0,0.0,0.0,0.0,0.0,0.0,0.0,0.0,0.0,0.0,0.0,0.0,1.0,0.0,0.0,0.0,Mining,1.0,1,2022-01-01,0.49999999999999994,0.8660254037844387,NE_monsoon,0.0,0,None,0.0,0,None,0.0,0,None
Polonnaruwa|Minneriya NP,2022,2,Polonnaruwa,Minneriya NP,0.0,0.0,0.0,0.0,0.0,0.0,0.0,0.0,14.0,0.0,0.0,0.0,0.0,39.0,0.0,0.0,Illegal Entry,53.0,1,2022-02-01,0.8660254037844386,0.5000000000000001,NE_monsoon,1.0,1,Mining,0.0,0,None,0.0,0,None
Polonnaruwa|Minneriya NP,2022,3,Polonnaruwa,Minneriya NP,0.0,0.0,0.0,0.0,0.0,0.0,0.0,0.0,0.0,0.0,0.0,0.0,0.0,0.0,0.0,0.0,None,0.0,0,2022-03-01,1.0,6.123233995736766e-17,Inter_MarApr,53.0,1,Illegal Entry,1.0,1,Mining,0.0,0,None
Polonnaruwa|Minneriya NP,2022,4,Polonnaruwa,Minneriya NP,0.0,0.0,0.0,0.0,0.0,0.0,0.0,0.0,0.0,0.0,0.0,0.0,0.0,0.0,0.0,0.0,None,0.0,0,2022-04-01,0.8660254037844387,-0.4999999999999998,Inter_MarApr,0.0,0,None,53.0,1,Illegal Entry,1.0,1,Mining
Polonnaruwa|Minneriya NP,2022,5,Polonnaruwa,Minneriya NP,0.0,0.0,0.0,0.0,0.0,0.0,0.0,0.0,0.0,0.0,0.0,0.0,0.0,0.0,0.0,0.0,None,0.0,0,2022-05-01,0.49999999999999994,-0.8660254037844387,SW_monsoon,0.0,0,None,0.0,0,None,53.0,1,Illegal Entry
Polonnaruwa|Minneriya NP,2022,6,Polonnaruwa,Minneriya NP,0.0,0.0,0.0,0.0,0.0,1.0,0.0,0.0,0.0,0.0,0.0,0.0,0.0,0.0,0.0,0.0,Encroachment/Land,1.0,1,2022-06-01,1.2246467991473532e-16,-1.0,SW_monsoon,0.0,0,None,0.0,0,None,0.0,0,None
Polonnaruwa|Minneriya NP,2022,7,Polonnaruwa,Minneriya NP,0.0,0.0,0.0,0.0,0.0,0.0,0.0,0.0,0.0,0.0,0.0,0.0,0.0,0.0,0.0,0.0,None,0.0,0,2022-07-01,-0.4999999999999997,-0.8660254037844388,SW_monsoon,1.0,1,Encroachment/Land,0.0,0,None,0.0,0,None
Polonnaruwa|Minneriya NP,2022,8,Polonnaruwa,Minneriya NP,0.0,0.0,0.0,0.0,0.0,0.0,0.0,0.0,0.0,0.0,0.0,0.0,0.0,0.0,0.0,9.0,Weapons/Traps,9.0,1,2022-08-01,-0.8660254037844384,-0.5000000000000004,SW_monsoon,0.0,0,None,1.0,1,Encroachment/Land,0.0,0,None
Polonnaruwa|Minneriya NP,2022,9,Polonnaruwa,Minneriya NP,0.0,0.0,0.0,0.0,0.0,0.0,0.0,0.0,0.0,0.0,0.0,0.0,0.0,0.0,0.0,0.0,None,0.0,0,2022-09-01,-1.0,-1.8369701987210297e-16,SW_monsoon,9.0,1,Weapons/Traps,0.0,0,None,1.0,1,Encroachment/Land
Polonnaruwa|Minneriya NP,2022,10,Polonnaruwa,Minneriya NP,0.0,0.0,0.0,0.0,0.0,0.0,0.0,0.0,0.0,0.0,0.0,0.0,0.0,0.0,0.0,0.0,None,0.0,0,2022-10-01,-0.8660254037844386,0.5000000000000001,Inter_OctNov,0.0,0,None,9.0,1,Weapons/Traps,0.0,0,None
Polonnaruwa|Minneriya NP,2022,11,Polonnaruwa,Minneriya NP,0.0,0.0,0.0,0.0,0.0,0.0,0.0,0.0,2.0,0.0,0.0,0.0,0.0,0.0,0.0,26.0,Weapons/Traps,28.0,1,2022-11-01,-0.5000000000000004,0.8660254037844384,Inter_OctNov,0.0,0,None,0.0,0,None,9.0,1,Weapons/Traps
Polonnaruwa|Minneriya NP,2022,12,Polonnaruwa,Minneriya NP,0.0,0.0,0.0,0.0,0.0,0.0,0.0,0.0,0.0,0.0,0.0,0.0,0.0,0.0,0.0,0.0,None,0.0,0,2022-12-01,-2.4492935982947064e-16,1.0,NE_monsoon,28.0,1,Weapons/Traps,0.0,0,None,0.0,0,None
Polonnaruwa|Minneriya NP,2023,1,Polonnaruwa,Minneriya NP,0.0,0.0,0.0,0.0,0.0,13.0,0.0,0.0,11.0,0.0,0.0,15.0,0.0,2.0,0.0,0.0,Meat/Egg Trade,41.0,1,2023-01-01,0.49999999999999994,0.8660254037844387,NE_monsoon,0.0,0,None,28.0,1,Weapons/Traps,0.0,0,None
Polonnaruwa|Minneriya NP,2023,2,Polonnaruwa,Minneriya NP,0.0,0.0,0.0,0.0,0.0,13.0,0.0,0.0,0.0,0.0,0.0,0.0,0.0,0.0,0.0,14.0,Weapons/Traps,27.0,1,2023-02-01,0.8660254037844386,0.5000000000000001,NE_monsoon,41.0,1,Meat/Egg Trade,0.0,0,None,28.0,1,Weapons/Traps
Polonnaruwa|Minneriya NP,2023,3,Polonnaruwa,Minneriya NP,0.0,0.0,0.0,0.0,0.0,2.0,0.0,0.0,13.0,0.0,0.0,0.0,0.0,18.0,0.0,22.0,Weapons/Traps,55.0,1,2023-03-01,1.0,6.123233995736766e-17,Inter_MarApr,27.0,1,Weapons/Traps,41.0,1,Meat/Egg Trade,0.0,0,None
Polonnaruwa|Minneriya NP,2023,4,Polonnaruwa,Minneriya NP,0.0,0.0,0.0,0.0,0.0,0.0,0.0,0.0,3.0,0.0,0.0,0.0,0.0,9.0,0.0,0.0,Illegal Entry,12.0,1,2023-04-01,0.8660254037844387,-0.4999999999999998,Inter_MarApr,55.0,1,Weapons/Traps,27.0,1,Weapons/Traps,41.0,1,Meat/Egg Trade
Polonnaruwa|Minneriya NP,2023,5,Polonnaruwa,Minneriya NP,0.0,0.0,0.0,0.0,0.0,0.0,0.0,0.0,43.0,0.0,20.0,0.0,0.0,46.0,0.0,21.0,Illegal Entry,130.0,1,2023-05-01,0.49999999999999994,-0.8660254037844387,SW_monsoon,12.0,1,Illegal Entry,55.0,1,Weapons/Traps,27.0,1,Weapons/Traps
Polonnaruwa|Minneriya NP,2023,6,Polonnaruwa,Minneriya NP,0.0,0.0,0.0,0.0,0.0,0.0,0.0,0.0,173.0,0.0,38.0,0.0,0.0,105.0,0.0,32.0,Illegal Entry,348.0,1,2023-06-01,1.2246467991473532e-16,-1.0,SW_monsoon,130.0,1,Illegal Entry,12.0,1,Illegal Entry,55.0,1,Weapons/Traps
Polonnaruwa|Minneriya NP,2023,7,Polonnaruwa,Minneriya NP,0.0,0.0,0.0,0.0,0.0,0.0,0.0,0.0,0.0,0.0,0.0,24.0,0.0,0.0,0.0,12.0,Meat/Egg Trade,36.0,1,2023-07-01,-0.4999999999999997,-0.8660254037844388,SW_monsoon,348.0,1,Illegal Entry,130.0,1,Illegal Entry,12.0,1,Illegal Entry
Polonnaruwa|Minneriya NP,2023,8,Polonnaruwa,Minneriya NP,0.0,0.0,0.0,0.0,0.0,65.0,0.0,0.0,0.0,0.0,0.0,0.0,0.0,0.0,0.0,35.0,Encroachment/Land,100.0,1,2023-08-01,-0.8660254037844384,-0.5000000000000004,SW_monsoon,36.0,1,Meat/Egg Trade,348.0,1,Illegal Entry,130.0,1,Illegal Entry
Polonnaruwa|Minneriya NP,2023,9,Polonnaruwa,Minneriya NP,0.0,0.0,0.0,0.0,0.0,0.0,0.0,0.0,0.0,0.0,0.0,20.0,0.0,0.0,0.0,0.0,Meat/Egg Trade,20.0,1,2023-09-01,-1.0,-1.8369701987210297e-16,SW_monsoon,100.0,1,Encroachment/Land,36.0,1,Meat/Egg Trade,348.0,1,Illegal Entry
Polonnaruwa|Minneriya NP,2023,10,Polonnaruwa,Minneriya NP,0.0,0.0,0.0,0.0,0.0,0.0,0.0,0.0,0.0,0.0,0.0,0.0,0.0,0.0,0.0,0.0,None,0.0,0,2023-10-01,-0.8660254037844386,0.5000000000000001,Inter_OctNov,20.0,1,Meat/Egg Trade,100.0,1,Encroachment/Land,36.0,1,Meat/Egg Trade
Polonnaruwa|Minneriya NP,2023,11,Polonnaruwa,Minneriya NP,0.0,0.0,0.0,0.0,0.0,0.0,0.0,0.0,0.0,0.0,0.0,0.0,0.0,0.0,0.0,0.0,None,0.0,0,2023-11-01,-0.5000000000000004,0.8660254037844384,Inter_OctNov,0.0,0,None,20.0,1,Meat/Egg Trade,100.0,1,Encroachment/Land
Polonnaruwa|Minneriya NP,2023,12,Polonnaruwa,Minneriya NP,0.0,0.0,0.0,0.0,0.0,0.0,0.0,0.0,0.0,0.0,0.0,0.0,0.0,0.0,0.0,0.0,None,0.0,0,2023-12-01,-2.4492935982947064e-16,1.0,NE_monsoon,0.0,0,None,0.0,0,None,20.0,1,Meat/Egg Trade
Polonnaruwa|Minneriya NP,2024,1,Polonnaruwa,Minneriya NP,0.0,0.0,0.0,0.0,0.0,0.0,0.0,0.0,0.0,0.0,0.0,0.0,0.0,0.0,0.0,0.0,None,0.0,0,2024-01-01,0.49999999999999994,0.8660254037844387,NE_monsoon,0.0,0,None,0.0,0,None,0.0,0,None
Polonnaruwa|Minneriya NP,2024,2,Polonnaruwa,Minneriya NP,0.0,0.0,0.0,0.0,0.0,11.0,8.0,0.0,0.0,0.0,6.0,0.0,0.0,0.0,0.0,0.0,Encroachment/Land,25.0,1,2024-02-01,0.8660254037844386,0.5000000000000001,NE_monsoon,0.0,0,None,0.0,0,None,0.0,0,None
Polonnaruwa|Minneriya NP,2024,3,Polonnaruwa,Minneriya NP,0.0,0.0,5.0,0.0,0.0,0.0,0.0,0.0,0.0,0.0,19.0,15.0,0.0,0.0,0.0,0.0,Illegal Logging,39.0,1,2024-03-01,1.0,6.123233995736766e-17,Inter_MarApr,25.0,1,Encroachment/Land,0.0,0,None,0.0,0,None
Polonnaruwa|Minneriya NP,2024,4,Polonnaruwa,Minneriya NP,0.0,0.0,0.0,0.0,0.0,0.0,0.0,0.0,0.0,0.0,0.0,0.0,0.0,0.0,0.0,0.0,None,0.0,0,2024-04-01,0.8660254037844387,-0.4999999999999998,Inter_MarApr,39.0,1,Illegal Logging,25.0,1,Encroachment/Land,0.0,0,None
Polonnaruwa|Minneriya NP,2024,5,Polonnaruwa,Minneriya NP,0.0,0.0,0.0,0.0,0.0,0.0,0.0,0.0,0.0,0.0,0.0,11.0,0.0,0.0,0.0,0.0,Meat/Egg Trade,11.0,1,2024-05-01,0.49999999999999994,-0.8660254037844387,SW_monsoon,0.0,0,None,39.0,1,Illegal Logging,25.0,1,Encroachment/Land
Polonnaruwa|Minneriya NP,2024,6,Polonnaruwa,Minneriya NP,0.0,0.0,0.0,0.0,0.0,0.0,0.0,0.0,0.0,0.0,0.0,0.0,0.0,0.0,0.0,0.0,None,0.0,0,2024-06-01,1.2246467991473532e-16,-1.0,SW_monsoon,11.0,1,Meat/Egg Trade,0.0,0,None,39.0,1,Illegal Logging
Polonnaruwa|Minneriya NP,2024,7,Polonnaruwa,Minneriya NP,0.0,0.0,0.0,0.0,0.0,0.0,0.0,0.0,0.0,0.0,0.0,0.0,0.0,0.0,0.0,0.0,None,0.0,0,2024-07-01,-0.4999999999999997,-0.8660254037844388,SW_monsoon,0.0,0,None,11.0,1,Meat/Egg Trade,0.0,0,None
Polonnaruwa|Minneriya NP,2024,8,Polonnaruwa,Minneriya NP,0.0,0.0,0.0,0.0,0.0,0.0,0.0,0.0,0.0,0.0,0.0,0.0,0.0,0.0,0.0,0.0,None,0.0,0,2024-08-01,-0.8660254037844384,-0.5000000000000004,SW_monsoon,0.0,0,None,0.0,0,None,11.0,1,Meat/Egg Trade
Polonnaruwa|Minneriya NP,2024,9,Polonnaruwa,Minneriya NP,0.0,0.0,0.0,0.0,0.0,0.0,0.0,0.0,0.0,0.0,0.0,0.0,0.0,0.0,0.0,0.0,None,0.0,0,2024-09-01,-1.0,-1.8369701987210297e-16,SW_monsoon,0.0,0,None,0.0,0,None,0.0,0,None
Polonnaruwa|Minneriya NP,2024,10,Polonnaruwa,Minneriya NP,0.0,0.0,0.0,0.0,0.0,0.0,0.0,0.0,0.0,0.0,0.0,0.0,0.0,0.0,0.0,0.0,None,0.0,0,2024-10-01,-0.8660254037844386,0.5000000000000001,Inter_OctNov,0.0,0,None,0.0,0,None,0.0,0,None
Polonnaruwa|Minneriya NP,2024,11,Polonnaruwa,Minneriya NP,0.0,0.0,0.0,0.0,0.0,0.0,0.0,0.0,16.0,0.0,0.0,0.0,0.0,0.0,0.0,0.0,Illegal Entry,16.0,1,2024-11-01,-0.5000000000000004,0.8660254037844384,Inter_OctNov,0.0,0,None,0.0,0,None,0.0,0,None
Polonnaruwa|Minneriya NP,2024,12,Polonnaruwa,Minneriya NP,0.0,0.0,0.0,0.0,0.0,0.0,0.0,0.0,0.0,0.0,0.0,0.0,0.0,0.0,0.0,0.0,None,0.0,0,2024-12-01,-2.4492935982947064e-16,1.0,NE_monsoon,16.0,1,Illegal Entry,0.0,0,None,0.0,0,None
Polonnaruwa|National Park,2022,1,Polonnaruwa,National Park,0.0,0.0,0.0,0.0,0.0,0.0,0.0,0.0,0.0,0.0,0.0,0.0,0.0,0.0,0.0,0.0,None,0.0,0,2022-01-01,0.49999999999999994,0.8660254037844387,NE_monsoon,0.0,0,None,0.0,0,None,0.0,0,None
Polonnaruwa|National Park,2022,2,Polonnaruwa,National Park,0.0,0.0,0.0,0.0,0.0,0.0,0.0,0.0,17.0,0.0,0.0,0.0,0.0,0.0,0.0,0.0,Illegal Entry,17.0,1,2022-02-01,0.8660254037844386,0.5000000000000001,NE_monsoon,0.0,0,None,0.0,0,None,0.0,0,None
Polonnaruwa|National Park,2022,3,Polonnaruwa,National Park,0.0,0.0,0.0,0.0,0.0,0.0,0.0,0.0,0.0,0.0,0.0,0.0,0.0,0.0,0.0,0.0,None,0.0,0,2022-03-01,1.0,6.123233995736766e-17,Inter_MarApr,17.0,1,Illegal Entry,0.0,0,None,0.0,0,None
Polonnaruwa|National Park,2022,4,Polonnaruwa,National Park,0.0,0.0,16.0,0.0,0.0,0.0,0.0,0.0,0.0,0.0,0.0,0.0,0.0,0.0,0.0,0.0,Animal Possession,16.0,1,2022-04-01,0.8660254037844387,-0.4999999999999998,Inter_MarApr,0.0,0,None,17.0,1,Illegal Entry,0.0,0,None
Polonnaruwa|National Park,2022,5,Polonnaruwa,National Park,0.0,0.0,0.0,0.0,0.0,0.0,0.0,0.0,25.0,0.0,0.0,0.0,0.0,0.0,0.0,15.0,Illegal Entry,40.0,1,2022-05-01,0.49999999999999994,-0.8660254037844387,SW_monsoon,16.0,1,Animal Possession,0.0,0,None,17.0,1,Illegal Entry
Polonnaruwa|National Park,2022,6,Polonnaruwa,National Park,0.0,0.0,0.0,0.0,0.0,0.0,0.0,0.0,0.0,0.0,0.0,0.0,0.0,0.0,0.0,0.0,None,0.0,0,2022-06-01,1.2246467991473532e-16,-1.0,SW_monsoon,40.0,1,Illegal Entry,16.0,1,Animal Possession,0.0,0,None
Polonnaruwa|National Park,2022,7,Polonnaruwa,National Park,0.0,0.0,0.0,0.0,0.0,0.0,0.0,0.0,0.0,0.0,0.0,0.0,0.0,0.0,0.0,14.0,Weapons/Traps,14.0,1,2022-07-01,-0.4999999999999997,-0.8660254037844388,SW_monsoon,0.0,0,None,40.0,1,Illegal Entry,16.0,1,Animal Possession
Polonnaruwa|National Park,2022,8,Polonnaruwa,National Park,0.0,0.0,0.0,0.0,0.0,0.0,0.0,0.0,0.0,0.0,0.0,0.0,0.0,0.0,0.0,0.0,None,0.0,0,2022-08-01,-0.8660254037844384,-0.5000000000000004,SW_monsoon,14.0,1,Weapons/Traps,0.0,0,None,40.0,1,Illegal Entry
Polonnaruwa|National Park,2022,9,Polonnaruwa,National Park,0.0,0.0,0.0,0.0,0.0,0.0,0.0,0.0,0.0,0.0,0.0,0.0,0.0,0.0,0.0,0.0,None,0.0,0,2022-09-01,-1.0,-1.8369701987210297e-16,SW_monsoon,0.0,0,None,14.0,1,Weapons/Traps,0.0,0,None
Polonnaruwa|National Park,2022,10,Polonnaruwa,National Park,0.0,0.0,0.0,0.0,0.0,0.0,0.0,0.0,0.0,0.0,0.0,0.0,0.0,0.0,0.0,0.0,None,0.0,0,2022-10-01,-0.8660254037844386,0.5000000000000001,Inter_OctNov,0.0,0,None,0.0,0,None,14.0,1,Weapons/Traps
Polonnaruwa|National Park,2022,11,Polonnaruwa,National Park,0.0,0.0,0.0,0.0,0.0,0.0,0.0,0.0,0.0,0.0,0.0,0.0,0.0,0.0,0.0,0.0,None,0.0,0,2022-11-01,-0.5000000000000004,0.8660254037844384,Inter_OctNov,0.0,0,None,0.0,0,None,0.0,0,None
Polonnaruwa|National Park,2022,12,Polonnaruwa,National Park,0.0,0.0,0.0,0.0,0.0,0.0,0.0,0.0,0.0,0.0,0.0,0.0,0.0,0.0,0.0,0.0,None,0.0,0,2022-12-01,-2.4492935982947064e-16,1.0,NE_monsoon,0.0,0,None,0.0,0,None,0.0,0,None
Polonnaruwa|National Park,2023,1,Polonnaruwa,National Park,0.0,0.0,0.0,0.0,0.0,0.0,0.0,0.0,0.0,0.0,0.0,0.0,0.0,0.0,0.0,0.0,None,0.0,0,2023-01-01,0.49999999999999994,0.8660254037844387,NE_monsoon,0.0,0,None,0.0,0,None,0.0,0,None
Polonnaruwa|National Park,2023,2,Polonnaruwa,National Park,0.0,0.0,0.0,0.0,0.0,0.0,0.0,0.0,25.0,0.0,0.0,0.0,0.0,0.0,0.0,0.0,Illegal Entry,25.0,1,2023-02-01,0.8660254037844386,0.5000000000000001,NE_monsoon,0.0,0,None,0.0,0,None,0.0,0,None
Polonnaruwa|National Park,2023,3,Polonnaruwa,National Park,0.0,0.0,0.0,0.0,0.0,0.0,0.0,0.0,0.0,0.0,0.0,0.0,0.0,0.0,0.0,0.0,None,0.0,0,2023-03-01,1.0,6.123233995736766e-17,Inter_MarApr,25.0,1,Illegal Entry,0.0,0,None,0.0,0,None
Polonnaruwa|National Park,2023,4,Polonnaruwa,National Park,0.0,0.0,0.0,0.0,0.0,0.0,0.0,0.0,0.0,0.0,0.0,0.0,0.0,0.0,0.0,0.0,None,0.0,0,2023-04-01,0.8660254037844387,-0.4999999999999998,Inter_MarApr,0.0,0,None,25.0,1,Illegal Entry,0.0,0,None
Polonnaruwa|National Park,2023,5,Polonnaruwa,National Park,0.0,0.0,0.0,0.0,0.0,0.0,0.0,0.0,0.0,0.0,0.0,0.0,0.0,0.0,0.0,0.0,None,0.0,0,2023-05-01,0.49999999999999994,-0.8660254037844387,SW_monsoon,0.0,0,None,0.0,0,None,25.0,1,Illegal Entry
Polonnaruwa|National Park,2023,6,Polonnaruwa,National Park,0.0,0.0,0.0,0.0,0.0,0.0,0.0,0.0,0.0,0.0,0.0,0.0,0.0,0.0,0.0,0.0,None,0.0,0,2023-06-01,1.2246467991473532e-16,-1.0,SW_monsoon,0.0,0,None,0.0,0,None,0.0,0,None
Polonnaruwa|National Park,2023,7,Polonnaruwa,National Park,0.0,0.0,0.0,0.0,0.0,0.0,0.0,0.0,21.0,0.0,0.0,0.0,0.0,0.0,0.0,0.0,Illegal Entry,21.0,1,2023-07-01,-0.4999999999999997,-0.8660254037844388,SW_monsoon,0.0,0,None,0.0,0,None,0.0,0,None
Polonnaruwa|National Park,2023,8,Polonnaruwa,National Park,0.0,0.0,0.0,0.0,0.0,0.0,0.0,0.0,303.0,51.0,0.0,0.0,0.0,0.0,0.0,36.0,Illegal Entry,390.0,1,2023-08-01,-0.8660254037844384,-0.5000000000000004,SW_monsoon,21.0,1,Illegal Entry,0.0,0,None,0.0,0,None
Polonnaruwa|National Park,2023,9,Polonnaruwa,National Park,0.0,0.0,0.0,0.0,7.0,0.0,0.0,0.0,0.0,0.0,0.0,0.0,0.0,0.0,0.0,0.0,Drugs/Alcohol,7.0,1,2023-09-01,-1.0,-1.8369701987210297e-16,SW_monsoon,390.0,1,Illegal Entry,21.0,1,Illegal Entry,0.0,0,None
Polonnaruwa|National Park,2023,10,Polonnaruwa,National Park,0.0,0.0,0.0,0.0,0.0,0.0,0.0,0.0,0.0,0.0,0.0,0.0,0.0,0.0,0.0,0.0,None,0.0,0,2023-10-01,-0.8660254037844386,0.5000000000000001,Inter_OctNov,7.0,1,Drugs/Alcohol,390.0,1,Illegal Entry,21.0,1,Illegal Entry
Polonnaruwa|National Park,2023,11,Polonnaruwa,National Park,0.0,0.0,0.0,0.0,0.0,0.0,0.0,0.0,0.0,0.0,0.0,0.0,0.0,0.0,0.0,0.0,None,0.0,0,2023-11-01,-0.5000000000000004,0.8660254037844384,Inter_OctNov,0.0,0,None,7.0,1,Drugs/Alcohol,390.0,1,Illegal Entry
Polonnaruwa|National Park,2023,12,Polonnaruwa,National Park,0.0,0.0,0.0,0.0,0.0,0.0,0.0,0.0,0.0,0.0,0.0,0.0,0.0,0.0,0.0,0.0,None,0.0,0,2023-12-01,-2.4492935982947064e-16,1.0,NE_monsoon,0.0,0,None,0.0,0,None,7.0,1,Drugs/Alcohol
Polonnaruwa|National Park,2024,1,Polonnaruwa,National Park,0.0,0.0,0.0,0.0,0.0,0.0,0.0,0.0,0.0,0.0,0.0,0.0,0.0,0.0,0.0,0.0,None,0.0,0,2024-01-01,0.49999999999999994,0.8660254037844387,NE_monsoon,0.0,0,None,0.0,0,None,0.0,0,None
Polonnaruwa|National Park,2024,2,Polonnaruwa,National Park,0.0,0.0,0.0,0.0,0.0,0.0,0.0,0.0,0.0,0.0,0.0,0.0,0.0,0.0,0.0,0.0,None,0.0,0,2024-02-01,0.8660254037844386,0.5000000000000001,NE_monsoon,0.0,0,None,0.0,0,None,0.0,0,None
Polonnaruwa|National Park,2024,3,Polonnaruwa,National Park,0.0,0.0,0.0,0.0,0.0,0.0,0.0,0.0,2.0,0.0,0.0,0.0,0.0,11.0,0.0,0.0,Illegal Entry,13.0,1,2024-03-01,1.0,6.123233995736766e-17,Inter_MarApr,0.0,0,None,0.0,0,None,0.0,0,None
Polonnaruwa|National Park,2024,4,Polonnaruwa,National Park,0.0,0.0,0.0,0.0,0.0,0.0,0.0,0.0,0.0,0.0,0.0,0.0,0.0,0.0,0.0,0.0,None,0.0,0,2024-04-01,0.8660254037844387,-0.4999999999999998,Inter_MarApr,13.0,1,Illegal Entry,0.0,0,None,0.0,0,None
Polonnaruwa|National Park,2024,5,Polonnaruwa,National Park,0.0,0.0,0.0,0.0,0.0,0.0,0.0,0.0,0.0,0.0,0.0,0.0,0.0,0.0,0.0,0.0,None,0.0,0,2024-05-01,0.49999999999999994,-0.8660254037844387,SW_monsoon,0.0,0,None,13.0,1,Illegal Entry,0.0,0,None
Polonnaruwa|National Park,2024,6,Polonnaruwa,National Park,0.0,0.0,0.0,0.0,0.0,0.0,0.0,0.0,0.0,0.0,0.0,0.0,0.0,0.0,0.0,0.0,None,0.0,0,2024-06-01,1.2246467991473532e-16,-1.0,SW_monsoon,0.0,0,None,0.0,0,None,13.0,1,Illegal Entry
Polonnaruwa|National Park,2024,7,Polonnaruwa,National Park,0.0,0.0,0.0,0.0,0.0,0.0,0.0,0.0,0.0,0.0,0.0,0.0,0.0,0.0,0.0,0.0,None,0.0,0,2024-07-01,-0.4999999999999997,-0.8660254037844388,SW_monsoon,0.0,0,None,0.0,0,None,0.0,0,None
Polonnaruwa|National Park,2024,8,Polonnaruwa,National Park,0.0,0.0,0.0,0.0,0.0,0.0,0.0,0.0,0.0,0.0,0.0,0.0,0.0,0.0,0.0,0.0,None,0.0,0,2024-08-01,-0.8660254037844384,-0.5000000000000004,SW_monsoon,0.0,0,None,0.0,0,None,0.0,0,None
Polonnaruwa|National Park,2024,9,Polonnaruwa,National Park,0.0,0.0,0.0,0.0,0.0,0.0,0.0,0.0,0.0,0.0,0.0,0.0,0.0,0.0,0.0,0.0,None,0.0,0,2024-09-01,-1.0,-1.8369701987210297e-16,SW_monsoon,0.0,0,None,0.0,0,None,0.0,0,None
Polonnaruwa|National Park,2024,10,Polonnaruwa,National Park,0.0,0.0,0.0,0.0,0.0,0.0,0.0,0.0,0.0,0.0,0.0,0.0,0.0,0.0,0.0,0.0,None,0.0,0,2024-10-01,-0.8660254037844386,0.5000000000000001,Inter_OctNov,0.0,0,None,0.0,0,None,0.0,0,None
Polonnaruwa|National Park,2024,11,Polonnaruwa,National Park,0.0,0.0,0.0,0.0,0.0,0.0,0.0,0.0,0.0,0.0,0.0,0.0,0.0,0.0,0.0,0.0,None,0.0,0,2024-11-01,-0.5000000000000004,0.8660254037844384,Inter_OctNov,0.0,0,None,0.0,0,None,0.0,0,None
Polonnaruwa|National Park,2024,12,Polonnaruwa,National Park,0.0,0.0,0.0,0.0,0.0,0.0,0.0,0.0,0.0,0.0,0.0,0.0,0.0,0.0,0.0,0.0,None,0.0,0,2024-12-01,-2.4492935982947064e-16,1.0,NE_monsoon,0.0,0,None,0.0,0,None,0.0,0,None
Polonnaruwa|Nature Reserve,2022,1,Polonnaruwa,Nature Reserve,0.0,0.0,0.0,0.0,0.0,0.0,0.0,0.0,0.0,0.0,0.0,0.0,0.0,0.0,0.0,0.0,None,0.0,0,2022-01-01,0.49999999999999994,0.8660254037844387,NE_monsoon,0.0,0,None,0.0,0,None,0.0,0,None
Polonnaruwa|Nature Reserve,2022,2,Polonnaruwa,Nature Reserve,0.0,0.0,0.0,0.0,0.0,0.0,0.0,0.0,0.0,0.0,0.0,0.0,0.0,0.0,0.0,0.0,None,0.0,0,2022-02-01,0.8660254037844386,0.5000000000000001,NE_monsoon,0.0,0,None,0.0,0,None,0.0,0,None
Polonnaruwa|Nature Reserve,2022,3,Polonnaruwa,Nature Reserve,0.0,0.0,0.0,0.0,0.0,0.0,0.0,0.0,0.0,0.0,0.0,0.0,0.0,0.0,0.0,0.0,None,0.0,0,2022-03-01,1.0,6.123233995736766e-17,Inter_MarApr,0.0,0,None,0.0,0,None,0.0,0,None
Polonnaruwa|Nature Reserve,2022,4,Polonnaruwa,Nature Reserve,0.0,0.0,0.0,0.0,0.0,0.0,0.0,0.0,0.0,0.0,0.0,0.0,0.0,0.0,0.0,12.0,Weapons/Traps,12.0,1,2022-04-01,0.8660254037844387,-0.4999999999999998,Inter_MarApr,0.0,0,None,0.0,0,None,0.0,0,None
Polonnaruwa|Nature Reserve,2022,5,Polonnaruwa,Nature Reserve,0.0,0.0,0.0,0.0,0.0,0.0,0.0,0.0,0.0,0.0,0.0,0.0,0.0,0.0,0.0,12.0,Weapons/Traps,12.0,1,2022-05-01,0.49999999999999994,-0.8660254037844387,SW_monsoon,12.0,1,Weapons/Traps,0.0,0,None,0.0,0,None
Polonnaruwa|Nature Reserve,2022,6,Polonnaruwa,Nature Reserve,0.0,0.0,0.0,0.0,0.0,0.0,0.0,0.0,0.0,0.0,0.0,0.0,0.0,0.0,0.0,0.0,None,0.0,0,2022-06-01,1.2246467991473532e-16,-1.0,SW_monsoon,12.0,1,Weapons/Traps,12.0,1,Weapons/Traps,0.0,0,None
Polonnaruwa|Nature Reserve,2022,7,Polonnaruwa,Nature Reserve,0.0,0.0,0.0,0.0,0.0,0.0,0.0,0.0,0.0,0.0,0.0,0.0,0.0,0.0,0.0,0.0,None,0.0,0,2022-07-01,-0.4999999999999997,-0.8660254037844388,SW_monsoon,0.0,0,None,12.0,1,Weapons/Traps,12.0,1,Weapons/Traps
Polonnaruwa|Nature Reserve,2022,8,Polonnaruwa,Nature Reserve,0.0,0.0,0.0,0.0,0.0,0.0,0.0,0.0,0.0,0.0,0.0,0.0,0.0,0.0,0.0,0.0,None,0.0,0,2022-08-01,-0.8660254037844384,-0.5000000000000004,SW_monsoon,0.0,0,None,0.0,0,None,12.0,1,Weapons/Traps
Polonnaruwa|Nature Reserve,2022,9,Polonnaruwa,Nature Reserve,0.0,0.0,0.0,0.0,0.0,0.0,0.0,0.0,0.0,0.0,0.0,0.0,0.0,0.0,0.0,0.0,None,0.0,0,2022-09-01,-1.0,-1.8369701987210297e-16,SW_monsoon,0.0,0,None,0.0,0,None,0.0,0,None
Polonnaruwa|Nature Reserve,2022,10,Polonnaruwa,Nature Reserve,0.0,0.0,0.0,0.0,0.0,0.0,0.0,0.0,0.0,0.0,0.0,0.0,0.0,0.0,0.0,0.0,None,0.0,0,2022-10-01,-0.8660254037844386,0.5000000000000001,Inter_OctNov,0.0,0,None,0.0,0,None,0.0,0,None
Polonnaruwa|Nature Reserve,2022,11,Polonnaruwa,Nature Reserve,0.0,0.0,0.0,0.0,0.0,0.0,0.0,0.0,0.0,0.0,0.0,0.0,0.0,0.0,0.0,0.0,None,0.0,0,2022-11-01,-0.5000000000000004,0.8660254037844384,Inter_OctNov,0.0,0,None,0.0,0,None,0.0,0,None
Polonnaruwa|Nature Reserve,2022,12,Polonnaruwa,Nature Reserve,0.0,0.0,0.0,0.0,0.0,0.0,0.0,0.0,0.0,0.0,0.0,0.0,0.0,0.0,0.0,0.0,None,0.0,0,2022-12-01,-2.4492935982947064e-16,1.0,NE_monsoon,0.0,0,None,0.0,0,None,0.0,0,None
Polonnaruwa|Nature Reserve,2023,1,Polonnaruwa,Nature Reserve,0.0,0.0,0.0,0.0,0.0,0.0,0.0,0.0,0.0,0.0,0.0,0.0,0.0,0.0,0.0,0.0,None,0.0,0,2023-01-01,0.49999999999999994,0.8660254037844387,NE_monsoon,0.0,0,None,0.0,0,None,0.0,0,None
Polonnaruwa|Nature Reserve,2023,2,Polonnaruwa,Nature Reserve,0.0,0.0,0.0,0.0,0.0,0.0,0.0,0.0,0.0,0.0,0.0,0.0,0.0,0.0,0.0,0.0,None,0.0,0,2023-02-01,0.8660254037844386,0.5000000000000001,NE_monsoon,0.0,0,None,0.0,0,None,0.0,0,None
Polonnaruwa|Nature Reserve,2023,3,Polonnaruwa,Nature Reserve,0.0,0.0,0.0,0.0,0.0,0.0,0.0,0.0,0.0,0.0,0.0,0.0,0.0,0.0,0.0,0.0,None,0.0,0,2023-03-01,1.0,6.123233995736766e-17,Inter_MarApr,0.0,0,None,0.0,0,None,0.0,0,None
Polonnaruwa|Nature Reserve,2023,4,Polonnaruwa,Nature Reserve,0.0,0.0,0.0,0.0,0.0,0.0,0.0,0.0,13.0,0.0,0.0,0.0,0.0,0.0,0.0,0.0,Illegal Entry,13.0,1,2023-04-01,0.8660254037844387,-0.4999999999999998,Inter_MarApr,0.0,0,None,0.0,0,None,0.0,0,None
Polonnaruwa|Nature Reserve,2023,5,Polonnaruwa,Nature Reserve,0.0,0.0,0.0,0.0,0.0,0.0,0.0,0.0,0.0,0.0,0.0,0.0,0.0,0.0,0.0,0.0,None,0.0,0,2023-05-01,0.49999999999999994,-0.8660254037844387,SW_monsoon,13.0,1,Illegal Entry,0.0,0,None,0.0,0,None
Polonnaruwa|Nature Reserve,2023,6,Polonnaruwa,Nature Reserve,0.0,0.0,0.0,0.0,0.0,0.0,0.0,0.0,0.0,0.0,0.0,0.0,0.0,0.0,0.0,0.0,None,0.0,0,2023-06-01,1.2246467991473532e-16,-1.0,SW_monsoon,0.0,0,None,13.0,1,Illegal Entry,0.0,0,None
Polonnaruwa|Nature Reserve,2023,7,Polonnaruwa,Nature Reserve,0.0,0.0,0.0,0.0,0.0,0.0,0.0,0.0,0.0,0.0,0.0,0.0,0.0,0.0,0.0,0.0,None,0.0,0,2023-07-01,-0.4999999999999997,-0.8660254037844388,SW_monsoon,0.0,0,None,0.0,0,None,13.0,1,Illegal Entry
Polonnaruwa|Nature Reserve,2023,8,Polonnaruwa,Nature Reserve,53.0,0.0,0.0,0.0,0.0,0.0,0.0,0.0,0.0,0.0,0.0,0.0,0.0,0.0,0.0,30.0,Animal Death/Injury,83.0,1,2023-08-01,-0.8660254037844384,-0.5000000000000004,SW_monsoon,0.0,0,None,0.0,0,None,0.0,0,None
Polonnaruwa|Nature Reserve,2023,9,Polonnaruwa,Nature Reserve,0.0,0.0,0.0,0.0,0.0,0.0,0.0,0.0,0.0,0.0,0.0,0.0,0.0,0.0,0.0,0.0,None,0.0,0,2023-09-01,-1.0,-1.8369701987210297e-16,SW_monsoon,83.0,1,Animal Death/Injury,0.0,0,None,0.0,0,None
Polonnaruwa|Nature Reserve,2023,10,Polonnaruwa,Nature Reserve,0.0,0.0,0.0,0.0,0.0,0.0,0.0,0.0,0.0,0.0,0.0,0.0,0.0,0.0,0.0,0.0,None,0.0,0,2023-10-01,-0.8660254037844386,0.5000000000000001,Inter_OctNov,0.0,0,None,83.0,1,Animal Death/Injury,0.0,0,None
Polonnaruwa|Nature Reserve,2023,11,Polonnaruwa,Nature Reserve,0.0,0.0,0.0,0.0,0.0,0.0,0.0,0.0,0.0,0.0,0.0,0.0,0.0,0.0,0.0,0.0,None,0.0,0,2023-11-01,-0.5000000000000004,0.8660254037844384,Inter_OctNov,0.0,0,None,0.0,0,None,83.0,1,Animal Death/Injury
Polonnaruwa|Nature Reserve,2023,12,Polonnaruwa,Nature Reserve,0.0,0.0,0.0,0.0,0.0,0.0,0.0,0.0,0.0,0.0,0.0,0.0,0.0,0.0,0.0,0.0,None,0.0,0,2023-12-01,-2.4492935982947064e-16,1.0,NE_monsoon,0.0,0,None,0.0,0,None,0.0,0,None
Polonnaruwa|Nature Reserve,2024,1,Polonnaruwa,Nature Reserve,0.0,0.0,0.0,0.0,0.0,0.0,0.0,0.0,0.0,0.0,0.0,0.0,0.0,0.0,0.0,0.0,None,0.0,0,2024-01-01,0.49999999999999994,0.8660254037844387,NE_monsoon,0.0,0,None,0.0,0,None,0.0,0,None
Polonnaruwa|Nature Reserve,2024,2,Polonnaruwa,Nature Reserve,0.0,0.0,0.0,0.0,0.0,0.0,0.0,0.0,0.0,0.0,0.0,0.0,0.0,0.0,0.0,0.0,None,0.0,0,2024-02-01,0.8660254037844386,0.5000000000000001,NE_monsoon,0.0,0,None,0.0,0,None,0.0,0,None
Polonnaruwa|Nature Reserve,2024,3,Polonnaruwa,Nature Reserve,0.0,0.0,0.0,0.0,0.0,0.0,0.0,0.0,0.0,0.0,0.0,0.0,0.0,0.0,0.0,0.0,None,0.0,0,2024-03-01,1.0,6.123233995736766e-17,Inter_MarApr,0.0,0,None,0.0,0,None,0.0,0,None
Polonnaruwa|Nature Reserve,2024,4,Polonnaruwa,Nature Reserve,0.0,0.0,0.0,0.0,0.0,0.0,0.0,0.0,0.0,0.0,0.0,0.0,0.0,0.0,0.0,0.0,None,0.0,0,2024-04-01,0.8660254037844387,-0.4999999999999998,Inter_MarApr,0.0,0,None,0.0,0,None,0.0,0,None
Polonnaruwa|Nature Reserve,2024,5,Polonnaruwa,Nature Reserve,0.0,0.0,0.0,0.0,0.0,0.0,0.0,0.0,0.0,0.0,0.0,0.0,0.0,0.0,0.0,0.0,None,0.0,0,2024-05-01,0.49999999999999994,-0.8660254037844387,SW_monsoon,0.0,0,None,0.0,0,None,0.0,0,None
Polonnaruwa|Nature Reserve,2024,6,Polonnaruwa,Nature Reserve,0.0,0.0,0.0,0.0,0.0,0.0,0.0,0.0,0.0,0.0,0.0,0.0,0.0,0.0,0.0,0.0,None,0.0,0,2024-06-01,1.2246467991473532e-16,-1.0,SW_monsoon,0.0,0,None,0.0,0,None,0.0,0,None
Polonnaruwa|Nature Reserve,2024,7,Polonnaruwa,Nature Reserve,0.0,0.0,0.0,0.0,0.0,0.0,0.0,0.0,0.0,0.0,0.0,0.0,0.0,0.0,0.0,0.0,None,0.0,0,2024-07-01,-0.4999999999999997,-0.8660254037844388,SW_monsoon,0.0,0,None,0.0,0,None,0.0,0,None
Polonnaruwa|Nature Reserve,2024,8,Polonnaruwa,Nature Reserve,0.0,0.0,0.0,0.0,0.0,0.0,0.0,0.0,0.0,0.0,0.0,0.0,0.0,0.0,0.0,0.0,None,0.0,0,2024-08-01,-0.8660254037844384,-0.5000000000000004,SW_monsoon,0.0,0,None,0.0,0,None,0.0,0,None
Polonnaruwa|Nature Reserve,2024,9,Polonnaruwa,Nature Reserve,0.0,0.0,0.0,0.0,0.0,0.0,0.0,0.0,0.0,0.0,0.0,0.0,0.0,0.0,0.0,0.0,None,0.0,0,2024-09-01,-1.0,-1.8369701987210297e-16,SW_monsoon,0.0,0,None,0.0,0,None,0.0,0,None
Polonnaruwa|Nature Reserve,2024,10,Polonnaruwa,Nature Reserve,0.0,0.0,0.0,0.0,0.0,0.0,0.0,0.0,0.0,0.0,0.0,0.0,0.0,0.0,0.0,0.0,None,0.0,0,2024-10-01,-0.8660254037844386,0.5000000000000001,Inter_OctNov,0.0,0,None,0.0,0,None,0.0,0,None
Polonnaruwa|Nature Reserve,2024,11,Polonnaruwa,Nature Reserve,0.0,0.0,0.0,0.0,0.0,0.0,0.0,0.0,0.0,0.0,0.0,0.0,0.0,0.0,0.0,0.0,None,0.0,0,2024-11-01,-0.5000000000000004,0.8660254037844384,Inter_OctNov,0.0,0,None,0.0,0,None,0.0,0,None
Polonnaruwa|Nature Reserve,2024,12,Polonnaruwa,Nature Reserve,0.0,0.0,0.0,0.0,0.0,0.0,0.0,0.0,0.0,0.0,0.0,0.0,0.0,0.0,0.0,0.0,None,0.0,0,2024-12-01,-2.4492935982947064e-16,1.0,NE_monsoon,0.0,0,None,0.0,0,None,0.0,0,None
Polonnaruwa|Out of Protected Area,2022,1,Polonnaruwa,Out of Protected Area,25.0,0.0,0.0,0.0,0.0,0.0,0.0,15.0,0.0,0.0,0.0,3.0,0.0,0.0,0.0,19.0,Animal Death/Injury,62.0,1,2022-01-01,0.49999999999999994,0.8660254037844387,NE_monsoon,0.0,0,None,0.0,0,None,0.0,0,None
Polonnaruwa|Out of Protected Area,2022,2,Polonnaruwa,Out of Protected Area,0.0,0.0,0.0,0.0,0.0,0.0,0.0,0.0,0.0,0.0,0.0,6.0,0.0,0.0,0.0,5.0,Meat/Egg Trade,11.0,1,2022-02-01,0.8660254037844386,0.5000000000000001,NE_monsoon,62.0,1,Animal Death/Injury,0.0,0,None,0.0,0,None
Polonnaruwa|Out of Protected Area,2022,3,Polonnaruwa,Out of Protected Area,0.0,0.0,43.0,0.0,0.0,0.0,0.0,0.0,0.0,0.0,0.0,21.0,0.0,0.0,0.0,0.0,Animal Possession,64.0,1,2022-03-01,1.0,6.123233995736766e-17,Inter_MarApr,11.0,1,Meat/Egg Trade,62.0,1,Animal Death/Injury,0.0,0,None
Polonnaruwa|Out of Protected Area,2022,4,Polonnaruwa,Out of Protected Area,0.0,0.0,9.0,0.0,0.0,0.0,0.0,23.0,0.0,0.0,0.0,54.0,0.0,0.0,0.0,0.0,Meat/Egg Trade,86.0,1,2022-04-01,0.8660254037844387,-0.4999999999999998,Inter_MarApr,64.0,1,Animal Possession,11.0,1,Meat/Egg Trade,62.0,1,Animal Death/Injury
Polonnaruwa|Out of Protected Area,2022,5,Polonnaruwa,Out of Protected Area,0.0,0.0,0.0,0.0,0.0,0.0,0.0,0.0,0.0,0.0,0.0,3.0,0.0,0.0,0.0,0.0,Meat/Egg Trade,3.0,1,2022-05-01,0.49999999999999994,-0.8660254037844387,SW_monsoon,86.0,1,Meat/Egg Trade,64.0,1,Animal Possession,11.0,1,Meat/Egg Trade
Polonnaruwa|Out of Protected Area,2022,6,Polonnaruwa,Out of Protected Area,0.0,0.0,15.0,0.0,0.0,0.0,0.0,0.0,0.0,0.0,0.0,13.0,0.0,0.0,0.0,0.0,Animal Possession,28.0,1,2022-06-01,1.2246467991473532e-16,-1.0,SW_monsoon,3.0,1,Meat/Egg Trade,86.0,1,Meat/Egg Trade,64.0,1,Animal Possession
Polonnaruwa|Out of Protected Area,2022,7,Polonnaruwa,Out of Protected Area,0.0,0.0,0.0,0.0,0.0,0.0,0.0,0.0,0.0,0.0,0.0,0.0,0.0,0.0,0.0,0.0,None,0.0,0,2022-07-01,-0.4999999999999997,-0.8660254037844388,SW_monsoon,28.0,1,Animal Possession,3.0,1,Meat/Egg Trade,86.0,1,Meat/Egg Trade
Polonnaruwa|Out of Protected Area,2022,8,Polonnaruwa,Out of Protected Area,0.0,0.0,0.0,0.0,0.0,0.0,0.0,0.0,0.0,0.0,0.0,0.0,0.0,0.0,0.0,0.0,None,0.0,0,2022-08-01,-0.8660254037844384,-0.5000000000000004,SW_monsoon,0.0,0,None,28.0,1,Animal Possession,3.0,1,Meat/Egg Trade
Polonnaruwa|Out of Protected Area,2022,9,Polonnaruwa,Out of Protected Area,0.0,0.0,0.0,0.0,0.0,0.0,0.0,0.0,0.0,0.0,0.0,0.0,0.0,0.0,0.0,0.0,None,0.0,0,2022-09-01,-1.0,-1.8369701987210297e-16,SW_monsoon,0.0,0,None,0.0,0,None,28.0,1,Animal Possession
Polonnaruwa|Out of Protected Area,2022,10,Polonnaruwa,Out of Protected Area,0.0,0.0,0.0,0.0,0.0,0.0,0.0,0.0,0.0,0.0,0.0,0.0,0.0,0.0,0.0,0.0,None,0.0,0,2022-10-01,-0.8660254037844386,0.5000000000000001,Inter_OctNov,0.0,0,None,0.0,0,None,0.0,0,None
Polonnaruwa|Out of Protected Area,2022,11,Polonnaruwa,Out of Protected Area,0.0,0.0,0.0,0.0,0.0,0.0,0.0,0.0,0.0,0.0,0.0,0.0,0.0,0.0,0.0,0.0,None,0.0,0,2022-11-01,-0.5000000000000004,0.8660254037844384,Inter_OctNov,0.0,0,None,0.0,0,None,0.0,0,None
Polonnaruwa|Out of Protected Area,2022,12,Polonnaruwa,Out of Protected Area,0.0,0.0,0.0,0.0,0.0,0.0,0.0,0.0,0.0,0.0,0.0,0.0,0.0,0.0,0.0,0.0,None,0.0,0,2022-12-01,-2.4492935982947064e-16,1.0,NE_monsoon,0.0,0,None,0.0,0,None,0.0,0,None
Polonnaruwa|Out of Protected Area,2023,1,Polonnaruwa,Out of Protected Area,0.0,0.0,0.0,0.0,0.0,0.0,0.0,0.0,0.0,0.0,0.0,0.0,0.0,0.0,0.0,3.0,Weapons/Traps,3.0,1,2023-01-01,0.49999999999999994,0.8660254037844387,NE_monsoon,0.0,0,None,0.0,0,None,0.0,0,None
Polonnaruwa|Out of Protected Area,2023,2,Polonnaruwa,Out of Protected Area,0.0,0.0,0.0,0.0,0.0,0.0,0.0,0.0,0.0,0.0,0.0,0.0,0.0,0.0,0.0,0.0,None,0.0,0,2023-02-01,0.8660254037844386,0.5000000000000001,NE_monsoon,3.0,1,Weapons/Traps,0.0,0,None,0.0,0,None
Polonnaruwa|Out of Protected Area,2023,3,Polonnaruwa,Out of Protected Area,0.0,0.0,0.0,0.0,0.0,0.0,0.0,1.0,0.0,0.0,0.0,0.0,0.0,0.0,0.0,0.0,Hunting/Killing,1.0,1,2023-03-01,1.0,6.123233995736766e-17,Inter_MarApr,0.0,0,None,3.0,1,Weapons/Traps,0.0,0,None
Polonnaruwa|Out of Protected Area,2023,4,Polonnaruwa,Out of Protected Area,0.0,0.0,0.0,0.0,0.0,0.0,0.0,0.0,0.0,0.0,0.0,0.0,0.0,0.0,0.0,0.0,None,0.0,0,2023-04-01,0.8660254037844387,-0.4999999999999998,Inter_MarApr,1.0,1,Hunting/Killing,0.0,0,None,3.0,1,Weapons/Traps
Polonnaruwa|Out of Protected Area,2023,5,Polonnaruwa,Out of Protected Area,0.0,0.0,0.0,0.0,0.0,0.0,0.0,0.0,0.0,0.0,0.0,0.0,0.0,0.0,0.0,0.0,None,0.0,0,2023-05-01,0.49999999999999994,-0.8660254037844387,SW_monsoon,0.0,0,None,1.0,1,Hunting/Killing,0.0,0,None
Polonnaruwa|Out of Protected Area,2023,6,Polonnaruwa,Out of Protected Area,0.0,0.0,0.0,0.0,0.0,0.0,0.0,0.0,0.0,0.0,0.0,0.0,0.0,0.0,0.0,0.0,None,0.0,0,2023-06-01,1.2246467991473532e-16,-1.0,SW_monsoon,0.0,0,None,0.0,0,None,1.0,1,Hunting/Killing
Polonnaruwa|Out of Protected Area,2023,7,Polonnaruwa,Out of Protected Area,0.0,0.0,0.0,0.0,0.0,0.0,0.0,0.0,0.0,0.0,0.0,0.0,0.0,0.0,0.0,0.0,None,0.0,0,2023-07-01,-0.4999999999999997,-0.8660254037844388,SW_monsoon,0.0,0,None,0.0,0,None,0.0,0,None
Polonnaruwa|Out of Protected Area,2023,8,Polonnaruwa,Out of Protected Area,0.0,0.0,0.0,0.0,0.0,0.0,0.0,0.0,0.0,0.0,0.0,0.0,0.0,0.0,0.0,0.0,None,0.0,0,2023-08-01,-0.8660254037844384,-0.5000000000000004,SW_monsoon,0.0,0,None,0.0,0,None,0.0,0,None
Polonnaruwa|Out of Protected Area,2023,9,Polonnaruwa,Out of Protected Area,0.0,0.0,0.0,0.0,0.0,0.0,0.0,0.0,0.0,0.0,0.0,0.0,0.0,0.0,0.0,0.0,None,0.0,0,2023-09-01,-1.0,-1.8369701987210297e-16,SW_monsoon,0.0,0,None,0.0,0,None,0.0,0,None
Polonnaruwa|Out of Protected Area,2023,10,Polonnaruwa,Out of Protected Area,0.0,0.0,0.0,0.0,0.0,0.0,0.0,0.0,0.0,0.0,0.0,0.0,0.0,0.0,0.0,0.0,None,0.0,0,2023-10-01,-0.8660254037844386,0.5000000000000001,Inter_OctNov,0.0,0,None,0.0,0,None,0.0,0,None
Polonnaruwa|Out of Protected Area,2023,11,Polonnaruwa,Out of Protected Area,0.0,0.0,0.0,0.0,0.0,0.0,0.0,0.0,0.0,0.0,0.0,0.0,0.0,0.0,0.0,0.0,None,0.0,0,2023-11-01,-0.5000000000000004,0.8660254037844384,Inter_OctNov,0.0,0,None,0.0,0,None,0.0,0,None
Polonnaruwa|Out of Protected Area,2023,12,Polonnaruwa,Out of Protected Area,0.0,0.0,0.0,0.0,0.0,0.0,0.0,0.0,0.0,0.0,0.0,0.0,0.0,0.0,0.0,0.0,None,0.0,0,2023-12-01,-2.4492935982947064e-16,1.0,NE_monsoon,0.0,0,None,0.0,0,None,0.0,0,None
Polonnaruwa|Out of Protected Area,2024,1,Polonnaruwa,Out of Protected Area,0.0,0.0,0.0,0.0,0.0,0.0,0.0,0.0,0.0,0.0,0.0,0.0,0.0,0.0,0.0,0.0,None,0.0,0,2024-01-01,0.49999999999999994,0.8660254037844387,NE_monsoon,0.0,0,None,0.0,0,None,0.0,0,None
Polonnaruwa|Out of Protected Area,2024,2,Polonnaruwa,Out of Protected Area,0.0,0.0,0.0,0.0,0.0,0.0,0.0,0.0,0.0,0.0,0.0,0.0,0.0,0.0,0.0,0.0,None,0.0,0,2024-02-01,0.8660254037844386,0.5000000000000001,NE_monsoon,0.0,0,None,0.0,0,None,0.0,0,None
Polonnaruwa|Out of Protected Area,2024,3,Polonnaruwa,Out of Protected Area,0.0,0.0,0.0,0.0,0.0,0.0,0.0,0.0,0.0,0.0,0.0,0.0,0.0,0.0,0.0,0.0,None,0.0,0,2024-03-01,1.0,6.123233995736766e-17,Inter_MarApr,0.0,0,None,0.0,0,None,0.0,0,None
Polonnaruwa|Out of Protected Area,2024,4,Polonnaruwa,Out of Protected Area,0.0,0.0,0.0,0.0,0.0,0.0,0.0,0.0,0.0,0.0,0.0,0.0,0.0,0.0,0.0,0.0,None,0.0,0,2024-04-01,0.8660254037844387,-0.4999999999999998,Inter_MarApr,0.0,0,None,0.0,0,None,0.0,0,None
Polonnaruwa|Out of Protected Area,2024,5,Polonnaruwa,Out of Protected Area,0.0,0.0,0.0,0.0,0.0,0.0,0.0,0.0,0.0,0.0,0.0,0.0,0.0,0.0,0.0,0.0,None,0.0,0,2024-05-01,0.49999999999999994,-0.8660254037844387,SW_monsoon,0.0,0,None,0.0,0,None,0.0,0,None
Polonnaruwa|Out of Protected Area,2024,6,Polonnaruwa,Out of Protected Area,0.0,0.0,0.0,0.0,0.0,0.0,0.0,0.0,0.0,0.0,0.0,0.0,0.0,0.0,0.0,0.0,None,0.0,0,2024-06-01,1.2246467991473532e-16,-1.0,SW_monsoon,0.0,0,None,0.0,0,None,0.0,0,None
Polonnaruwa|Out of Protected Area,2024,7,Polonnaruwa,Out of Protected Area,0.0,0.0,0.0,0.0,0.0,0.0,0.0,0.0,0.0,0.0,0.0,0.0,0.0,0.0,0.0,0.0,None,0.0,0,2024-07-01,-0.4999999999999997,-0.8660254037844388,SW_monsoon,0.0,0,None,0.0,0,None,0.0,0,None
Polonnaruwa|Out of Protected Area,2024,8,Polonnaruwa,Out of Protected Area,0.0,0.0,0.0,0.0,0.0,0.0,0.0,0.0,0.0,0.0,0.0,0.0,0.0,0.0,0.0,0.0,None,0.0,0,2024-08-01,-0.8660254037844384,-0.5000000000000004,SW_monsoon,0.0,0,None,0.0,0,None,0.0,0,None
Polonnaruwa|Out of Protected Area,2024,9,Polonnaruwa,Out of Protected Area,0.0,0.0,0.0,0.0,0.0,0.0,0.0,0.0,0.0,0.0,0.0,0.0,0.0,0.0,0.0,0.0,None,0.0,0,2024-09-01,-1.0,-1.8369701987210297e-16,SW_monsoon,0.0,0,None,0.0,0,None,0.0,0,None
Polonnaruwa|Out of Protected Area,2024,10,Polonnaruwa,Out of Protected Area,0.0,0.0,0.0,0.0,0.0,0.0,0.0,0.0,0.0,0.0,0.0,0.0,0.0,0.0,0.0,0.0,None,0.0,0,2024-10-01,-0.8660254037844386,0.5000000000000001,Inter_OctNov,0.0,0,None,0.0,0,None,0.0,0,None
Polonnaruwa|Out of Protected Area,2024,11,Polonnaruwa,Out of Protected Area,0.0,0.0,0.0,0.0,0.0,0.0,0.0,0.0,0.0,0.0,0.0,0.0,0.0,0.0,0.0,0.0,None,0.0,0,2024-11-01,-0.5000000000000004,0.8660254037844384,Inter_OctNov,0.0,0,None,0.0,0,None,0.0,0,None
Polonnaruwa|Out of Protected Area,2024,12,Polonnaruwa,Out of Protected Area,0.0,0.0,0.0,0.0,0.0,0.0,0.0,0.0,0.0,0.0,0.0,0.0,0.0,0.0,0.0,0.0,None,0.0,0,2024-12-01,-2.4492935982947064e-16,1.0,NE_monsoon,0.0,0,None,0.0,0,None,0.0,0,None
Polonnaruwa|Sanctuary,2022,1,Polonnaruwa,Sanctuary,0.0,0.0,0.0,0.0,0.0,0.0,0.0,0.0,0.0,0.0,0.0,4.0,0.0,0.0,0.0,0.0,Meat/Egg Trade,4.0,1,2022-01-01,0.49999999999999994,0.8660254037844387,NE_monsoon,0.0,0,None,0.0,0,None,0.0,0,None
Polonnaruwa|Sanctuary,2022,2,Polonnaruwa,Sanctuary,0.0,0.0,0.0,0.0,0.0,0.0,0.0,0.0,0.0,0.0,0.0,0.0,0.0,0.0,0.0,0.0,None,0.0,0,2022-02-01,0.8660254037844386,0.5000000000000001,NE_monsoon,4.0,1,Meat/Egg Trade,0.0,0,None,0.0,0,None
Polonnaruwa|Sanctuary,2022,3,Polonnaruwa,Sanctuary,0.0,0.0,0.0,0.0,0.0,0.0,0.0,0.0,0.0,0.0,0.0,0.0,0.0,0.0,0.0,0.0,None,0.0,0,2022-03-01,1.0,6.123233995736766e-17,Inter_MarApr,0.0,0,None,4.0,1,Meat/Egg Trade,0.0,0,None
Polonnaruwa|Sanctuary,2022,4,Polonnaruwa,Sanctuary,0.0,0.0,0.0,0.0,0.0,0.0,0.0,0.0,0.0,0.0,0.0,0.0,0.0,0.0,0.0,0.0,None,0.0,0,2022-04-01,0.8660254037844387,-0.4999999999999998,Inter_MarApr,0.0,0,None,0.0,0,None,4.0,1,Meat/Egg Trade
Polonnaruwa|Sanctuary,2022,5,Polonnaruwa,Sanctuary,0.0,0.0,0.0,0.0,0.0,0.0,0.0,0.0,0.0,0.0,0.0,0.0,0.0,0.0,0.0,0.0,None,0.0,0,2022-05-01,0.49999999999999994,-0.8660254037844387,SW_monsoon,0.0,0,None,0.0,0,None,0.0,0,None
Polonnaruwa|Sanctuary,2022,6,Polonnaruwa,Sanctuary,0.0,0.0,0.0,0.0,0.0,0.0,0.0,0.0,0.0,0.0,0.0,0.0,0.0,0.0,0.0,0.0,None,0.0,0,2022-06-01,1.2246467991473532e-16,-1.0,SW_monsoon,0.0,0,None,0.0,0,None,0.0,0,None
Polonnaruwa|Sanctuary,2022,7,Polonnaruwa,Sanctuary,0.0,0.0,0.0,0.0,0.0,0.0,0.0,0.0,0.0,0.0,0.0,0.0,0.0,0.0,0.0,0.0,None,0.0,0,2022-07-01,-0.4999999999999997,-0.8660254037844388,SW_monsoon,0.0,0,None,0.0,0,None,0.0,0,None
Polonnaruwa|Sanctuary,2022,8,Polonnaruwa,Sanctuary,0.0,0.0,0.0,0.0,0.0,0.0,0.0,0.0,0.0,0.0,0.0,0.0,0.0,0.0,0.0,0.0,None,0.0,0,2022-08-01,-0.8660254037844384,-0.5000000000000004,SW_monsoon,0.0,0,None,0.0,0,None,0.0,0,None
Polonnaruwa|Sanctuary,2022,9,Polonnaruwa,Sanctuary,0.0,0.0,0.0,0.0,0.0,0.0,0.0,0.0,0.0,0.0,0.0,0.0,0.0,0.0,0.0,0.0,None,0.0,0,2022-09-01,-1.0,-1.8369701987210297e-16,SW_monsoon,0.0,0,None,0.0,0,None,0.0,0,None
Polonnaruwa|Sanctuary,2022,10,Polonnaruwa,Sanctuary,0.0,0.0,0.0,0.0,0.0,0.0,0.0,0.0,0.0,0.0,0.0,0.0,0.0,0.0,0.0,0.0,None,0.0,0,2022-10-01,-0.8660254037844386,0.5000000000000001,Inter_OctNov,0.0,0,None,0.0,0,None,0.0,0,None
Polonnaruwa|Sanctuary,2022,11,Polonnaruwa,Sanctuary,0.0,0.0,0.0,0.0,0.0,0.0,0.0,0.0,0.0,0.0,0.0,0.0,0.0,0.0,0.0,0.0,None,0.0,0,2022-11-01,-0.5000000000000004,0.8660254037844384,Inter_OctNov,0.0,0,None,0.0,0,None,0.0,0,None
Polonnaruwa|Sanctuary,2022,12,Polonnaruwa,Sanctuary,0.0,0.0,0.0,0.0,0.0,0.0,0.0,0.0,0.0,0.0,0.0,0.0,0.0,0.0,0.0,0.0,None,0.0,0,2022-12-01,-2.4492935982947064e-16,1.0,NE_monsoon,0.0,0,None,0.0,0,None,0.0,0,None
Polonnaruwa|Sanctuary,2023,1,Polonnaruwa,Sanctuary,0.0,0.0,0.0,0.0,0.0,0.0,0.0,0.0,0.0,0.0,0.0,0.0,0.0,0.0,0.0,0.0,None,0.0,0,2023-01-01,0.49999999999999994,0.8660254037844387,NE_monsoon,0.0,0,None,0.0,0,None,0.0,0,None
Polonnaruwa|Sanctuary,2023,2,Polonnaruwa,Sanctuary,0.0,0.0,0.0,0.0,0.0,0.0,0.0,0.0,0.0,0.0,0.0,0.0,0.0,0.0,0.0,0.0,None,0.0,0,2023-02-01,0.8660254037844386,0.5000000000000001,NE_monsoon,0.0,0,None,0.0,0,None,0.0,0,None
Polonnaruwa|Sanctuary,2023,3,Polonnaruwa,Sanctuary,0.0,0.0,0.0,0.0,0.0,0.0,0.0,0.0,0.0,0.0,0.0,0.0,0.0,0.0,0.0,0.0,None,0.0,0,2023-03-01,1.0,6.123233995736766e-17,Inter_MarApr,0.0,0,None,0.0,0,None,0.0,0,None
Polonnaruwa|Sanctuary,2023,4,Polonnaruwa,Sanctuary,0.0,0.0,0.0,0.0,0.0,0.0,0.0,0.0,0.0,0.0,0.0,0.0,0.0,0.0,0.0,0.0,None,0.0,0,2023-04-01,0.8660254037844387,-0.4999999999999998,Inter_MarApr,0.0,0,None,0.0,0,None,0.0,0,None
Polonnaruwa|Sanctuary,2023,5,Polonnaruwa,Sanctuary,0.0,0.0,0.0,0.0,0.0,0.0,0.0,0.0,0.0,0.0,3.0,0.0,0.0,0.0,0.0,0.0,Illegal Logging,3.0,1,2023-05-01,0.49999999999999994,-0.8660254037844387,SW_monsoon,0.0,0,None,0.0,0,None,0.0,0,None
Polonnaruwa|Sanctuary,2023,6,Polonnaruwa,Sanctuary,0.0,0.0,0.0,0.0,0.0,0.0,0.0,0.0,0.0,0.0,0.0,0.0,0.0,0.0,0.0,0.0,None,0.0,0,2023-06-01,1.2246467991473532e-16,-1.0,SW_monsoon,3.0,1,Illegal Logging,0.0,0,None,0.0,0,None
Polonnaruwa|Sanctuary,2023,7,Polonnaruwa,Sanctuary,0.0,0.0,0.0,0.0,0.0,0.0,0.0,0.0,0.0,0.0,0.0,0.0,0.0,5.0,0.0,0.0,Other,5.0,1,2023-07-01,-0.4999999999999997,-0.8660254037844388,SW_monsoon,0.0,0,None,3.0,1,Illegal Logging,0.0,0,None
Polonnaruwa|Sanctuary,2023,8,Polonnaruwa,Sanctuary,0.0,0.0,0.0,0.0,0.0,0.0,0.0,0.0,0.0,0.0,0.0,0.0,0.0,0.0,0.0,0.0,None,0.0,0,2023-08-01,-0.8660254037844384,-0.5000000000000004,SW_monsoon,5.0,1,Other,0.0,0,None,3.0,1,Illegal Logging
Polonnaruwa|Sanctuary,2023,9,Polonnaruwa,Sanctuary,0.0,0.0,0.0,0.0,0.0,0.0,0.0,0.0,0.0,0.0,0.0,0.0,0.0,20.0,0.0,0.0,Other,20.0,1,2023-09-01,-1.0,-1.8369701987210297e-16,SW_monsoon,0.0,0,None,5.0,1,Other,0.0,0,None
Polonnaruwa|Sanctuary,2023,10,Polonnaruwa,Sanctuary,0.0,0.0,0.0,0.0,0.0,0.0,0.0,0.0,0.0,0.0,0.0,0.0,0.0,0.0,0.0,0.0,None,0.0,0,2023-10-01,-0.8660254037844386,0.5000000000000001,Inter_OctNov,20.0,1,Other,0.0,0,None,5.0,1,Other
Polonnaruwa|Sanctuary,2023,11,Polonnaruwa,Sanctuary,0.0,0.0,0.0,0.0,0.0,0.0,0.0,0.0,0.0,0.0,0.0,0.0,0.0,0.0,0.0,0.0,None,0.0,0,2023-11-01,-0.5000000000000004,0.8660254037844384,Inter_OctNov,0.0,0,None,20.0,1,Other,0.0,0,None
Polonnaruwa|Sanctuary,2023,12,Polonnaruwa,Sanctuary,0.0,0.0,0.0,0.0,0.0,0.0,0.0,0.0,0.0,0.0,0.0,0.0,0.0,0.0,0.0,0.0,None,0.0,0,2023-12-01,-2.4492935982947064e-16,1.0,NE_monsoon,0.0,0,None,0.0,0,None,20.0,1,Other
Polonnaruwa|Sanctuary,2024,1,Polonnaruwa,Sanctuary,0.0,0.0,0.0,0.0,0.0,0.0,0.0,0.0,0.0,0.0,0.0,0.0,0.0,0.0,0.0,0.0,None,0.0,0,2024-01-01,0.49999999999999994,0.8660254037844387,NE_monsoon,0.0,0,None,0.0,0,None,0.0,0,None
Polonnaruwa|Sanctuary,2024,2,Polonnaruwa,Sanctuary,0.0,0.0,0.0,0.0,0.0,0.0,0.0,0.0,0.0,0.0,0.0,9.0,0.0,0.0,0.0,0.0,Meat/Egg Trade,9.0,1,2024-02-01,0.8660254037844386,0.5000000000000001,NE_monsoon,0.0,0,None,0.0,0,None,0.0,0,None
Polonnaruwa|Sanctuary,2024,3,Polonnaruwa,Sanctuary,0.0,0.0,0.0,0.0,0.0,0.0,0.0,0.0,0.0,0.0,0.0,0.0,0.0,0.0,0.0,0.0,None,0.0,0,2024-03-01,1.0,6.123233995736766e-17,Inter_MarApr,9.0,1,Meat/Egg Trade,0.0,0,None,0.0,0,None
Polonnaruwa|Sanctuary,2024,4,Polonnaruwa,Sanctuary,0.0,0.0,0.0,0.0,0.0,0.0,0.0,0.0,0.0,0.0,0.0,0.0,0.0,0.0,0.0,0.0,None,0.0,0,2024-04-01,0.8660254037844387,-0.4999999999999998,Inter_MarApr,0.0,0,None,9.0,1,Meat/Egg Trade,0.0,0,None
Polonnaruwa|Sanctuary,2024,5,Polonnaruwa,Sanctuary,0.0,0.0,0.0,0.0,0.0,0.0,0.0,0.0,0.0,0.0,0.0,0.0,0.0,0.0,0.0,0.0,None,0.0,0,2024-05-01,0.49999999999999994,-0.8660254037844387,SW_monsoon,0.0,0,None,0.0,0,None,9.0,1,Meat/Egg Trade
Polonnaruwa|Sanctuary,2024,6,Polonnaruwa,Sanctuary,0.0,0.0,0.0,0.0,0.0,0.0,0.0,0.0,0.0,0.0,0.0,0.0,0.0,0.0,0.0,0.0,None,0.0,0,2024-06-01,1.2246467991473532e-16,-1.0,SW_monsoon,0.0,0,None,0.0,0,None,0.0,0,None
Polonnaruwa|Sanctuary,2024,7,Polonnaruwa,Sanctuary,0.0,0.0,0.0,0.0,0.0,0.0,0.0,0.0,0.0,0.0,0.0,0.0,0.0,0.0,0.0,0.0,None,0.0,0,2024-07-01,-0.4999999999999997,-0.8660254037844388,SW_monsoon,0.0,0,None,0.0,0,None,0.0,0,None
Polonnaruwa|Sanctuary,2024,8,Polonnaruwa,Sanctuary,0.0,0.0,0.0,0.0,0.0,0.0,0.0,0.0,0.0,0.0,0.0,0.0,0.0,0.0,0.0,0.0,None,0.0,0,2024-08-01,-0.8660254037844384,-0.5000000000000004,SW_monsoon,0.0,0,None,0.0,0,None,0.0,0,None
Polonnaruwa|Sanctuary,2024,9,Polonnaruwa,Sanctuary,0.0,0.0,0.0,0.0,0.0,0.0,0.0,0.0,0.0,0.0,0.0,0.0,0.0,0.0,0.0,0.0,None,0.0,0,2024-09-01,-1.0,-1.8369701987210297e-16,SW_monsoon,0.0,0,None,0.0,0,None,0.0,0,None
Polonnaruwa|Sanctuary,2024,10,Polonnaruwa,Sanctuary,0.0,0.0,0.0,0.0,0.0,0.0,0.0,0.0,0.0,0.0,0.0,0.0,0.0,0.0,0.0,0.0,None,0.0,0,2024-10-01,-0.8660254037844386,0.5000000000000001,Inter_OctNov,0.0,0,None,0.0,0,None,0.0,0,None
Polonnaruwa|Sanctuary,2024,11,Polonnaruwa,Sanctuary,0.0,0.0,0.0,0.0,0.0,0.0,0.0,0.0,0.0,0.0,0.0,0.0,0.0,0.0,0.0,0.0,None,0.0,0,2024-11-01,-0.5000000000000004,0.8660254037844384,Inter_OctNov,0.0,0,None,0.0,0,None,0.0,0,None
Polonnaruwa|Sanctuary,2024,12,Polonnaruwa,Sanctuary,0.0,0.0,0.0,0.0,0.0,0.0,0.0,0.0,0.0,0.0,0.0,0.0,0.0,0.0,0.0,0.0,None,0.0,0,2024-12-01,-2.4492935982947064e-16,1.0,NE_monsoon,0.0,0,None,0.0,0,None,0.0,0,None
Polonnaruwa|Sand/Mineral/Any Mining,2022,1,Polonnaruwa,Sand/Mineral/Any Mining,0.0,0.0,0.0,0.0,0.0,0.0,0.0,0.0,0.0,0.0,0.0,0.0,0.0,29.0,0.0,0.0,Other,29.0,1,2022-01-01,0.49999999999999994,0.8660254037844387,NE_monsoon,0.0,0,None,0.0,0,None,0.0,0,None
Polonnaruwa|Sand/Mineral/Any Mining,2022,2,Polonnaruwa,Sand/Mineral/Any Mining,0.0,0.0,0.0,0.0,0.0,0.0,0.0,0.0,0.0,0.0,0.0,0.0,0.0,7.0,0.0,0.0,Other,7.0,1,2022-02-01,0.8660254037844386,0.5000000000000001,NE_monsoon,29.0,1,Other,0.0,0,None,0.0,0,None
Polonnaruwa|Sand/Mineral/Any Mining,2022,3,Polonnaruwa,Sand/Mineral/Any Mining,0.0,0.0,0.0,0.0,0.0,0.0,0.0,0.0,0.0,0.0,0.0,0.0,0.0,0.0,0.0,0.0,None,0.0,0,2022-03-01,1.0,6.123233995736766e-17,Inter_MarApr,7.0,1,Other,29.0,1,Other,0.0,0,None
Polonnaruwa|Sand/Mineral/Any Mining,2022,4,Polonnaruwa,Sand/Mineral/Any Mining,0.0,0.0,0.0,0.0,0.0,0.0,0.0,0.0,0.0,0.0,0.0,0.0,0.0,0.0,0.0,0.0,None,0.0,0,2022-04-01,0.8660254037844387,-0.4999999999999998,Inter_MarApr,0.0,0,None,7.0,1,Other,29.0,1,Other
Polonnaruwa|Sand/Mineral/Any Mining,2022,5,Polonnaruwa,Sand/Mineral/Any Mining,0.0,0.0,0.0,0.0,0.0,0.0,0.0,0.0,24.0,0.0,0.0,0.0,0.0,8.0,0.0,0.0,Illegal Entry,32.0,1,2022-05-01,0.49999999999999994,-0.8660254037844387,SW_monsoon,0.0,0,None,0.0,0,None,7.0,1,Other
Polonnaruwa|Sand/Mineral/Any Mining,2022,6,Polonnaruwa,Sand/Mineral/Any Mining,0.0,0.0,0.0,0.0,0.0,0.0,0.0,0.0,0.0,0.0,0.0,0.0,0.0,0.0,0.0,0.0,None,0.0,0,2022-06-01,1.2246467991473532e-16,-1.0,SW_monsoon,32.0,1,Illegal Entry,0.0,0,None,0.0,0,None
Polonnaruwa|Sand/Mineral/Any Mining,2022,7,Polonnaruwa,Sand/Mineral/Any Mining,0.0,0.0,0.0,0.0,0.0,0.0,0.0,0.0,0.0,0.0,0.0,0.0,0.0,0.0,0.0,0.0,None,0.0,0,2022-07-01,-0.4999999999999997,-0.8660254037844388,SW_monsoon,0.0,0,None,32.0,1,Illegal Entry,0.0,0,None
Polonnaruwa|Sand/Mineral/Any Mining,2022,8,Polonnaruwa,Sand/Mineral/Any Mining,0.0,0.0,0.0,0.0,0.0,0.0,0.0,0.0,5.0,0.0,0.0,0.0,0.0,0.0,0.0,0.0,Illegal Entry,5.0,1,2022-08-01,-0.8660254037844384,-0.5000000000000004,SW_monsoon,0.0,0,None,0.0,0,None,32.0,1,Illegal Entry
Polonnaruwa|Sand/Mineral/Any Mining,2022,9,Polonnaruwa,Sand/Mineral/Any Mining,0.0,0.0,0.0,0.0,0.0,0.0,0.0,0.0,17.0,0.0,0.0,0.0,0.0,23.0,0.0,0.0,Illegal Entry,40.0,1,2022-09-01,-1.0,-1.8369701987210297e-16,SW_monsoon,5.0,1,Illegal Entry,0.0,0,None,0.0,0,None
Polonnaruwa|Sand/Mineral/Any Mining,2022,10,Polonnaruwa,Sand/Mineral/Any Mining,0.0,0.0,0.0,0.0,0.0,0.0,0.0,0.0,0.0,0.0,0.0,0.0,0.0,0.0,0.0,0.0,None,0.0,0,2022-10-01,-0.8660254037844386,0.5000000000000001,Inter_OctNov,40.0,1,Illegal Entry,5.0,1,Illegal Entry,0.0,0,None
Polonnaruwa|Sand/Mineral/Any Mining,2022,11,Polonnaruwa,Sand/Mineral/Any Mining,0.0,0.0,0.0,0.0,0.0,0.0,0.0,0.0,0.0,0.0,0.0,0.0,0.0,0.0,0.0,0.0,None,0.0,0,2022-11-01,-0.5000000000000004,0.8660254037844384,Inter_OctNov,0.0,0,None,40.0,1,Illegal Entry,5.0,1,Illegal Entry
Polonnaruwa|Sand/Mineral/Any Mining,2022,12,Polonnaruwa,Sand/Mineral/Any Mining,0.0,0.0,0.0,0.0,0.0,0.0,0.0,0.0,0.0,0.0,0.0,0.0,0.0,0.0,0.0,0.0,None,0.0,0,2022-12-01,-2.4492935982947064e-16,1.0,NE_monsoon,0.0,0,None,0.0,0,None,40.0,1,Illegal Entry
Polonnaruwa|Sand/Mineral/Any Mining,2023,1,Polonnaruwa,Sand/Mineral/Any Mining,0.0,0.0,0.0,0.0,0.0,0.0,0.0,0.0,0.0,0.0,0.0,0.0,0.0,0.0,0.0,12.0,Weapons/Traps,12.0,1,2023-01-01,0.49999999999999994,0.8660254037844387,NE_monsoon,0.0,0,None,0.0,0,None,0.0,0,None
Polonnaruwa|Sand/Mineral/Any Mining,2023,2,Polonnaruwa,Sand/Mineral/Any Mining,0.0,0.0,0.0,0.0,0.0,0.0,0.0,0.0,11.0,0.0,0.0,0.0,0.0,80.0,0.0,0.0,Illegal Entry,91.0,1,2023-02-01,0.8660254037844386,0.5000000000000001,NE_monsoon,12.0,1,Weapons/Traps,0.0,0,None,0.0,0,None
Polonnaruwa|Sand/Mineral/Any Mining,2023,3,Polonnaruwa,Sand/Mineral/Any Mining,0.0,0.0,0.0,0.0,0.0,0.0,0.0,0.0,0.0,0.0,0.0,0.0,0.0,18.0,0.0,0.0,Other,18.0,1,2023-03-01,1.0,6.123233995736766e-17,Inter_MarApr,91.0,1,Illegal Entry,12.0,1,Weapons/Traps,0.0,0,None
Polonnaruwa|Sand/Mineral/Any Mining,2023,4,Polonnaruwa,Sand/Mineral/Any Mining,0.0,0.0,0.0,0.0,0.0,0.0,0.0,0.0,2.0,0.0,0.0,0.0,0.0,16.0,0.0,0.0,Illegal Entry,18.0,1,2023-04-01,0.8660254037844387,-0.4999999999999998,Inter_MarApr,18.0,1,Other,91.0,1,Illegal Entry,12.0,1,Weapons/Traps
Polonnaruwa|Sand/Mineral/Any Mining,2023,5,Polonnaruwa,Sand/Mineral/Any Mining,0.0,0.0,0.0,0.0,0.0,0.0,0.0,0.0,0.0,0.0,0.0,0.0,0.0,0.0,0.0,0.0,None,0.0,0,2023-05-01,0.49999999999999994,-0.8660254037844387,SW_monsoon,18.0,1,Illegal Entry,18.0,1,Other,91.0,1,Illegal Entry
Polonnaruwa|Sand/Mineral/Any Mining,2023,6,Polonnaruwa,Sand/Mineral/Any Mining,0.0,0.0,0.0,0.0,0.0,0.0,0.0,0.0,0.0,0.0,0.0,0.0,0.0,18.0,0.0,0.0,Other,18.0,1,2023-06-01,1.2246467991473532e-16,-1.0,SW_monsoon,0.0,0,None,18.0,1,Illegal Entry,18.0,1,Other
Polonnaruwa|Sand/Mineral/Any Mining,2023,7,Polonnaruwa,Sand/Mineral/Any Mining,0.0,0.0,0.0,0.0,0.0,0.0,0.0,0.0,20.0,0.0,0.0,0.0,0.0,0.0,0.0,0.0,Illegal Entry,20.0,1,2023-07-01,-0.4999999999999997,-0.8660254037844388,SW_monsoon,18.0,1,Other,0.0,0,None,18.0,1,Illegal Entry
Polonnaruwa|Sand/Mineral/Any Mining,2023,8,Polonnaruwa,Sand/Mineral/Any Mining,0.0,0.0,0.0,0.0,0.0,0.0,0.0,0.0,23.0,0.0,0.0,0.0,0.0,0.0,0.0,0.0,Illegal Entry,23.0,1,2023-08-01,-0.8660254037844384,-0.5000000000000004,SW_monsoon,20.0,1,Illegal Entry,18.0,1,Other,0.0,0,None
Polonnaruwa|Sand/Mineral/Any Mining,2023,9,Polonnaruwa,Sand/Mineral/Any Mining,0.0,0.0,0.0,0.0,0.0,14.0,0.0,0.0,0.0,0.0,0.0,0.0,0.0,19.0,0.0,0.0,Encroachment/Land,33.0,1,2023-09-01,-1.0,-1.8369701987210297e-16,SW_monsoon,23.0,1,Illegal Entry,20.0,1,Illegal Entry,18.0,1,Other
Polonnaruwa|Sand/Mineral/Any Mining,2023,10,Polonnaruwa,Sand/Mineral/Any Mining,0.0,0.0,0.0,0.0,0.0,0.0,0.0,0.0,0.0,0.0,0.0,0.0,0.0,0.0,0.0,0.0,None,0.0,0,2023-10-01,-0.8660254037844386,0.5000000000000001,Inter_OctNov,33.0,1,Encroachment/Land,23.0,1,Illegal Entry,20.0,1,Illegal Entry
Polonnaruwa|Sand/Mineral/Any Mining,2023,11,Polonnaruwa,Sand/Mineral/Any Mining,0.0,0.0,0.0,0.0,0.0,0.0,0.0,0.0,0.0,0.0,0.0,0.0,0.0,0.0,0.0,0.0,None,0.0,0,2023-11-01,-0.5000000000000004,0.8660254037844384,Inter_OctNov,0.0,0,None,33.0,1,Encroachment/Land,23.0,1,Illegal Entry
Polonnaruwa|Sand/Mineral/Any Mining,2023,12,Polonnaruwa,Sand/Mineral/Any Mining,0.0,0.0,0.0,0.0,0.0,0.0,0.0,0.0,0.0,0.0,0.0,0.0,0.0,0.0,0.0,0.0,None,0.0,0,2023-12-01,-2.4492935982947064e-16,1.0,NE_monsoon,0.0,0,None,0.0,0,None,33.0,1,Encroachment/Land
Polonnaruwa|Sand/Mineral/Any Mining,2024,1,Polonnaruwa,Sand/Mineral/Any Mining,0.0,0.0,0.0,0.0,0.0,0.0,0.0,0.0,0.0,0.0,0.0,0.0,0.0,0.0,0.0,0.0,None,0.0,0,2024-01-01,0.49999999999999994,0.8660254037844387,NE_monsoon,0.0,0,None,0.0,0,None,0.0,0,None
Polonnaruwa|Sand/Mineral/Any Mining,2024,2,Polonnaruwa,Sand/Mineral/Any Mining,0.0,0.0,0.0,0.0,0.0,0.0,0.0,0.0,0.0,0.0,0.0,0.0,0.0,0.0,0.0,0.0,None,0.0,0,2024-02-01,0.8660254037844386,0.5000000000000001,NE_monsoon,0.0,0,None,0.0,0,None,0.0,0,None
Polonnaruwa|Sand/Mineral/Any Mining,2024,3,Polonnaruwa,Sand/Mineral/Any Mining,0.0,0.0,0.0,0.0,0.0,0.0,0.0,0.0,0.0,0.0,0.0,0.0,0.0,12.0,0.0,0.0,Other,12.0,1,2024-03-01,1.0,6.123233995736766e-17,Inter_MarApr,0.0,0,None,0.0,0,None,0.0,0,None
Polonnaruwa|Sand/Mineral/Any Mining,2024,4,Polonnaruwa,Sand/Mineral/Any Mining,0.0,0.0,0.0,0.0,0.0,0.0,0.0,0.0,0.0,0.0,0.0,0.0,0.0,0.0,0.0,0.0,None,0.0,0,2024-04-01,0.8660254037844387,-0.4999999999999998,Inter_MarApr,12.0,1,Other,0.0,0,None,0.0,0,None
Polonnaruwa|Sand/Mineral/Any Mining,2024,5,Polonnaruwa,Sand/Mineral/Any Mining,0.0,0.0,0.0,0.0,0.0,0.0,0.0,0.0,0.0,0.0,0.0,0.0,0.0,0.0,0.0,0.0,None,0.0,0,2024-05-01,0.49999999999999994,-0.8660254037844387,SW_monsoon,0.0,0,None,12.0,1,Other,0.0,0,None
Polonnaruwa|Sand/Mineral/Any Mining,2024,6,Polonnaruwa,Sand/Mineral/Any Mining,0.0,0.0,0.0,0.0,0.0,0.0,0.0,0.0,0.0,0.0,0.0,0.0,0.0,0.0,0.0,0.0,None,0.0,0,2024-06-01,1.2246467991473532e-16,-1.0,SW_monsoon,0.0,0,None,0.0,0,None,12.0,1,Other
Polonnaruwa|Sand/Mineral/Any Mining,2024,7,Polonnaruwa,Sand/Mineral/Any Mining,0.0,0.0,0.0,0.0,0.0,0.0,0.0,0.0,0.0,0.0,0.0,0.0,0.0,0.0,0.0,0.0,None,0.0,0,2024-07-01,-0.4999999999999997,-0.8660254037844388,SW_monsoon,0.0,0,None,0.0,0,None,0.0,0,None
Polonnaruwa|Sand/Mineral/Any Mining,2024,8,Polonnaruwa,Sand/Mineral/Any Mining,0.0,0.0,0.0,0.0,0.0,0.0,0.0,0.0,0.0,0.0,0.0,0.0,0.0,0.0,0.0,0.0,None,0.0,0,2024-08-01,-0.8660254037844384,-0.5000000000000004,SW_monsoon,0.0,0,None,0.0,0,None,0.0,0,None
Polonnaruwa|Sand/Mineral/Any Mining,2024,9,Polonnaruwa,Sand/Mineral/Any Mining,0.0,0.0,0.0,0.0,0.0,0.0,0.0,0.0,0.0,0.0,0.0,0.0,0.0,0.0,0.0,0.0,None,0.0,0,2024-09-01,-1.0,-1.8369701987210297e-16,SW_monsoon,0.0,0,None,0.0,0,None,0.0,0,None
Polonnaruwa|Sand/Mineral/Any Mining,2024,10,Polonnaruwa,Sand/Mineral/Any Mining,0.0,0.0,0.0,0.0,0.0,0.0,0.0,0.0,0.0,0.0,0.0,0.0,0.0,0.0,0.0,0.0,None,0.0,0,2024-10-01,-0.8660254037844386,0.5000000000000001,Inter_OctNov,0.0,0,None,0.0,0,None,0.0,0,None
Polonnaruwa|Sand/Mineral/Any Mining,2024,11,Polonnaruwa,Sand/Mineral/Any Mining,0.0,0.0,0.0,0.0,0.0,0.0,0.0,0.0,0.0,0.0,0.0,0.0,0.0,0.0,0.0,0.0,None,0.0,0,2024-11-01,-0.5000000000000004,0.8660254037844384,Inter_OctNov,0.0,0,None,0.0,0,None,0.0,0,None
Polonnaruwa|Sand/Mineral/Any Mining,2024,12,Polonnaruwa,Sand/Mineral/Any Mining,0.0,0.0,0.0,0.0,0.0,0.0,0.0,0.0,0.0,0.0,0.0,0.0,0.0,0.0,0.0,0.0,None,0.0,0,2024-12-01,-2.4492935982947064e-16,1.0,NE_monsoon,0.0,0,None,0.0,0,None,0.0,0,None
Polonnaruwa|Somawathiya NP,2022,1,Polonnaruwa,Somawathiya NP,0.0,0.0,0.0,0.0,0.0,0.0,0.0,0.0,0.0,0.0,0.0,0.0,0.0,0.0,0.0,0.0,None,0.0,0,2022-01-01,0.49999999999999994,0.8660254037844387,NE_monsoon,0.0,0,None,0.0,0,None,0.0,0,None
Polonnaruwa|Somawathiya NP,2022,2,Polonnaruwa,Somawathiya NP,0.0,0.0,0.0,66.0,0.0,0.0,0.0,0.0,0.0,0.0,0.0,0.0,0.0,0.0,0.0,0.0,Domestic Animal Trespass,66.0,1,2022-02-01,0.8660254037844386,0.5000000000000001,NE_monsoon,0.0,0,None,0.0,0,None,0.0,0,None
Polonnaruwa|Somawathiya NP,2022,3,Polonnaruwa,Somawathiya NP,0.0,0.0,0.0,0.0,0.0,0.0,0.0,0.0,0.0,0.0,0.0,0.0,0.0,0.0,0.0,0.0,None,0.0,0,2022-03-01,1.0,6.123233995736766e-17,Inter_MarApr,66.0,1,Domestic Animal Trespass,0.0,0,None,0.0,0,None
Polonnaruwa|Somawathiya NP,2022,4,Polonnaruwa,Somawathiya NP,0.0,0.0,0.0,0.0,0.0,0.0,0.0,0.0,0.0,0.0,0.0,0.0,0.0,0.0,0.0,0.0,None,0.0,0,2022-04-01,0.8660254037844387,-0.4999999999999998,Inter_MarApr,0.0,0,None,66.0,1,Domestic Animal Trespass,0.0,0,None
Polonnaruwa|Somawathiya NP,2022,5,Polonnaruwa,Somawathiya NP,0.0,0.0,0.0,0.0,0.0,0.0,0.0,0.0,0.0,0.0,0.0,0.0,0.0,0.0,0.0,0.0,None,0.0,0,2022-05-01,0.49999999999999994,-0.8660254037844387,SW_monsoon,0.0,0,None,0.0,0,None,66.0,1,Domestic Animal Trespass
Polonnaruwa|Somawathiya NP,2022,6,Polonnaruwa,Somawathiya NP,0.0,0.0,0.0,0.0,0.0,0.0,0.0,0.0,0.0,0.0,0.0,0.0,0.0,0.0,0.0,0.0,None,0.0,0,2022-06-01,1.2246467991473532e-16,-1.0,SW_monsoon,0.0,0,None,0.0,0,None,0.0,0,None
Polonnaruwa|Somawathiya NP,2022,7,Polonnaruwa,Somawathiya NP,0.0,0.0,0.0,0.0,0.0,0.0,0.0,0.0,0.0,0.0,0.0,0.0,0.0,0.0,0.0,0.0,None,0.0,0,2022-07-01,-0.4999999999999997,-0.8660254037844388,SW_monsoon,0.0,0,None,0.0,0,None,0.0,0,None
Polonnaruwa|Somawathiya NP,2022,8,Polonnaruwa,Somawathiya NP,0.0,0.0,0.0,0.0,0.0,0.0,0.0,0.0,0.0,0.0,0.0,0.0,0.0,0.0,0.0,0.0,None,0.0,0,2022-08-01,-0.8660254037844384,-0.5000000000000004,SW_monsoon,0.0,0,None,0.0,0,None,0.0,0,None
Polonnaruwa|Somawathiya NP,2022,9,Polonnaruwa,Somawathiya NP,0.0,0.0,0.0,84.0,0.0,0.0,0.0,0.0,0.0,0.0,0.0,0.0,0.0,0.0,0.0,0.0,Domestic Animal Trespass,84.0,1,2022-09-01,-1.0,-1.8369701987210297e-16,SW_monsoon,0.0,0,None,0.0,0,None,0.0,0,None
Polonnaruwa|Somawathiya NP,2022,10,Polonnaruwa,Somawathiya NP,0.0,0.0,0.0,0.0,0.0,0.0,0.0,0.0,0.0,0.0,0.0,0.0,0.0,0.0,0.0,0.0,None,0.0,0,2022-10-01,-0.8660254037844386,0.5000000000000001,Inter_OctNov,84.0,1,Domestic Animal Trespass,0.0,0,None,0.0,0,None
Polonnaruwa|Somawathiya NP,2022,11,Polonnaruwa,Somawathiya NP,0.0,0.0,0.0,0.0,0.0,0.0,0.0,0.0,0.0,0.0,0.0,0.0,0.0,0.0,0.0,0.0,None,0.0,0,2022-11-01,-0.5000000000000004,0.8660254037844384,Inter_OctNov,0.0,0,None,84.0,1,Domestic Animal Trespass,0.0,0,None
Polonnaruwa|Somawathiya NP,2022,12,Polonnaruwa,Somawathiya NP,0.0,0.0,0.0,0.0,0.0,0.0,0.0,0.0,0.0,0.0,0.0,0.0,0.0,0.0,0.0,0.0,None,0.0,0,2022-12-01,-2.4492935982947064e-16,1.0,NE_monsoon,0.0,0,None,0.0,0,None,84.0,1,Domestic Animal Trespass
Polonnaruwa|Somawathiya NP,2023,1,Polonnaruwa,Somawathiya NP,0.0,0.0,0.0,0.0,0.0,0.0,0.0,0.0,0.0,0.0,0.0,0.0,0.0,0.0,0.0,0.0,None,0.0,0,2023-01-01,0.49999999999999994,0.8660254037844387,NE_monsoon,0.0,0,None,0.0,0,None,0.0,0,None
Polonnaruwa|Somawathiya NP,2023,2,Polonnaruwa,Somawathiya NP,0.0,0.0,0.0,0.0,0.0,0.0,0.0,0.0,0.0,0.0,0.0,0.0,0.0,0.0,0.0,0.0,None,0.0,0,2023-02-01,0.8660254037844386,0.5000000000000001,NE_monsoon,0.0,0,None,0.0,0,None,0.0,0,None
Polonnaruwa|Somawathiya NP,2023,3,Polonnaruwa,Somawathiya NP,0.0,0.0,0.0,0.0,0.0,0.0,0.0,0.0,0.0,0.0,0.0,0.0,0.0,0.0,0.0,0.0,None,0.0,0,2023-03-01,1.0,6.123233995736766e-17,Inter_MarApr,0.0,0,None,0.0,0,None,0.0,0,None
Polonnaruwa|Somawathiya NP,2023,4,Polonnaruwa,Somawathiya NP,0.0,0.0,0.0,0.0,0.0,0.0,0.0,0.0,0.0,0.0,0.0,0.0,0.0,0.0,0.0,0.0,None,0.0,0,2023-04-01,0.8660254037844387,-0.4999999999999998,Inter_MarApr,0.0,0,None,0.0,0,None,0.0,0,None
Polonnaruwa|Somawathiya NP,2023,5,Polonnaruwa,Somawathiya NP,0.0,0.0,0.0,0.0,0.0,0.0,0.0,0.0,0.0,0.0,0.0,0.0,0.0,0.0,0.0,0.0,None,0.0,0,2023-05-01,0.49999999999999994,-0.8660254037844387,SW_monsoon,0.0,0,None,0.0,0,None,0.0,0,None
Polonnaruwa|Somawathiya NP,2023,6,Polonnaruwa,Somawathiya NP,0.0,0.0,0.0,0.0,0.0,0.0,0.0,0.0,0.0,0.0,0.0,0.0,0.0,0.0,0.0,0.0,None,0.0,0,2023-06-01,1.2246467991473532e-16,-1.0,SW_monsoon,0.0,0,None,0.0,0,None,0.0,0,None
Polonnaruwa|Somawathiya NP,2023,7,Polonnaruwa,Somawathiya NP,0.0,0.0,0.0,0.0,0.0,0.0,0.0,0.0,0.0,0.0,0.0,0.0,0.0,0.0,0.0,0.0,None,0.0,0,2023-07-01,-0.4999999999999997,-0.8660254037844388,SW_monsoon,0.0,0,None,0.0,0,None,0.0,0,None
Polonnaruwa|Somawathiya NP,2023,8,Polonnaruwa,Somawathiya NP,0.0,0.0,0.0,0.0,0.0,0.0,0.0,0.0,0.0,0.0,0.0,0.0,0.0,0.0,0.0,0.0,None,0.0,0,2023-08-01,-0.8660254037844384,-0.5000000000000004,SW_monsoon,0.0,0,None,0.0,0,None,0.0,0,None
Polonnaruwa|Somawathiya NP,2023,9,Polonnaruwa,Somawathiya NP,0.0,0.0,0.0,0.0,0.0,0.0,0.0,0.0,0.0,0.0,0.0,0.0,0.0,0.0,0.0,0.0,None,0.0,0,2023-09-01,-1.0,-1.8369701987210297e-16,SW_monsoon,0.0,0,None,0.0,0,None,0.0,0,None
Polonnaruwa|Somawathiya NP,2023,10,Polonnaruwa,Somawathiya NP,0.0,0.0,0.0,0.0,0.0,0.0,0.0,0.0,0.0,0.0,0.0,0.0,0.0,0.0,0.0,0.0,None,0.0,0,2023-10-01,-0.8660254037844386,0.5000000000000001,Inter_OctNov,0.0,0,None,0.0,0,None,0.0,0,None
Polonnaruwa|Somawathiya NP,2023,11,Polonnaruwa,Somawathiya NP,0.0,0.0,0.0,0.0,0.0,0.0,0.0,0.0,0.0,0.0,0.0,0.0,0.0,0.0,0.0,0.0,None,0.0,0,2023-11-01,-0.5000000000000004,0.8660254037844384,Inter_OctNov,0.0,0,None,0.0,0,None,0.0,0,None
Polonnaruwa|Somawathiya NP,2023,12,Polonnaruwa,Somawathiya NP,0.0,0.0,0.0,0.0,0.0,0.0,0.0,0.0,0.0,0.0,0.0,0.0,0.0,0.0,0.0,0.0,None,0.0,0,2023-12-01,-2.4492935982947064e-16,1.0,NE_monsoon,0.0,0,None,0.0,0,None,0.0,0,None
Polonnaruwa|Somawathiya NP,2024,1,Polonnaruwa,Somawathiya NP,0.0,0.0,0.0,0.0,0.0,0.0,0.0,0.0,0.0,0.0,0.0,0.0,0.0,0.0,0.0,0.0,None,0.0,0,2024-01-01,0.49999999999999994,0.8660254037844387,NE_monsoon,0.0,0,None,0.0,0,None,0.0,0,None
Polonnaruwa|Somawathiya NP,2024,2,Polonnaruwa,Somawathiya NP,0.0,0.0,0.0,0.0,0.0,0.0,0.0,0.0,0.0,0.0,0.0,0.0,0.0,0.0,0.0,0.0,None,0.0,0,2024-02-01,0.8660254037844386,0.5000000000000001,NE_monsoon,0.0,0,None,0.0,0,None,0.0,0,None
Polonnaruwa|Somawathiya NP,2024,3,Polonnaruwa,Somawathiya NP,0.0,0.0,0.0,0.0,0.0,0.0,0.0,0.0,0.0,0.0,0.0,0.0,0.0,0.0,0.0,0.0,None,0.0,0,2024-03-01,1.0,6.123233995736766e-17,Inter_MarApr,0.0,0,None,0.0,0,None,0.0,0,None
Polonnaruwa|Somawathiya NP,2024,4,Polonnaruwa,Somawathiya NP,0.0,0.0,0.0,0.0,0.0,0.0,0.0,0.0,0.0,0.0,0.0,0.0,0.0,0.0,0.0,0.0,None,0.0,0,2024-04-01,0.8660254037844387,-0.4999999999999998,Inter_MarApr,0.0,0,None,0.0,0,None,0.0,0,None
Polonnaruwa|Somawathiya NP,2024,5,Polonnaruwa,Somawathiya NP,0.0,0.0,0.0,0.0,0.0,0.0,0.0,0.0,0.0,0.0,0.0,0.0,0.0,0.0,0.0,0.0,None,0.0,0,2024-05-01,0.49999999999999994,-0.8660254037844387,SW_monsoon,0.0,0,None,0.0,0,None,0.0,0,None
Polonnaruwa|Somawathiya NP,2024,6,Polonnaruwa,Somawathiya NP,0.0,0.0,0.0,0.0,0.0,0.0,0.0,0.0,0.0,0.0,0.0,0.0,0.0,0.0,0.0,0.0,None,0.0,0,2024-06-01,1.2246467991473532e-16,-1.0,SW_monsoon,0.0,0,None,0.0,0,None,0.0,0,None
Polonnaruwa|Somawathiya NP,2024,7,Polonnaruwa,Somawathiya NP,0.0,0.0,0.0,0.0,0.0,0.0,0.0,0.0,0.0,0.0,0.0,0.0,0.0,0.0,0.0,0.0,None,0.0,0,2024-07-01,-0.4999999999999997,-0.8660254037844388,SW_monsoon,0.0,0,None,0.0,0,None,0.0,0,None
Polonnaruwa|Somawathiya NP,2024,8,Polonnaruwa,Somawathiya NP,0.0,0.0,0.0,0.0,0.0,0.0,0.0,0.0,0.0,0.0,0.0,0.0,0.0,0.0,0.0,0.0,None,0.0,0,2024-08-01,-0.8660254037844384,-0.5000000000000004,SW_monsoon,0.0,0,None,0.0,0,None,0.0,0,None
Polonnaruwa|Somawathiya NP,2024,9,Polonnaruwa,Somawathiya NP,0.0,0.0,0.0,0.0,0.0,0.0,0.0,0.0,0.0,0.0,0.0,0.0,0.0,0.0,0.0,0.0,None,0.0,0,2024-09-01,-1.0,-1.8369701987210297e-16,SW_monsoon,0.0,0,None,0.0,0,None,0.0,0,None
Polonnaruwa|Somawathiya NP,2024,10,Polonnaruwa,Somawathiya NP,0.0,0.0,0.0,0.0,0.0,0.0,0.0,0.0,0.0,0.0,0.0,0.0,0.0,0.0,0.0,0.0,None,0.0,0,2024-10-01,-0.8660254037844386,0.5000000000000001,Inter_OctNov,0.0,0,None,0.0,0,None,0.0,0,None
Polonnaruwa|Somawathiya NP,2024,11,Polonnaruwa,Somawathiya NP,0.0,0.0,0.0,0.0,0.0,0.0,0.0,0.0,0.0,0.0,0.0,0.0,0.0,0.0,0.0,0.0,None,0.0,0,2024-11-01,-0.5000000000000004,0.8660254037844384,Inter_OctNov,0.0,0,None,0.0,0,None,0.0,0,None
Polonnaruwa|Somawathiya NP,2024,12,Polonnaruwa,Somawathiya NP,0.0,0.0,0.0,0.0,0.0,0.0,0.0,0.0,0.0,0.0,0.0,0.0,0.0,0.0,0.0,0.0,None,0.0,0,2024-12-01,-2.4492935982947064e-16,1.0,NE_monsoon,0.0,0,None,0.0,0,None,0.0,0,None
Polonnaruwa|Unknown,2022,1,Polonnaruwa,Unknown,0.0,0.0,0.0,0.0,0.0,2.0,0.0,18.0,33.0,0.0,0.0,0.0,0.0,0.0,0.0,0.0,Illegal Entry,53.0,1,2022-01-01,0.49999999999999994,0.8660254037844387,NE_monsoon,0.0,0,None,0.0,0,None,0.0,0,None
Polonnaruwa|Unknown,2022,2,Polonnaruwa,Unknown,0.0,0.0,0.0,0.0,0.0,97.0,0.0,0.0,16.0,0.0,0.0,0.0,28.0,0.0,0.0,39.0,Encroachment/Land,180.0,1,2022-02-01,0.8660254037844386,0.5000000000000001,NE_monsoon,53.0,1,Illegal Entry,0.0,0,None,0.0,0,None
Polonnaruwa|Unknown,2022,3,Polonnaruwa,Unknown,0.0,0.0,0.0,33.0,0.0,0.0,0.0,0.0,21.0,0.0,16.0,0.0,0.0,0.0,0.0,19.0,Domestic Animal Trespass,89.0,1,2022-03-01,1.0,6.123233995736766e-17,Inter_MarApr,180.0,1,Encroachment/Land,53.0,1,Illegal Entry,0.0,0,None
Polonnaruwa|Unknown,2022,4,Polonnaruwa,Unknown,0.0,0.0,0.0,0.0,0.0,20.0,0.0,0.0,2.0,0.0,21.0,18.0,21.0,6.0,0.0,29.0,Weapons/Traps,117.0,1,2022-04-01,0.8660254037844387,-0.4999999999999998,Inter_MarApr,89.0,1,Domestic Animal Trespass,180.0,1,Encroachment/Land,53.0,1,Illegal Entry
Polonnaruwa|Unknown,2022,5,Polonnaruwa,Unknown,0.0,0.0,0.0,33.0,0.0,56.0,0.0,20.0,101.0,0.0,78.0,23.0,0.0,29.0,0.0,124.0,Weapons/Traps,464.0,1,2022-05-01,0.49999999999999994,-0.8660254037844387,SW_monsoon,117.0,1,Weapons/Traps,89.0,1,Domestic Animal Trespass,180.0,1,Encroachment/Land
Polonnaruwa|Unknown,2022,6,Polonnaruwa,Unknown,0.0,0.0,0.0,7.0,0.0,108.0,24.0,16.0,5.0,0.0,0.0,22.0,0.0,19.0,0.0,70.0,Encroachment/Land,271.0,1,2022-06-01,1.2246467991473532e-16,-1.0,SW_monsoon,464.0,1,Weapons/Traps,117.0,1,Weapons/Traps,89.0,1,Domestic Animal Trespass
Polonnaruwa|Unknown,2022,7,Polonnaruwa,Unknown,0.0,0.0,0.0,0.0,0.0,0.0,0.0,0.0,0.0,0.0,0.0,0.0,0.0,0.0,0.0,1.0,Weapons/Traps,1.0,1,2022-07-01,-0.4999999999999997,-0.8660254037844388,SW_monsoon,271.0,1,Encroachment/Land,464.0,1,Weapons/Traps,117.0,1,Weapons/Traps
Polonnaruwa|Unknown,2022,8,Polonnaruwa,Unknown,0.0,40.0,28.0,80.0,0.0,0.0,0.0,15.0,192.0,0.0,0.0,77.0,0.0,45.0,17.0,0.0,Illegal Entry,494.0,1,2022-08-01,-0.8660254037844384,-0.5000000000000004,SW_monsoon,1.0,1,Weapons/Traps,271.0,1,Encroachment/Land,464.0,1,Weapons/Traps
Polonnaruwa|Unknown,2022,9,Polonnaruwa,Unknown,0.0,0.0,0.0,0.0,0.0,0.0,37.0,0.0,20.0,0.0,8.0,3.0,0.0,24.0,0.0,2.0,Fire,94.0,1,2022-09-01,-1.0,-1.8369701987210297e-16,SW_monsoon,494.0,1,Illegal Entry,1.0,1,Weapons/Traps,271.0,1,Encroachment/Land
Polonnaruwa|Unknown,2022,10,Polonnaruwa,Unknown,0.0,0.0,0.0,0.0,0.0,0.0,0.0,0.0,0.0,0.0,0.0,0.0,0.0,0.0,0.0,0.0,None,0.0,0,2022-10-01,-0.8660254037844386,0.5000000000000001,Inter_OctNov,94.0,1,Fire,494.0,1,Illegal Entry,1.0,1,Weapons/Traps
Polonnaruwa|Unknown,2022,11,Polonnaruwa,Unknown,0.0,15.0,0.0,0.0,0.0,1.0,0.0,0.0,9.0,0.0,35.0,6.0,0.0,23.0,0.0,5.0,Illegal Logging,94.0,1,2022-11-01,-0.5000000000000004,0.8660254037844384,Inter_OctNov,0.0,0,None,94.0,1,Fire,494.0,1,Illegal Entry
Polonnaruwa|Unknown,2022,12,Polonnaruwa,Unknown,0.0,0.0,0.0,0.0,0.0,0.0,0.0,0.0,0.0,0.0,0.0,0.0,0.0,0.0,0.0,0.0,None,0.0,0,2022-12-01,-2.4492935982947064e-16,1.0,NE_monsoon,94.0,1,Illegal Logging,0.0,0,None,94.0,1,Fire
Polonnaruwa|Unknown,2023,1,Polonnaruwa,Unknown,39.0,0.0,0.0,0.0,0.0,0.0,0.0,0.0,21.0,0.0,5.0,14.0,0.0,0.0,0.0,30.0,Animal Death/Injury,109.0,1,2023-01-01,0.49999999999999994,0.8660254037844387,NE_monsoon,0.0,0,None,94.0,1,Illegal Logging,0.0,0,None
Polonnaruwa|Unknown,2023,2,Polonnaruwa,Unknown,31.0,67.0,0.0,0.0,0.0,0.0,0.0,0.0,61.0,0.0,0.0,17.0,0.0,0.0,0.0,23.0,Animal Parts Trade,199.0,1,2023-02-01,0.8660254037844386,0.5000000000000001,NE_monsoon,109.0,1,Animal Death/Injury,0.0,0,None,94.0,1,Illegal Logging
Polonnaruwa|Unknown,2023,3,Polonnaruwa,Unknown,0.0,0.0,0.0,16.0,0.0,0.0,0.0,18.0,8.0,0.0,0.0,15.0,0.0,0.0,0.0,0.0,Hunting/Killing,57.0,1,2023-03-01,1.0,6.123233995736766e-17,Inter_MarApr,199.0,1,Animal Parts Trade,109.0,1,Animal Death/Injury,0.0,0,None
Polonnaruwa|Unknown,2023,4,Polonnaruwa,Unknown,27.0,0.0,0.0,0.0,0.0,20.0,0.0,8.0,6.0,0.0,17.0,47.0,0.0,7.0,0.0,10.0,Meat/Egg Trade,142.0,1,2023-04-01,0.8660254037844387,-0.4999999999999998,Inter_MarApr,57.0,1,Hunting/Killing,199.0,1,Animal Parts Trade,109.0,1,Animal Death/Injury
Polonnaruwa|Unknown,2023,5,Polonnaruwa,Unknown,18.0,0.0,0.0,0.0,0.0,0.0,0.0,15.0,63.0,0.0,0.0,21.0,0.0,29.0,0.0,37.0,Illegal Entry,183.0,1,2023-05-01,0.49999999999999994,-0.8660254037844387,SW_monsoon,142.0,1,Meat/Egg Trade,57.0,1,Hunting/Killing,199.0,1,Animal Parts Trade
Polonnaruwa|Unknown,2023,6,Polonnaruwa,Unknown,0.0,0.0,0.0,0.0,0.0,0.0,0.0,36.0,130.0,0.0,15.0,0.0,0.0,16.0,0.0,69.0,Illegal Entry,266.0,1,2023-06-01,1.2246467991473532e-16,-1.0,SW_monsoon,183.0,1,Illegal Entry,142.0,1,Meat/Egg Trade,57.0,1,Hunting/Killing
Polonnaruwa|Unknown,2023,7,Polonnaruwa,Unknown,0.0,17.0,0.0,0.0,0.0,0.0,0.0,0.0,91.0,0.0,0.0,104.0,0.0,18.0,0.0,41.0,Meat/Egg Trade,271.0,1,2023-07-01,-0.4999999999999997,-0.8660254037844388,SW_monsoon,266.0,1,Illegal Entry,183.0,1,Illegal Entry,142.0,1,Meat/Egg Trade
Polonnaruwa|Unknown,2023,8,Polonnaruwa,Unknown,47.0,0.0,0.0,4.0,0.0,3.0,0.0,0.0,396.0,0.0,0.0,109.0,0.0,49.0,0.0,99.0,Illegal Entry,707.0,1,2023-08-01,-0.8660254037844384,-0.5000000000000004,SW_monsoon,271.0,1,Meat/Egg Trade,266.0,1,Illegal Entry,183.0,1,Illegal Entry
Polonnaruwa|Unknown,2023,9,Polonnaruwa,Unknown,0.0,0.0,0.0,0.0,0.0,0.0,0.0,31.0,66.0,0.0,0.0,55.0,0.0,38.0,0.0,62.0,Illegal Entry,252.0,1,2023-09-01,-1.0,-1.8369701987210297e-16,SW_monsoon,707.0,1,Illegal Entry,271.0,1,Meat/Egg Trade,266.0,1,Illegal Entry
Polonnaruwa|Unknown,2023,10,Polonnaruwa,Unknown,0.0,0.0,0.0,0.0,0.0,0.0,0.0,0.0,0.0,0.0,0.0,0.0,0.0,0.0,0.0,0.0,None,0.0,0,2023-10-01,-0.8660254037844386,0.5000000000000001,Inter_OctNov,252.0,1,Illegal Entry,707.0,1,Illegal Entry,271.0,1,Meat/Egg Trade
Polonnaruwa|Unknown,2023,11,Polonnaruwa,Unknown,0.0,0.0,0.0,0.0,0.0,0.0,0.0,50.0,59.0,0.0,0.0,0.0,0.0,40.0,0.0,7.0,Illegal Entry,156.0,1,2023-11-01,-0.5000000000000004,0.8660254037844384,Inter_OctNov,0.0,0,None,252.0,1,Illegal Entry,707.0,1,Illegal Entry
Polonnaruwa|Unknown,2023,12,Polonnaruwa,Unknown,0.0,0.0,0.0,0.0,0.0,0.0,0.0,43.0,42.0,0.0,0.0,9.0,0.0,33.0,0.0,57.0,Weapons/Traps,184.0,1,2023-12-01,-2.4492935982947064e-16,1.0,NE_monsoon,156.0,1,Illegal Entry,0.0,0,None,252.0,1,Illegal Entry
Polonnaruwa|Unknown,2024,1,Polonnaruwa,Unknown,0.0,0.0,0.0,0.0,0.0,0.0,0.0,0.0,0.0,0.0,0.0,0.0,0.0,0.0,0.0,0.0,None,0.0,0,2024-01-01,0.49999999999999994,0.8660254037844387,NE_monsoon,184.0,1,Weapons/Traps,156.0,1,Illegal Entry,0.0,0,None
Polonnaruwa|Unknown,2024,2,Polonnaruwa,Unknown,0.0,0.0,0.0,0.0,0.0,0.0,0.0,0.0,10.0,0.0,0.0,1.0,0.0,2.0,0.0,14.0,Weapons/Traps,27.0,1,2024-02-01,0.8660254037844386,0.5000000000000001,NE_monsoon,0.0,0,None,184.0,1,Weapons/Traps,156.0,1,Illegal Entry
Polonnaruwa|Unknown,2024,3,Polonnaruwa,Unknown,0.0,0.0,0.0,0.0,0.0,0.0,0.0,0.0,46.0,0.0,0.0,0.0,0.0,0.0,0.0,75.0,Weapons/Traps,121.0,1,2024-03-01,1.0,6.123233995736766e-17,Inter_MarApr,27.0,1,Weapons/Traps,0.0,0,None,184.0,1,Weapons/Traps
Polonnaruwa|Unknown,2024,4,Polonnaruwa,Unknown,0.0,0.0,0.0,0.0,0.0,0.0,0.0,0.0,0.0,0.0,0.0,0.0,0.0,0.0,0.0,0.0,None,0.0,0,2024-04-01,0.8660254037844387,-0.4999999999999998,Inter_MarApr,121.0,1,Weapons/Traps,27.0,1,Weapons/Traps,0.0,0,None
Polonnaruwa|Unknown,2024,5,Polonnaruwa,Unknown,0.0,0.0,6.0,9.0,0.0,0.0,0.0,0.0,54.0,0.0,0.0,0.0,0.0,13.0,0.0,0.0,Illegal Entry,82.0,1,2024-05-01,0.49999999999999994,-0.8660254037844387,SW_monsoon,0.0,0,None,121.0,1,Weapons/Traps,27.0,1,Weapons/Traps
Polonnaruwa|Unknown,2024,6,Polonnaruwa,Unknown,0.0,0.0,0.0,0.0,0.0,0.0,0.0,0.0,0.0,0.0,0.0,0.0,0.0,0.0,0.0,0.0,None,0.0,0,2024-06-01,1.2246467991473532e-16,-1.0,SW_monsoon,82.0,1,Illegal Entry,0.0,0,None,121.0,1,Weapons/Traps
Polonnaruwa|Unknown,2024,7,Polonnaruwa,Unknown,0.0,0.0,0.0,0.0,0.0,0.0,0.0,0.0,0.0,0.0,0.0,0.0,0.0,0.0,0.0,0.0,None,0.0,0,2024-07-01,-0.4999999999999997,-0.8660254037844388,SW_monsoon,0.0,0,None,82.0,1,Illegal Entry,0.0,0,None
Polonnaruwa|Unknown,2024,8,Polonnaruwa,Unknown,0.0,0.0,0.0,0.0,0.0,0.0,0.0,0.0,0.0,0.0,0.0,0.0,0.0,0.0,0.0,0.0,None,0.0,0,2024-08-01,-0.8660254037844384,-0.5000000000000004,SW_monsoon,0.0,0,None,0.0,0,None,82.0,1,Illegal Entry
Polonnaruwa|Unknown,2024,9,Polonnaruwa,Unknown,0.0,0.0,0.0,0.0,0.0,0.0,0.0,0.0,0.0,0.0,0.0,0.0,0.0,0.0,0.0,0.0,None,0.0,0,2024-09-01,-1.0,-1.8369701987210297e-16,SW_monsoon,0.0,0,None,0.0,0,None,0.0,0,None
Polonnaruwa|Unknown,2024,10,Polonnaruwa,Unknown,0.0,0.0,0.0,0.0,0.0,0.0,0.0,0.0,0.0,0.0,0.0,0.0,0.0,0.0,0.0,0.0,None,0.0,0,2024-10-01,-0.8660254037844386,0.5000000000000001,Inter_OctNov,0.0,0,None,0.0,0,None,0.0,0,None
Polonnaruwa|Unknown,2024,11,Polonnaruwa,Unknown,0.0,0.0,0.0,0.0,0.0,0.0,0.0,0.0,0.0,0.0,1.0,6.0,0.0,0.0,0.0,10.0,Weapons/Traps,17.0,1,2024-11-01,-0.5000000000000004,0.8660254037844384,Inter_OctNov,0.0,0,None,0.0,0,None,0.0,0,None
Polonnaruwa|Unknown,2024,12,Polonnaruwa,Unknown,0.0,0.0,0.0,0.0,0.0,0.0,0.0,0.0,4.0,0.0,0.0,0.0,0.0,7.0,0.0,8.0,Weapons/Traps,19.0,1,2024-12-01,-2.4492935982947064e-16,1.0,NE_monsoon,17.0,1,Weapons/Traps,0.0,0,None,0.0,0,None
Polonnaruwa|Wasgamuwa NP,2022,1,Polonnaruwa,Wasgamuwa NP,0.0,0.0,0.0,0.0,0.0,0.0,0.0,0.0,0.0,0.0,0.0,0.0,0.0,0.0,0.0,0.0,None,0.0,0,2022-01-01,0.49999999999999994,0.8660254037844387,NE_monsoon,0.0,0,None,0.0,0,None,0.0,0,None
Polonnaruwa|Wasgamuwa NP,2022,2,Polonnaruwa,Wasgamuwa NP,0.0,0.0,0.0,0.0,0.0,0.0,0.0,0.0,0.0,0.0,0.0,10.0,0.0,0.0,0.0,1.0,Meat/Egg Trade,11.0,1,2022-02-01,0.8660254037844386,0.5000000000000001,NE_monsoon,0.0,0,None,0.0,0,None,0.0,0,None
Polonnaruwa|Wasgamuwa NP,2022,3,Polonnaruwa,Wasgamuwa NP,0.0,0.0,0.0,0.0,0.0,0.0,0.0,0.0,0.0,0.0,0.0,0.0,0.0,0.0,0.0,0.0,None,0.0,0,2022-03-01,1.0,6.123233995736766e-17,Inter_MarApr,11.0,1,Meat/Egg Trade,0.0,0,None,0.0,0,None
Polonnaruwa|Wasgamuwa NP,2022,4,Polonnaruwa,Wasgamuwa NP,0.0,0.0,0.0,0.0,0.0,0.0,0.0,0.0,0.0,0.0,0.0,0.0,0.0,0.0,0.0,0.0,None,0.0,0,2022-04-01,0.8660254037844387,-0.4999999999999998,Inter_MarApr,0.0,0,None,11.0,1,Meat/Egg Trade,0.0,0,None
Polonnaruwa|Wasgamuwa NP,2022,5,Polonnaruwa,Wasgamuwa NP,0.0,0.0,0.0,0.0,0.0,0.0,0.0,0.0,0.0,0.0,0.0,0.0,0.0,0.0,0.0,0.0,None,0.0,0,2022-05-01,0.49999999999999994,-0.8660254037844387,SW_monsoon,0.0,0,None,0.0,0,None,11.0,1,Meat/Egg Trade
Polonnaruwa|Wasgamuwa NP,2022,6,Polonnaruwa,Wasgamuwa NP,0.0,0.0,0.0,0.0,0.0,0.0,0.0,0.0,0.0,0.0,0.0,0.0,0.0,0.0,0.0,0.0,None,0.0,0,2022-06-01,1.2246467991473532e-16,-1.0,SW_monsoon,0.0,0,None,0.0,0,None,0.0,0,None
Polonnaruwa|Wasgamuwa NP,2022,7,Polonnaruwa,Wasgamuwa NP,0.0,0.0,0.0,0.0,0.0,0.0,0.0,0.0,0.0,0.0,0.0,0.0,0.0,0.0,0.0,0.0,None,0.0,0,2022-07-01,-0.4999999999999997,-0.8660254037844388,SW_monsoon,0.0,0,None,0.0,0,None,0.0,0,None
Polonnaruwa|Wasgamuwa NP,2022,8,Polonnaruwa,Wasgamuwa NP,0.0,0.0,0.0,0.0,0.0,0.0,0.0,0.0,31.0,0.0,0.0,0.0,0.0,0.0,0.0,0.0,Illegal Entry,31.0,1,2022-08-01,-0.8660254037844384,-0.5000000000000004,SW_monsoon,0.0,0,None,0.0,0,None,0.0,0,None
Polonnaruwa|Wasgamuwa NP,2022,9,Polonnaruwa,Wasgamuwa NP,0.0,0.0,0.0,0.0,0.0,0.0,0.0,0.0,6.0,0.0,0.0,0.0,0.0,0.0,0.0,0.0,Illegal Entry,6.0,1,2022-09-01,-1.0,-1.8369701987210297e-16,SW_monsoon,31.0,1,Illegal Entry,0.0,0,None,0.0,0,None
Polonnaruwa|Wasgamuwa NP,2022,10,Polonnaruwa,Wasgamuwa NP,0.0,0.0,0.0,0.0,0.0,0.0,0.0,0.0,0.0,0.0,0.0,0.0,0.0,0.0,0.0,0.0,None,0.0,0,2022-10-01,-0.8660254037844386,0.5000000000000001,Inter_OctNov,6.0,1,Illegal Entry,31.0,1,Illegal Entry,0.0,0,None
Polonnaruwa|Wasgamuwa NP,2022,11,Polonnaruwa,Wasgamuwa NP,0.0,0.0,0.0,0.0,0.0,0.0,0.0,0.0,0.0,0.0,0.0,0.0,0.0,0.0,0.0,0.0,None,0.0,0,2022-11-01,-0.5000000000000004,0.8660254037844384,Inter_OctNov,0.0,0,None,6.0,1,Illegal Entry,31.0,1,Illegal Entry
Polonnaruwa|Wasgamuwa NP,2022,12,Polonnaruwa,Wasgamuwa NP,0.0,0.0,0.0,0.0,0.0,0.0,0.0,0.0,0.0,0.0,0.0,0.0,0.0,0.0,0.0,0.0,None,0.0,0,2022-12-01,-2.4492935982947064e-16,1.0,NE_monsoon,0.0,0,None,0.0,0,None,6.0,1,Illegal Entry
Polonnaruwa|Wasgamuwa NP,2023,1,Polonnaruwa,Wasgamuwa NP,0.0,0.0,0.0,0.0,0.0,0.0,0.0,0.0,0.0,0.0,0.0,23.0,0.0,0.0,0.0,18.0,Meat/Egg Trade,41.0,1,2023-01-01,0.49999999999999994,0.8660254037844387,NE_monsoon,0.0,0,None,0.0,0,None,0.0,0,None
Polonnaruwa|Wasgamuwa NP,2023,2,Polonnaruwa,Wasgamuwa NP,0.0,0.0,0.0,0.0,0.0,0.0,0.0,26.0,0.0,0.0,0.0,0.0,0.0,24.0,0.0,0.0,Hunting/Killing,50.0,1,2023-02-01,0.8660254037844386,0.5000000000000001,NE_monsoon,41.0,1,Meat/Egg Trade,0.0,0,None,0.0,0,None
Polonnaruwa|Wasgamuwa NP,2023,3,Polonnaruwa,Wasgamuwa NP,13.0,0.0,0.0,0.0,0.0,0.0,7.0,0.0,0.0,0.0,0.0,11.0,0.0,0.0,0.0,0.0,Animal Death/Injury,31.0,1,2023-03-01,1.0,6.123233995736766e-17,Inter_MarApr,50.0,1,Hunting/Killing,41.0,1,Meat/Egg Trade,0.0,0,None
Polonnaruwa|Wasgamuwa NP,2023,4,Polonnaruwa,Wasgamuwa NP,0.0,0.0,0.0,0.0,0.0,0.0,0.0,0.0,0.0,0.0,0.0,11.0,0.0,14.0,0.0,0.0,Meat/Egg Trade,25.0,1,2023-04-01,0.8660254037844387,-0.4999999999999998,Inter_MarApr,31.0,1,Animal Death/Injury,50.0,1,Hunting/Killing,41.0,1,Meat/Egg Trade
Polonnaruwa|Wasgamuwa NP,2023,5,Polonnaruwa,Wasgamuwa NP,0.0,0.0,0.0,0.0,0.0,0.0,0.0,0.0,0.0,0.0,22.0,0.0,0.0,4.0,0.0,23.0,Weapons/Traps,49.0,1,2023-05-01,0.49999999999999994,-0.8660254037844387,SW_monsoon,25.0,1,Meat/Egg Trade,31.0,1,Animal Death/Injury,50.0,1,Hunting/Killing
Polonnaruwa|Wasgamuwa NP,2023,6,Polonnaruwa,Wasgamuwa NP,0.0,0.0,0.0,0.0,0.0,0.0,0.0,0.0,40.0,0.0,0.0,0.0,0.0,0.0,0.0,0.0,Illegal Entry,40.0,1,2023-06-01,1.2246467991473532e-16,-1.0,SW_monsoon,49.0,1,Weapons/Traps,25.0,1,Meat/Egg Trade,31.0,1,Animal Death/Injury
Polonnaruwa|Wasgamuwa NP,2023,7,Polonnaruwa,Wasgamuwa NP,0.0,0.0,0.0,0.0,0.0,0.0,0.0,0.0,25.0,0.0,0.0,0.0,0.0,15.0,0.0,0.0,Illegal Entry,40.0,1,2023-07-01,-0.4999999999999997,-0.8660254037844388,SW_monsoon,40.0,1,Illegal Entry,49.0,1,Weapons/Traps,25.0,1,Meat/Egg Trade
Polonnaruwa|Wasgamuwa NP,2023,8,Polonnaruwa,Wasgamuwa NP,0.0,0.0,0.0,0.0,0.0,0.0,0.0,0.0,113.0,52.0,0.0,28.0,0.0,53.0,0.0,95.0,Illegal Entry,341.0,1,2023-08-01,-0.8660254037844384,-0.5000000000000004,SW_monsoon,40.0,1,Illegal Entry,40.0,1,Illegal Entry,49.0,1,Weapons/Traps
Polonnaruwa|Wasgamuwa NP,2023,9,Polonnaruwa,Wasgamuwa NP,0.0,0.0,0.0,0.0,0.0,0.0,0.0,30.0,140.0,0.0,0.0,33.0,0.0,19.0,0.0,24.0,Illegal Entry,246.0,1,2023-09-01,-1.0,-1.8369701987210297e-16,SW_monsoon,341.0,1,Illegal Entry,40.0,1,Illegal Entry,40.0,1,Illegal Entry
Polonnaruwa|Wasgamuwa NP,2023,10,Polonnaruwa,Wasgamuwa NP,0.0,0.0,0.0,0.0,0.0,0.0,0.0,0.0,0.0,0.0,0.0,0.0,0.0,0.0,0.0,0.0,None,0.0,0,2023-10-01,-0.8660254037844386,0.5000000000000001,Inter_OctNov,246.0,1,Illegal Entry,341.0,1,Illegal Entry,40.0,1,Illegal Entry
Polonnaruwa|Wasgamuwa NP,2023,11,Polonnaruwa,Wasgamuwa NP,0.0,0.0,0.0,0.0,0.0,0.0,0.0,0.0,0.0,0.0,0.0,14.0,0.0,0.0,0.0,0.0,Meat/Egg Trade,14.0,1,2023-11-01,-0.5000000000000004,0.8660254037844384,Inter_OctNov,0.0,0,None,246.0,1,Illegal Entry,341.0,1,Illegal Entry
Polonnaruwa|Wasgamuwa NP,2023,12,Polonnaruwa,Wasgamuwa NP,0.0,0.0,0.0,0.0,0.0,0.0,0.0,1.0,0.0,0.0,0.0,11.0,0.0,0.0,0.0,57.0,Weapons/Traps,69.0,1,2023-12-01,-2.4492935982947064e-16,1.0,NE_monsoon,14.0,1,Meat/Egg Trade,0.0,0,None,246.0,1,Illegal Entry
Polonnaruwa|Wasgamuwa NP,2024,1,Polonnaruwa,Wasgamuwa NP,0.0,0.0,0.0,0.0,0.0,0.0,0.0,0.0,0.0,0.0,0.0,0.0,0.0,0.0,0.0,0.0,None,0.0,0,2024-01-01,0.49999999999999994,0.8660254037844387,NE_monsoon,69.0,1,Weapons/Traps,14.0,1,Meat/Egg Trade,0.0,0,None
Polonnaruwa|Wasgamuwa NP,2024,2,Polonnaruwa,Wasgamuwa NP,0.0,0.0,0.0,0.0,0.0,4.0,0.0,0.0,19.0,0.0,0.0,21.0,0.0,0.0,0.0,0.0,Meat/Egg Trade,44.0,1,2024-02-01,0.8660254037844386,0.5000000000000001,NE_monsoon,0.0,0,None,69.0,1,Weapons/Traps,14.0,1,Meat/Egg Trade
Polonnaruwa|Wasgamuwa NP,2024,3,Polonnaruwa,Wasgamuwa NP,0.0,0.0,0.0,0.0,0.0,0.0,0.0,0.0,0.0,0.0,0.0,0.0,0.0,1.0,0.0,0.0,Other,1.0,1,2024-03-01,1.0,6.123233995736766e-17,Inter_MarApr,44.0,1,Meat/Egg Trade,0.0,0,None,69.0,1,Weapons/Traps
Polonnaruwa|Wasgamuwa NP,2024,4,Polonnaruwa,Wasgamuwa NP,0.0,0.0,0.0,0.0,0.0,0.0,0.0,0.0,0.0,0.0,0.0,0.0,0.0,0.0,0.0,0.0,None,0.0,0,2024-04-01,0.8660254037844387,-0.4999999999999998,Inter_MarApr,1.0,1,Other,44.0,1,Meat/Egg Trade,0.0,0,None
Polonnaruwa|Wasgamuwa NP,2024,5,Polonnaruwa,Wasgamuwa NP,0.0,0.0,0.0,0.0,0.0,0.0,0.0,0.0,0.0,0.0,0.0,0.0,0.0,0.0,0.0,13.0,Weapons/Traps,13.0,1,2024-05-01,0.49999999999999994,-0.8660254037844387,SW_monsoon,0.0,0,None,1.0,1,Other,44.0,1,Meat/Egg Trade
Polonnaruwa|Wasgamuwa NP,2024,6,Polonnaruwa,Wasgamuwa NP,0.0,0.0,0.0,0.0,0.0,0.0,0.0,0.0,0.0,0.0,0.0,0.0,0.0,0.0,0.0,0.0,None,0.0,0,2024-06-01,1.2246467991473532e-16,-1.0,SW_monsoon,13.0,1,Weapons/Traps,0.0,0,None,1.0,1,Other
Polonnaruwa|Wasgamuwa NP,2024,7,Polonnaruwa,Wasgamuwa NP,0.0,0.0,0.0,0.0,0.0,0.0,0.0,0.0,0.0,0.0,0.0,0.0,0.0,0.0,0.0,0.0,None,0.0,0,2024-07-01,-0.4999999999999997,-0.8660254037844388,SW_monsoon,0.0,0,None,13.0,1,Weapons/Traps,0.0,0,None
Polonnaruwa|Wasgamuwa NP,2024,8,Polonnaruwa,Wasgamuwa NP,0.0,0.0,0.0,0.0,0.0,0.0,0.0,0.0,0.0,0.0,0.0,0.0,0.0,0.0,0.0,0.0,None,0.0,0,2024-08-01,-0.8660254037844384,-0.5000000000000004,SW_monsoon,0.0,0,None,0.0,0,None,13.0,1,Weapons/Traps
Polonnaruwa|Wasgamuwa NP,2024,9,Polonnaruwa,Wasgamuwa NP,0.0,0.0,0.0,0.0,0.0,0.0,0.0,0.0,0.0,0.0,0.0,0.0,0.0,0.0,0.0,0.0,None,0.0,0,2024-09-01,-1.0,-1.8369701987210297e-16,SW_monsoon,0.0,0,None,0.0,0,None,0.0,0,None
Polonnaruwa|Wasgamuwa NP,2024,10,Polonnaruwa,Wasgamuwa NP,0.0,0.0,0.0,0.0,0.0,0.0,0.0,0.0,0.0,0.0,0.0,0.0,0.0,0.0,0.0,0.0,None,0.0,0,2024-10-01,-0.8660254037844386,0.5000000000000001,Inter_OctNov,0.0,0,None,0.0,0,None,0.0,0,None
Polonnaruwa|Wasgamuwa NP,2024,11,Polonnaruwa,Wasgamuwa NP,0.0,0.0,0.0,0.0,0.0,0.0,0.0,0.0,0.0,0.0,0.0,0.0,0.0,19.0,0.0,26.0,Weapons/Traps,45.0,1,2024-11-01,-0.5000000000000004,0.8660254037844384,Inter_OctNov,0.0,0,None,0.0,0,None,0.0,0,None
Polonnaruwa|Wasgamuwa NP,2024,12,Polonnaruwa,Wasgamuwa NP,0.0,0.0,0.0,0.0,0.0,0.0,0.0,0.0,0.0,0.0,0.0,0.0,0.0,6.0,0.0,0.0,Other,6.0,1,2024-12-01,-2.4492935982947064e-16,1.0,NE_monsoon,45.0,1,Weapons/Traps,0.0,0,None,0.0,0,None
Puttalam|National Park,2022,1,Puttalam,National Park,0.0,0.0,0.0,0.0,0.0,0.0,0.0,0.0,0.0,0.0,0.0,0.0,0.0,0.0,0.0,0.0,None,0.0,0,2022-01-01,0.49999999999999994,0.8660254037844387,NE_monsoon,0.0,0,None,0.0,0,None,0.0,0,None
Puttalam|National Park,2022,2,Puttalam,National Park,0.0,0.0,0.0,0.0,0.0,0.0,0.0,0.0,0.0,0.0,0.0,0.0,0.0,0.0,0.0,0.0,None,0.0,0,2022-02-01,0.8660254037844386,0.5000000000000001,NE_monsoon,0.0,0,None,0.0,0,None,0.0,0,None
Puttalam|National Park,2022,3,Puttalam,National Park,0.0,0.0,0.0,0.0,0.0,0.0,0.0,0.0,0.0,0.0,0.0,0.0,0.0,0.0,0.0,0.0,None,0.0,0,2022-03-01,1.0,6.123233995736766e-17,Inter_MarApr,0.0,0,None,0.0,0,None,0.0,0,None
Puttalam|National Park,2022,4,Puttalam,National Park,0.0,0.0,0.0,0.0,0.0,0.0,0.0,0.0,0.0,0.0,0.0,0.0,0.0,0.0,0.0,0.0,None,0.0,0,2022-04-01,0.8660254037844387,-0.4999999999999998,Inter_MarApr,0.0,0,None,0.0,0,None,0.0,0,None
Puttalam|National Park,2022,5,Puttalam,National Park,0.0,0.0,0.0,0.0,0.0,0.0,0.0,0.0,0.0,0.0,0.0,0.0,0.0,0.0,0.0,0.0,None,0.0,0,2022-05-01,0.49999999999999994,-0.8660254037844387,SW_monsoon,0.0,0,None,0.0,0,None,0.0,0,None
Puttalam|National Park,2022,6,Puttalam,National Park,0.0,0.0,0.0,0.0,0.0,0.0,0.0,0.0,0.0,0.0,0.0,0.0,0.0,0.0,0.0,0.0,None,0.0,0,2022-06-01,1.2246467991473532e-16,-1.0,SW_monsoon,0.0,0,None,0.0,0,None,0.0,0,None
Puttalam|National Park,2022,7,Puttalam,National Park,0.0,0.0,0.0,0.0,0.0,0.0,0.0,0.0,0.0,0.0,0.0,0.0,0.0,0.0,0.0,0.0,None,0.0,0,2022-07-01,-0.4999999999999997,-0.8660254037844388,SW_monsoon,0.0,0,None,0.0,0,None,0.0,0,None
Puttalam|National Park,2022,8,Puttalam,National Park,0.0,0.0,0.0,0.0,0.0,0.0,0.0,0.0,0.0,0.0,0.0,0.0,0.0,0.0,0.0,0.0,None,0.0,0,2022-08-01,-0.8660254037844384,-0.5000000000000004,SW_monsoon,0.0,0,None,0.0,0,None,0.0,0,None
Puttalam|National Park,2022,9,Puttalam,National Park,0.0,0.0,0.0,0.0,0.0,0.0,0.0,0.0,0.0,0.0,0.0,0.0,0.0,0.0,0.0,0.0,None,0.0,0,2022-09-01,-1.0,-1.8369701987210297e-16,SW_monsoon,0.0,0,None,0.0,0,None,0.0,0,None
Puttalam|National Park,2022,10,Puttalam,National Park,0.0,0.0,0.0,0.0,0.0,0.0,0.0,0.0,0.0,0.0,0.0,0.0,0.0,0.0,0.0,0.0,None,0.0,0,2022-10-01,-0.8660254037844386,0.5000000000000001,Inter_OctNov,0.0,0,None,0.0,0,None,0.0,0,None
Puttalam|National Park,2022,11,Puttalam,National Park,0.0,0.0,0.0,0.0,0.0,0.0,0.0,0.0,0.0,0.0,0.0,0.0,0.0,0.0,0.0,0.0,None,0.0,0,2022-11-01,-0.5000000000000004,0.8660254037844384,Inter_OctNov,0.0,0,None,0.0,0,None,0.0,0,None
Puttalam|National Park,2022,12,Puttalam,National Park,0.0,0.0,0.0,0.0,0.0,0.0,0.0,0.0,0.0,0.0,0.0,0.0,0.0,0.0,0.0,0.0,None,0.0,0,2022-12-01,-2.4492935982947064e-16,1.0,NE_monsoon,0.0,0,None,0.0,0,None,0.0,0,None
Puttalam|National Park,2023,1,Puttalam,National Park,0.0,0.0,0.0,0.0,0.0,0.0,0.0,0.0,0.0,0.0,0.0,0.0,0.0,0.0,0.0,0.0,None,0.0,0,2023-01-01,0.49999999999999994,0.8660254037844387,NE_monsoon,0.0,0,None,0.0,0,None,0.0,0,None
Puttalam|National Park,2023,2,Puttalam,National Park,0.0,0.0,0.0,0.0,0.0,0.0,0.0,0.0,0.0,0.0,0.0,0.0,0.0,0.0,0.0,0.0,None,0.0,0,2023-02-01,0.8660254037844386,0.5000000000000001,NE_monsoon,0.0,0,None,0.0,0,None,0.0,0,None
Puttalam|National Park,2023,3,Puttalam,National Park,0.0,0.0,0.0,0.0,0.0,0.0,0.0,0.0,0.0,0.0,0.0,0.0,0.0,0.0,0.0,0.0,None,0.0,0,2023-03-01,1.0,6.123233995736766e-17,Inter_MarApr,0.0,0,None,0.0,0,None,0.0,0,None
Puttalam|National Park,2023,4,Puttalam,National Park,0.0,0.0,0.0,0.0,0.0,0.0,0.0,0.0,0.0,0.0,2.0,0.0,0.0,0.0,0.0,0.0,Illegal Logging,2.0,1,2023-04-01,0.8660254037844387,-0.4999999999999998,Inter_MarApr,0.0,0,None,0.0,0,None,0.0,0,None
Puttalam|National Park,2023,5,Puttalam,National Park,0.0,0.0,0.0,0.0,0.0,0.0,0.0,0.0,0.0,0.0,0.0,0.0,0.0,0.0,0.0,0.0,None,0.0,0,2023-05-01,0.49999999999999994,-0.8660254037844387,SW_monsoon,2.0,1,Illegal Logging,0.0,0,None,0.0,0,None
Puttalam|National Park,2023,6,Puttalam,National Park,0.0,0.0,0.0,0.0,0.0,0.0,0.0,0.0,0.0,0.0,0.0,0.0,0.0,0.0,0.0,0.0,None,0.0,0,2023-06-01,1.2246467991473532e-16,-1.0,SW_monsoon,0.0,0,None,2.0,1,Illegal Logging,0.0,0,None
Puttalam|National Park,2023,7,Puttalam,National Park,0.0,0.0,0.0,0.0,0.0,0.0,0.0,0.0,5.0,0.0,0.0,0.0,0.0,0.0,0.0,0.0,Illegal Entry,5.0,1,2023-07-01,-0.4999999999999997,-0.8660254037844388,SW_monsoon,0.0,0,None,0.0,0,None,2.0,1,Illegal Logging
Puttalam|National Park,2023,8,Puttalam,National Park,0.0,0.0,0.0,0.0,0.0,0.0,0.0,0.0,0.0,0.0,0.0,0.0,0.0,0.0,0.0,0.0,None,0.0,0,2023-08-01,-0.8660254037844384,-0.5000000000000004,SW_monsoon,5.0,1,Illegal Entry,0.0,0,None,0.0,0,None
Puttalam|National Park,2023,9,Puttalam,National Park,0.0,0.0,0.0,0.0,0.0,0.0,0.0,0.0,0.0,0.0,0.0,0.0,0.0,0.0,0.0,0.0,None,0.0,0,2023-09-01,-1.0,-1.8369701987210297e-16,SW_monsoon,0.0,0,None,5.0,1,Illegal Entry,0.0,0,None
Puttalam|National Park,2023,10,Puttalam,National Park,0.0,0.0,0.0,0.0,0.0,0.0,0.0,0.0,0.0,0.0,0.0,0.0,0.0,0.0,0.0,0.0,None,0.0,0,2023-10-01,-0.8660254037844386,0.5000000000000001,Inter_OctNov,0.0,0,None,0.0,0,None,5.0,1,Illegal Entry
Puttalam|National Park,2023,11,Puttalam,National Park,0.0,0.0,0.0,0.0,0.0,0.0,0.0,0.0,0.0,0.0,0.0,0.0,0.0,0.0,0.0,0.0,None,0.0,0,2023-11-01,-0.5000000000000004,0.8660254037844384,Inter_OctNov,0.0,0,None,0.0,0,None,0.0,0,None
Puttalam|National Park,2023,12,Puttalam,National Park,0.0,0.0,0.0,0.0,0.0,0.0,0.0,0.0,0.0,0.0,0.0,0.0,0.0,0.0,0.0,0.0,None,0.0,0,2023-12-01,-2.4492935982947064e-16,1.0,NE_monsoon,0.0,0,None,0.0,0,None,0.0,0,None
Puttalam|National Park,2024,1,Puttalam,National Park,0.0,0.0,0.0,0.0,0.0,0.0,0.0,0.0,0.0,0.0,0.0,0.0,0.0,0.0,0.0,0.0,None,0.0,0,2024-01-01,0.49999999999999994,0.8660254037844387,NE_monsoon,0.0,0,None,0.0,0,None,0.0,0,None
Puttalam|National Park,2024,2,Puttalam,National Park,0.0,0.0,0.0,0.0,0.0,0.0,0.0,0.0,0.0,0.0,0.0,0.0,0.0,0.0,0.0,0.0,None,0.0,0,2024-02-01,0.8660254037844386,0.5000000000000001,NE_monsoon,0.0,0,None,0.0,0,None,0.0,0,None
Puttalam|National Park,2024,3,Puttalam,National Park,0.0,0.0,0.0,0.0,0.0,0.0,0.0,0.0,0.0,0.0,0.0,0.0,0.0,0.0,0.0,0.0,None,0.0,0,2024-03-01,1.0,6.123233995736766e-17,Inter_MarApr,0.0,0,None,0.0,0,None,0.0,0,None
Puttalam|National Park,2024,4,Puttalam,National Park,0.0,0.0,0.0,0.0,0.0,0.0,0.0,0.0,0.0,0.0,0.0,0.0,0.0,0.0,0.0,0.0,None,0.0,0,2024-04-01,0.8660254037844387,-0.4999999999999998,Inter_MarApr,0.0,0,None,0.0,0,None,0.0,0,None
Puttalam|National Park,2024,5,Puttalam,National Park,0.0,0.0,0.0,0.0,0.0,0.0,0.0,0.0,0.0,0.0,0.0,0.0,0.0,0.0,0.0,0.0,None,0.0,0,2024-05-01,0.49999999999999994,-0.8660254037844387,SW_monsoon,0.0,0,None,0.0,0,None,0.0,0,None
Puttalam|National Park,2024,6,Puttalam,National Park,0.0,0.0,0.0,0.0,0.0,0.0,0.0,0.0,0.0,0.0,0.0,0.0,0.0,0.0,0.0,0.0,None,0.0,0,2024-06-01,1.2246467991473532e-16,-1.0,SW_monsoon,0.0,0,None,0.0,0,None,0.0,0,None
Puttalam|National Park,2024,7,Puttalam,National Park,0.0,0.0,0.0,0.0,0.0,0.0,0.0,0.0,0.0,0.0,0.0,0.0,0.0,0.0,0.0,0.0,None,0.0,0,2024-07-01,-0.4999999999999997,-0.8660254037844388,SW_monsoon,0.0,0,None,0.0,0,None,0.0,0,None
Puttalam|National Park,2024,8,Puttalam,National Park,0.0,0.0,0.0,0.0,0.0,0.0,0.0,0.0,0.0,0.0,0.0,0.0,0.0,0.0,0.0,0.0,None,0.0,0,2024-08-01,-0.8660254037844384,-0.5000000000000004,SW_monsoon,0.0,0,None,0.0,0,None,0.0,0,None
Puttalam|National Park,2024,9,Puttalam,National Park,0.0,0.0,0.0,0.0,0.0,0.0,0.0,0.0,0.0,0.0,0.0,0.0,0.0,0.0,0.0,0.0,None,0.0,0,2024-09-01,-1.0,-1.8369701987210297e-16,SW_monsoon,0.0,0,None,0.0,0,None,0.0,0,None
Puttalam|National Park,2024,10,Puttalam,National Park,0.0,0.0,0.0,0.0,0.0,0.0,0.0,0.0,0.0,0.0,0.0,0.0,0.0,0.0,0.0,0.0,None,0.0,0,2024-10-01,-0.8660254037844386,0.5000000000000001,Inter_OctNov,0.0,0,None,0.0,0,None,0.0,0,None
Puttalam|National Park,2024,11,Puttalam,National Park,0.0,0.0,0.0,0.0,0.0,0.0,0.0,0.0,0.0,0.0,0.0,0.0,0.0,0.0,0.0,0.0,None,0.0,0,2024-11-01,-0.5000000000000004,0.8660254037844384,Inter_OctNov,0.0,0,None,0.0,0,None,0.0,0,None
Puttalam|National Park,2024,12,Puttalam,National Park,0.0,0.0,0.0,0.0,0.0,0.0,0.0,0.0,0.0,0.0,0.0,0.0,0.0,0.0,0.0,0.0,None,0.0,0,2024-12-01,-2.4492935982947064e-16,1.0,NE_monsoon,0.0,0,None,0.0,0,None,0.0,0,None
Puttalam|Out of Protected Area,2022,1,Puttalam,Out of Protected Area,0.0,0.0,0.0,0.0,0.0,0.0,0.0,0.0,0.0,0.0,0.0,0.0,0.0,0.0,0.0,0.0,None,0.0,0,2022-01-01,0.49999999999999994,0.8660254037844387,NE_monsoon,0.0,0,None,0.0,0,None,0.0,0,None
Puttalam|Out of Protected Area,2022,2,Puttalam,Out of Protected Area,0.0,0.0,0.0,0.0,0.0,0.0,0.0,0.0,0.0,0.0,0.0,0.0,0.0,0.0,0.0,0.0,None,0.0,0,2022-02-01,0.8660254037844386,0.5000000000000001,NE_monsoon,0.0,0,None,0.0,0,None,0.0,0,None
Puttalam|Out of Protected Area,2022,3,Puttalam,Out of Protected Area,0.0,0.0,0.0,0.0,0.0,0.0,0.0,0.0,0.0,0.0,0.0,0.0,0.0,0.0,0.0,0.0,None,0.0,0,2022-03-01,1.0,6.123233995736766e-17,Inter_MarApr,0.0,0,None,0.0,0,None,0.0,0,None
Puttalam|Out of Protected Area,2022,4,Puttalam,Out of Protected Area,0.0,0.0,0.0,0.0,0.0,0.0,0.0,0.0,0.0,0.0,0.0,0.0,0.0,0.0,0.0,0.0,None,0.0,0,2022-04-01,0.8660254037844387,-0.4999999999999998,Inter_MarApr,0.0,0,None,0.0,0,None,0.0,0,None
Puttalam|Out of Protected Area,2022,5,Puttalam,Out of Protected Area,0.0,0.0,0.0,0.0,0.0,0.0,0.0,0.0,0.0,0.0,0.0,0.0,0.0,0.0,0.0,0.0,None,0.0,0,2022-05-01,0.49999999999999994,-0.8660254037844387,SW_monsoon,0.0,0,None,0.0,0,None,0.0,0,None
Puttalam|Out of Protected Area,2022,6,Puttalam,Out of Protected Area,0.0,0.0,0.0,0.0,0.0,0.0,0.0,0.0,0.0,0.0,0.0,0.0,0.0,0.0,0.0,0.0,None,0.0,0,2022-06-01,1.2246467991473532e-16,-1.0,SW_monsoon,0.0,0,None,0.0,0,None,0.0,0,None
Puttalam|Out of Protected Area,2022,7,Puttalam,Out of Protected Area,0.0,0.0,0.0,0.0,0.0,0.0,0.0,0.0,0.0,0.0,0.0,0.0,0.0,0.0,0.0,0.0,None,0.0,0,2022-07-01,-0.4999999999999997,-0.8660254037844388,SW_monsoon,0.0,0,None,0.0,0,None,0.0,0,None
Puttalam|Out of Protected Area,2022,8,Puttalam,Out of Protected Area,0.0,0.0,0.0,0.0,0.0,0.0,0.0,0.0,0.0,0.0,0.0,0.0,0.0,0.0,0.0,0.0,None,0.0,0,2022-08-01,-0.8660254037844384,-0.5000000000000004,SW_monsoon,0.0,0,None,0.0,0,None,0.0,0,None
Puttalam|Out of Protected Area,2022,9,Puttalam,Out of Protected Area,0.0,0.0,0.0,0.0,0.0,0.0,0.0,0.0,0.0,0.0,0.0,0.0,0.0,0.0,0.0,0.0,None,0.0,0,2022-09-01,-1.0,-1.8369701987210297e-16,SW_monsoon,0.0,0,None,0.0,0,None,0.0,0,None
Puttalam|Out of Protected Area,2022,10,Puttalam,Out of Protected Area,0.0,0.0,0.0,0.0,0.0,0.0,0.0,0.0,0.0,0.0,0.0,0.0,0.0,0.0,0.0,0.0,None,0.0,0,2022-10-01,-0.8660254037844386,0.5000000000000001,Inter_OctNov,0.0,0,None,0.0,0,None,0.0,0,None
Puttalam|Out of Protected Area,2022,11,Puttalam,Out of Protected Area,0.0,0.0,0.0,0.0,0.0,0.0,0.0,0.0,0.0,0.0,0.0,0.0,0.0,0.0,0.0,0.0,None,0.0,0,2022-11-01,-0.5000000000000004,0.8660254037844384,Inter_OctNov,0.0,0,None,0.0,0,None,0.0,0,None
Puttalam|Out of Protected Area,2022,12,Puttalam,Out of Protected Area,0.0,0.0,0.0,0.0,0.0,0.0,0.0,0.0,0.0,0.0,0.0,0.0,0.0,0.0,0.0,0.0,None,0.0,0,2022-12-01,-2.4492935982947064e-16,1.0,NE_monsoon,0.0,0,None,0.0,0,None,0.0,0,None
Puttalam|Out of Protected Area,2023,1,Puttalam,Out of Protected Area,0.0,0.0,0.0,0.0,0.0,0.0,0.0,0.0,0.0,0.0,0.0,0.0,0.0,0.0,0.0,0.0,None,0.0,0,2023-01-01,0.49999999999999994,0.8660254037844387,NE_monsoon,0.0,0,None,0.0,0,None,0.0,0,None
Puttalam|Out of Protected Area,2023,2,Puttalam,Out of Protected Area,0.0,0.0,0.0,0.0,0.0,0.0,0.0,0.0,0.0,0.0,0.0,3.0,0.0,0.0,0.0,10.0,Weapons/Traps,13.0,1,2023-02-01,0.8660254037844386,0.5000000000000001,NE_monsoon,0.0,0,None,0.0,0,None,0.0,0,None
Puttalam|Out of Protected Area,2023,3,Puttalam,Out of Protected Area,0.0,0.0,0.0,0.0,0.0,0.0,0.0,0.0,0.0,0.0,0.0,0.0,0.0,0.0,0.0,5.0,Weapons/Traps,5.0,1,2023-03-01,1.0,6.123233995736766e-17,Inter_MarApr,13.0,1,Weapons/Traps,0.0,0,None,0.0,0,None
Puttalam|Out of Protected Area,2023,4,Puttalam,Out of Protected Area,0.0,0.0,0.0,0.0,0.0,0.0,0.0,0.0,0.0,0.0,0.0,0.0,0.0,0.0,0.0,0.0,None,0.0,0,2023-04-01,0.8660254037844387,-0.4999999999999998,Inter_MarApr,5.0,1,Weapons/Traps,13.0,1,Weapons/Traps,0.0,0,None
Puttalam|Out of Protected Area,2023,5,Puttalam,Out of Protected Area,0.0,0.0,0.0,0.0,0.0,0.0,0.0,0.0,0.0,0.0,0.0,0.0,0.0,0.0,0.0,0.0,None,0.0,0,2023-05-01,0.49999999999999994,-0.8660254037844387,SW_monsoon,0.0,0,None,5.0,1,Weapons/Traps,13.0,1,Weapons/Traps
Puttalam|Out of Protected Area,2023,6,Puttalam,Out of Protected Area,0.0,0.0,0.0,0.0,0.0,0.0,0.0,0.0,0.0,0.0,0.0,0.0,0.0,0.0,0.0,0.0,None,0.0,0,2023-06-01,1.2246467991473532e-16,-1.0,SW_monsoon,0.0,0,None,0.0,0,None,5.0,1,Weapons/Traps
Puttalam|Out of Protected Area,2023,7,Puttalam,Out of Protected Area,0.0,0.0,0.0,0.0,0.0,0.0,0.0,0.0,0.0,0.0,0.0,0.0,0.0,0.0,0.0,0.0,None,0.0,0,2023-07-01,-0.4999999999999997,-0.8660254037844388,SW_monsoon,0.0,0,None,0.0,0,None,0.0,0,None
Puttalam|Out of Protected Area,2023,8,Puttalam,Out of Protected Area,0.0,0.0,0.0,0.0,0.0,0.0,0.0,0.0,0.0,0.0,0.0,0.0,0.0,0.0,0.0,0.0,None,0.0,0,2023-08-01,-0.8660254037844384,-0.5000000000000004,SW_monsoon,0.0,0,None,0.0,0,None,0.0,0,None
Puttalam|Out of Protected Area,2023,9,Puttalam,Out of Protected Area,0.0,0.0,0.0,0.0,0.0,0.0,0.0,0.0,0.0,0.0,0.0,0.0,0.0,0.0,0.0,0.0,None,0.0,0,2023-09-01,-1.0,-1.8369701987210297e-16,SW_monsoon,0.0,0,None,0.0,0,None,0.0,0,None
Puttalam|Out of Protected Area,2023,10,Puttalam,Out of Protected Area,0.0,0.0,0.0,0.0,0.0,0.0,0.0,0.0,0.0,0.0,0.0,0.0,0.0,0.0,0.0,0.0,None,0.0,0,2023-10-01,-0.8660254037844386,0.5000000000000001,Inter_OctNov,0.0,0,None,0.0,0,None,0.0,0,None
Puttalam|Out of Protected Area,2023,11,Puttalam,Out of Protected Area,0.0,0.0,0.0,0.0,0.0,0.0,0.0,0.0,0.0,0.0,0.0,0.0,0.0,0.0,0.0,0.0,None,0.0,0,2023-11-01,-0.5000000000000004,0.8660254037844384,Inter_OctNov,0.0,0,None,0.0,0,None,0.0,0,None
Puttalam|Out of Protected Area,2023,12,Puttalam,Out of Protected Area,0.0,0.0,0.0,0.0,0.0,0.0,0.0,0.0,0.0,0.0,0.0,0.0,0.0,0.0,0.0,0.0,None,0.0,0,2023-12-01,-2.4492935982947064e-16,1.0,NE_monsoon,0.0,0,None,0.0,0,None,0.0,0,None
Puttalam|Out of Protected Area,2024,1,Puttalam,Out of Protected Area,0.0,0.0,0.0,0.0,0.0,0.0,0.0,0.0,0.0,0.0,0.0,0.0,0.0,0.0,0.0,0.0,None,0.0,0,2024-01-01,0.49999999999999994,0.8660254037844387,NE_monsoon,0.0,0,None,0.0,0,None,0.0,0,None
Puttalam|Out of Protected Area,2024,2,Puttalam,Out of Protected Area,0.0,0.0,0.0,0.0,0.0,0.0,0.0,0.0,0.0,0.0,0.0,0.0,0.0,0.0,0.0,0.0,None,0.0,0,2024-02-01,0.8660254037844386,0.5000000000000001,NE_monsoon,0.0,0,None,0.0,0,None,0.0,0,None
Puttalam|Out of Protected Area,2024,3,Puttalam,Out of Protected Area,0.0,0.0,0.0,0.0,0.0,0.0,0.0,0.0,0.0,0.0,0.0,0.0,0.0,0.0,0.0,0.0,None,0.0,0,2024-03-01,1.0,6.123233995736766e-17,Inter_MarApr,0.0,0,None,0.0,0,None,0.0,0,None
Puttalam|Out of Protected Area,2024,4,Puttalam,Out of Protected Area,0.0,0.0,0.0,0.0,0.0,0.0,0.0,0.0,0.0,0.0,0.0,0.0,0.0,0.0,0.0,0.0,None,0.0,0,2024-04-01,0.8660254037844387,-0.4999999999999998,Inter_MarApr,0.0,0,None,0.0,0,None,0.0,0,None
Puttalam|Out of Protected Area,2024,5,Puttalam,Out of Protected Area,0.0,0.0,0.0,0.0,0.0,0.0,0.0,0.0,0.0,0.0,0.0,0.0,0.0,0.0,0.0,0.0,None,0.0,0,2024-05-01,0.49999999999999994,-0.8660254037844387,SW_monsoon,0.0,0,None,0.0,0,None,0.0,0,None
Puttalam|Out of Protected Area,2024,6,Puttalam,Out of Protected Area,0.0,0.0,0.0,0.0,0.0,0.0,0.0,0.0,0.0,0.0,0.0,0.0,0.0,0.0,0.0,0.0,None,0.0,0,2024-06-01,1.2246467991473532e-16,-1.0,SW_monsoon,0.0,0,None,0.0,0,None,0.0,0,None
Puttalam|Out of Protected Area,2024,7,Puttalam,Out of Protected Area,0.0,0.0,0.0,0.0,0.0,0.0,0.0,0.0,0.0,0.0,0.0,0.0,0.0,0.0,0.0,0.0,None,0.0,0,2024-07-01,-0.4999999999999997,-0.8660254037844388,SW_monsoon,0.0,0,None,0.0,0,None,0.0,0,None
Puttalam|Out of Protected Area,2024,8,Puttalam,Out of Protected Area,0.0,0.0,0.0,0.0,0.0,0.0,0.0,0.0,0.0,0.0,0.0,0.0,0.0,0.0,0.0,0.0,None,0.0,0,2024-08-01,-0.8660254037844384,-0.5000000000000004,SW_monsoon,0.0,0,None,0.0,0,None,0.0,0,None
Puttalam|Out of Protected Area,2024,9,Puttalam,Out of Protected Area,0.0,0.0,0.0,0.0,0.0,0.0,0.0,0.0,0.0,0.0,0.0,0.0,0.0,0.0,0.0,0.0,None,0.0,0,2024-09-01,-1.0,-1.8369701987210297e-16,SW_monsoon,0.0,0,None,0.0,0,None,0.0,0,None
Puttalam|Out of Protected Area,2024,10,Puttalam,Out of Protected Area,0.0,0.0,0.0,0.0,0.0,0.0,0.0,0.0,0.0,0.0,0.0,0.0,0.0,0.0,0.0,0.0,None,0.0,0,2024-10-01,-0.8660254037844386,0.5000000000000001,Inter_OctNov,0.0,0,None,0.0,0,None,0.0,0,None
Puttalam|Out of Protected Area,2024,11,Puttalam,Out of Protected Area,0.0,0.0,0.0,0.0,0.0,0.0,0.0,0.0,0.0,0.0,0.0,0.0,0.0,0.0,0.0,0.0,None,0.0,0,2024-11-01,-0.5000000000000004,0.8660254037844384,Inter_OctNov,0.0,0,None,0.0,0,None,0.0,0,None
Puttalam|Out of Protected Area,2024,12,Puttalam,Out of Protected Area,0.0,0.0,0.0,0.0,0.0,0.0,0.0,0.0,0.0,0.0,0.0,0.0,0.0,0.0,0.0,0.0,None,0.0,0,2024-12-01,-2.4492935982947064e-16,1.0,NE_monsoon,0.0,0,None,0.0,0,None,0.0,0,None
Puttalam|Sanctuary,2022,1,Puttalam,Sanctuary,0.0,0.0,0.0,0.0,0.0,0.0,0.0,0.0,0.0,0.0,0.0,0.0,0.0,0.0,0.0,0.0,None,0.0,0,2022-01-01,0.49999999999999994,0.8660254037844387,NE_monsoon,0.0,0,None,0.0,0,None,0.0,0,None
Puttalam|Sanctuary,2022,2,Puttalam,Sanctuary,0.0,0.0,0.0,0.0,0.0,0.0,0.0,0.0,0.0,0.0,0.0,0.0,0.0,0.0,0.0,0.0,None,0.0,0,2022-02-01,0.8660254037844386,0.5000000000000001,NE_monsoon,0.0,0,None,0.0,0,None,0.0,0,None
Puttalam|Sanctuary,2022,3,Puttalam,Sanctuary,0.0,0.0,0.0,0.0,0.0,0.0,0.0,0.0,0.0,0.0,0.0,0.0,0.0,0.0,0.0,0.0,None,0.0,0,2022-03-01,1.0,6.123233995736766e-17,Inter_MarApr,0.0,0,None,0.0,0,None,0.0,0,None
Puttalam|Sanctuary,2022,4,Puttalam,Sanctuary,0.0,0.0,0.0,0.0,0.0,0.0,0.0,0.0,0.0,0.0,0.0,0.0,0.0,0.0,0.0,0.0,None,0.0,0,2022-04-01,0.8660254037844387,-0.4999999999999998,Inter_MarApr,0.0,0,None,0.0,0,None,0.0,0,None
Puttalam|Sanctuary,2022,5,Puttalam,Sanctuary,0.0,0.0,0.0,0.0,0.0,0.0,0.0,0.0,0.0,0.0,0.0,0.0,0.0,0.0,0.0,0.0,None,0.0,0,2022-05-01,0.49999999999999994,-0.8660254037844387,SW_monsoon,0.0,0,None,0.0,0,None,0.0,0,None
Puttalam|Sanctuary,2022,6,Puttalam,Sanctuary,0.0,0.0,0.0,0.0,0.0,0.0,0.0,0.0,0.0,0.0,0.0,0.0,0.0,0.0,0.0,0.0,None,0.0,0,2022-06-01,1.2246467991473532e-16,-1.0,SW_monsoon,0.0,0,None,0.0,0,None,0.0,0,None
Puttalam|Sanctuary,2022,7,Puttalam,Sanctuary,0.0,0.0,0.0,0.0,0.0,0.0,0.0,0.0,0.0,0.0,0.0,0.0,0.0,0.0,0.0,0.0,None,0.0,0,2022-07-01,-0.4999999999999997,-0.8660254037844388,SW_monsoon,0.0,0,None,0.0,0,None,0.0,0,None
Puttalam|Sanctuary,2022,8,Puttalam,Sanctuary,0.0,0.0,0.0,0.0,0.0,0.0,0.0,0.0,0.0,0.0,0.0,0.0,0.0,0.0,0.0,0.0,None,0.0,0,2022-08-01,-0.8660254037844384,-0.5000000000000004,SW_monsoon,0.0,0,None,0.0,0,None,0.0,0,None
Puttalam|Sanctuary,2022,9,Puttalam,Sanctuary,0.0,0.0,0.0,0.0,0.0,0.0,0.0,0.0,0.0,0.0,0.0,0.0,0.0,0.0,0.0,0.0,None,0.0,0,2022-09-01,-1.0,-1.8369701987210297e-16,SW_monsoon,0.0,0,None,0.0,0,None,0.0,0,None
Puttalam|Sanctuary,2022,10,Puttalam,Sanctuary,0.0,0.0,0.0,0.0,0.0,0.0,0.0,0.0,0.0,0.0,0.0,0.0,0.0,0.0,0.0,0.0,None,0.0,0,2022-10-01,-0.8660254037844386,0.5000000000000001,Inter_OctNov,0.0,0,None,0.0,0,None,0.0,0,None
Puttalam|Sanctuary,2022,11,Puttalam,Sanctuary,0.0,0.0,0.0,0.0,0.0,0.0,0.0,0.0,0.0,0.0,0.0,0.0,0.0,0.0,0.0,0.0,None,0.0,0,2022-11-01,-0.5000000000000004,0.8660254037844384,Inter_OctNov,0.0,0,None,0.0,0,None,0.0,0,None
Puttalam|Sanctuary,2022,12,Puttalam,Sanctuary,0.0,0.0,0.0,0.0,0.0,0.0,0.0,0.0,0.0,0.0,0.0,0.0,0.0,0.0,0.0,0.0,None,0.0,0,2022-12-01,-2.4492935982947064e-16,1.0,NE_monsoon,0.0,0,None,0.0,0,None,0.0,0,None
Puttalam|Sanctuary,2023,1,Puttalam,Sanctuary,0.0,0.0,0.0,0.0,0.0,0.0,0.0,0.0,0.0,0.0,0.0,0.0,0.0,0.0,0.0,0.0,None,0.0,0,2023-01-01,0.49999999999999994,0.8660254037844387,NE_monsoon,0.0,0,None,0.0,0,None,0.0,0,None
Puttalam|Sanctuary,2023,2,Puttalam,Sanctuary,0.0,0.0,0.0,0.0,0.0,0.0,0.0,0.0,0.0,0.0,0.0,0.0,0.0,0.0,0.0,0.0,None,0.0,0,2023-02-01,0.8660254037844386,0.5000000000000001,NE_monsoon,0.0,0,None,0.0,0,None,0.0,0,None
Puttalam|Sanctuary,2023,3,Puttalam,Sanctuary,0.0,0.0,0.0,0.0,0.0,0.0,0.0,0.0,0.0,0.0,0.0,0.0,0.0,0.0,0.0,0.0,None,0.0,0,2023-03-01,1.0,6.123233995736766e-17,Inter_MarApr,0.0,0,None,0.0,0,None,0.0,0,None
Puttalam|Sanctuary,2023,4,Puttalam,Sanctuary,0.0,0.0,0.0,0.0,0.0,0.0,0.0,0.0,0.0,1.0,0.0,0.0,0.0,0.0,0.0,0.0,Illegal Fishing,1.0,1,2023-04-01,0.8660254037844387,-0.4999999999999998,Inter_MarApr,0.0,0,None,0.0,0,None,0.0,0,None
Puttalam|Sanctuary,2023,5,Puttalam,Sanctuary,0.0,0.0,0.0,0.0,0.0,0.0,0.0,0.0,0.0,0.0,0.0,0.0,0.0,0.0,0.0,0.0,None,0.0,0,2023-05-01,0.49999999999999994,-0.8660254037844387,SW_monsoon,1.0,1,Illegal Fishing,0.0,0,None,0.0,0,None
Puttalam|Sanctuary,2023,6,Puttalam,Sanctuary,0.0,0.0,0.0,0.0,0.0,0.0,0.0,0.0,0.0,0.0,0.0,0.0,0.0,0.0,0.0,0.0,None,0.0,0,2023-06-01,1.2246467991473532e-16,-1.0,SW_monsoon,0.0,0,None,1.0,1,Illegal Fishing,0.0,0,None
Puttalam|Sanctuary,2023,7,Puttalam,Sanctuary,0.0,0.0,0.0,0.0,0.0,0.0,0.0,0.0,0.0,0.0,0.0,0.0,0.0,0.0,0.0,0.0,None,0.0,0,2023-07-01,-0.4999999999999997,-0.8660254037844388,SW_monsoon,0.0,0,None,0.0,0,None,1.0,1,Illegal Fishing
Puttalam|Sanctuary,2023,8,Puttalam,Sanctuary,0.0,0.0,0.0,0.0,0.0,0.0,0.0,0.0,0.0,0.0,0.0,0.0,0.0,0.0,0.0,0.0,None,0.0,0,2023-08-01,-0.8660254037844384,-0.5000000000000004,SW_monsoon,0.0,0,None,0.0,0,None,0.0,0,None
Puttalam|Sanctuary,2023,9,Puttalam,Sanctuary,0.0,0.0,0.0,0.0,0.0,0.0,0.0,0.0,0.0,0.0,0.0,0.0,0.0,0.0,0.0,0.0,None,0.0,0,2023-09-01,-1.0,-1.8369701987210297e-16,SW_monsoon,0.0,0,None,0.0,0,None,0.0,0,None
Puttalam|Sanctuary,2023,10,Puttalam,Sanctuary,0.0,0.0,0.0,0.0,0.0,0.0,0.0,0.0,0.0,0.0,0.0,0.0,0.0,0.0,0.0,0.0,None,0.0,0,2023-10-01,-0.8660254037844386,0.5000000000000001,Inter_OctNov,0.0,0,None,0.0,0,None,0.0,0,None
Puttalam|Sanctuary,2023,11,Puttalam,Sanctuary,0.0,0.0,0.0,0.0,0.0,0.0,0.0,0.0,0.0,0.0,0.0,0.0,0.0,0.0,0.0,0.0,None,0.0,0,2023-11-01,-0.5000000000000004,0.8660254037844384,Inter_OctNov,0.0,0,None,0.0,0,None,0.0,0,None
Puttalam|Sanctuary,2023,12,Puttalam,Sanctuary,0.0,0.0,0.0,0.0,0.0,0.0,0.0,0.0,0.0,0.0,0.0,0.0,0.0,0.0,0.0,0.0,None,0.0,0,2023-12-01,-2.4492935982947064e-16,1.0,NE_monsoon,0.0,0,None,0.0,0,None,0.0,0,None
Puttalam|Sanctuary,2024,1,Puttalam,Sanctuary,0.0,0.0,0.0,0.0,0.0,0.0,0.0,0.0,0.0,0.0,0.0,0.0,0.0,0.0,0.0,0.0,None,0.0,0,2024-01-01,0.49999999999999994,0.8660254037844387,NE_monsoon,0.0,0,None,0.0,0,None,0.0,0,None
Puttalam|Sanctuary,2024,2,Puttalam,Sanctuary,0.0,0.0,0.0,0.0,0.0,0.0,0.0,0.0,0.0,0.0,0.0,0.0,0.0,0.0,0.0,0.0,None,0.0,0,2024-02-01,0.8660254037844386,0.5000000000000001,NE_monsoon,0.0,0,None,0.0,0,None,0.0,0,None
Puttalam|Sanctuary,2024,3,Puttalam,Sanctuary,0.0,0.0,0.0,0.0,0.0,0.0,0.0,0.0,0.0,0.0,0.0,0.0,0.0,0.0,0.0,0.0,None,0.0,0,2024-03-01,1.0,6.123233995736766e-17,Inter_MarApr,0.0,0,None,0.0,0,None,0.0,0,None
Puttalam|Sanctuary,2024,4,Puttalam,Sanctuary,0.0,0.0,0.0,0.0,0.0,0.0,0.0,0.0,0.0,0.0,0.0,0.0,0.0,0.0,0.0,0.0,None,0.0,0,2024-04-01,0.8660254037844387,-0.4999999999999998,Inter_MarApr,0.0,0,None,0.0,0,None,0.0,0,None
Puttalam|Sanctuary,2024,5,Puttalam,Sanctuary,0.0,0.0,0.0,0.0,0.0,0.0,0.0,0.0,0.0,0.0,0.0,0.0,0.0,0.0,0.0,0.0,None,0.0,0,2024-05-01,0.49999999999999994,-0.8660254037844387,SW_monsoon,0.0,0,None,0.0,0,None,0.0,0,None
Puttalam|Sanctuary,2024,6,Puttalam,Sanctuary,0.0,0.0,0.0,0.0,0.0,5.0,0.0,0.0,0.0,0.0,0.0,0.0,0.0,0.0,0.0,0.0,Encroachment/Land,5.0,1,2024-06-01,1.2246467991473532e-16,-1.0,SW_monsoon,0.0,0,None,0.0,0,None,0.0,0,None
Puttalam|Sanctuary,2024,7,Puttalam,Sanctuary,0.0,0.0,0.0,0.0,0.0,0.0,0.0,0.0,0.0,0.0,0.0,0.0,0.0,0.0,0.0,0.0,None,0.0,0,2024-07-01,-0.4999999999999997,-0.8660254037844388,SW_monsoon,5.0,1,Encroachment/Land,0.0,0,None,0.0,0,None
Puttalam|Sanctuary,2024,8,Puttalam,Sanctuary,0.0,0.0,0.0,0.0,0.0,0.0,0.0,0.0,0.0,0.0,0.0,0.0,0.0,0.0,0.0,0.0,None,0.0,0,2024-08-01,-0.8660254037844384,-0.5000000000000004,SW_monsoon,0.0,0,None,5.0,1,Encroachment/Land,0.0,0,None
Puttalam|Sanctuary,2024,9,Puttalam,Sanctuary,0.0,0.0,0.0,0.0,0.0,0.0,0.0,0.0,0.0,0.0,0.0,0.0,0.0,0.0,0.0,0.0,None,0.0,0,2024-09-01,-1.0,-1.8369701987210297e-16,SW_monsoon,0.0,0,None,0.0,0,None,5.0,1,Encroachment/Land
Puttalam|Sanctuary,2024,10,Puttalam,Sanctuary,0.0,0.0,0.0,0.0,0.0,0.0,0.0,0.0,0.0,0.0,0.0,0.0,0.0,0.0,0.0,0.0,None,0.0,0,2024-10-01,-0.8660254037844386,0.5000000000000001,Inter_OctNov,0.0,0,None,0.0,0,None,0.0,0,None
Puttalam|Sanctuary,2024,11,Puttalam,Sanctuary,0.0,0.0,0.0,0.0,0.0,0.0,0.0,0.0,0.0,0.0,0.0,0.0,0.0,0.0,0.0,0.0,None,0.0,0,2024-11-01,-0.5000000000000004,0.8660254037844384,Inter_OctNov,0.0,0,None,0.0,0,None,0.0,0,None
Puttalam|Sanctuary,2024,12,Puttalam,Sanctuary,0.0,0.0,0.0,0.0,0.0,0.0,0.0,0.0,0.0,0.0,0.0,0.0,0.0,0.0,0.0,0.0,None,0.0,0,2024-12-01,-2.4492935982947064e-16,1.0,NE_monsoon,0.0,0,None,0.0,0,None,0.0,0,None
Puttalam|Sand/Mineral/Any Mining,2022,1,Puttalam,Sand/Mineral/Any Mining,0.0,0.0,0.0,0.0,0.0,0.0,0.0,0.0,0.0,0.0,0.0,0.0,0.0,0.0,0.0,0.0,None,0.0,0,2022-01-01,0.49999999999999994,0.8660254037844387,NE_monsoon,0.0,0,None,0.0,0,None,0.0,0,None
Puttalam|Sand/Mineral/Any Mining,2022,2,Puttalam,Sand/Mineral/Any Mining,0.0,0.0,0.0,0.0,0.0,0.0,0.0,0.0,0.0,0.0,0.0,0.0,0.0,0.0,0.0,0.0,None,0.0,0,2022-02-01,0.8660254037844386,0.5000000000000001,NE_monsoon,0.0,0,None,0.0,0,None,0.0,0,None
Puttalam|Sand/Mineral/Any Mining,2022,3,Puttalam,Sand/Mineral/Any Mining,0.0,0.0,0.0,0.0,0.0,0.0,0.0,0.0,0.0,0.0,0.0,0.0,0.0,39.0,0.0,0.0,Other,39.0,1,2022-03-01,1.0,6.123233995736766e-17,Inter_MarApr,0.0,0,None,0.0,0,None,0.0,0,None
Puttalam|Sand/Mineral/Any Mining,2022,4,Puttalam,Sand/Mineral/Any Mining,0.0,0.0,0.0,0.0,0.0,0.0,0.0,0.0,0.0,0.0,0.0,0.0,0.0,3.0,0.0,0.0,Other,3.0,1,2022-04-01,0.8660254037844387,-0.4999999999999998,Inter_MarApr,39.0,1,Other,0.0,0,None,0.0,0,None
Puttalam|Sand/Mineral/Any Mining,2022,5,Puttalam,Sand/Mineral/Any Mining,0.0,0.0,0.0,0.0,0.0,0.0,0.0,0.0,0.0,0.0,0.0,0.0,0.0,0.0,0.0,0.0,None,0.0,0,2022-05-01,0.49999999999999994,-0.8660254037844387,SW_monsoon,3.0,1,Other,39.0,1,Other,0.0,0,None
Puttalam|Sand/Mineral/Any Mining,2022,6,Puttalam,Sand/Mineral/Any Mining,0.0,0.0,0.0,0.0,0.0,0.0,0.0,0.0,0.0,0.0,0.0,0.0,0.0,2.0,0.0,0.0,Other,2.0,1,2022-06-01,1.2246467991473532e-16,-1.0,SW_monsoon,0.0,0,None,3.0,1,Other,39.0,1,Other
Puttalam|Sand/Mineral/Any Mining,2022,7,Puttalam,Sand/Mineral/Any Mining,0.0,0.0,0.0,0.0,0.0,0.0,0.0,0.0,0.0,0.0,0.0,0.0,0.0,0.0,0.0,0.0,None,0.0,0,2022-07-01,-0.4999999999999997,-0.8660254037844388,SW_monsoon,2.0,1,Other,0.0,0,None,3.0,1,Other
Puttalam|Sand/Mineral/Any Mining,2022,8,Puttalam,Sand/Mineral/Any Mining,0.0,0.0,0.0,0.0,0.0,0.0,0.0,0.0,0.0,0.0,0.0,0.0,0.0,0.0,0.0,0.0,None,0.0,0,2022-08-01,-0.8660254037844384,-0.5000000000000004,SW_monsoon,0.0,0,None,2.0,1,Other,0.0,0,None
Puttalam|Sand/Mineral/Any Mining,2022,9,Puttalam,Sand/Mineral/Any Mining,0.0,0.0,0.0,0.0,0.0,0.0,0.0,0.0,1.0,0.0,0.0,0.0,0.0,0.0,0.0,0.0,Illegal Entry,1.0,1,2022-09-01,-1.0,-1.8369701987210297e-16,SW_monsoon,0.0,0,None,0.0,0,None,2.0,1,Other
Puttalam|Sand/Mineral/Any Mining,2022,10,Puttalam,Sand/Mineral/Any Mining,0.0,0.0,0.0,0.0,0.0,0.0,0.0,0.0,0.0,0.0,0.0,0.0,0.0,0.0,0.0,0.0,None,0.0,0,2022-10-01,-0.8660254037844386,0.5000000000000001,Inter_OctNov,1.0,1,Illegal Entry,0.0,0,None,0.0,0,None
Puttalam|Sand/Mineral/Any Mining,2022,11,Puttalam,Sand/Mineral/Any Mining,0.0,0.0,0.0,0.0,0.0,0.0,0.0,0.0,0.0,0.0,0.0,0.0,0.0,0.0,0.0,0.0,None,0.0,0,2022-11-01,-0.5000000000000004,0.8660254037844384,Inter_OctNov,0.0,0,None,1.0,1,Illegal Entry,0.0,0,None
Puttalam|Sand/Mineral/Any Mining,2022,12,Puttalam,Sand/Mineral/Any Mining,0.0,0.0,0.0,0.0,0.0,0.0,0.0,0.0,0.0,0.0,0.0,0.0,0.0,0.0,0.0,0.0,None,0.0,0,2022-12-01,-2.4492935982947064e-16,1.0,NE_monsoon,0.0,0,None,0.0,0,None,1.0,1,Illegal Entry
Puttalam|Sand/Mineral/Any Mining,2023,1,Puttalam,Sand/Mineral/Any Mining,0.0,0.0,0.0,0.0,0.0,0.0,0.0,0.0,0.0,0.0,0.0,0.0,0.0,0.0,0.0,0.0,None,0.0,0,2023-01-01,0.49999999999999994,0.8660254037844387,NE_monsoon,0.0,0,None,0.0,0,None,0.0,0,None
Puttalam|Sand/Mineral/Any Mining,2023,2,Puttalam,Sand/Mineral/Any Mining,0.0,0.0,0.0,0.0,0.0,0.0,0.0,0.0,0.0,0.0,0.0,0.0,0.0,0.0,0.0,0.0,None,0.0,0,2023-02-01,0.8660254037844386,0.5000000000000001,NE_monsoon,0.0,0,None,0.0,0,None,0.0,0,None
Puttalam|Sand/Mineral/Any Mining,2023,3,Puttalam,Sand/Mineral/Any Mining,0.0,0.0,0.0,0.0,0.0,0.0,0.0,0.0,0.0,0.0,8.0,0.0,0.0,0.0,0.0,0.0,Illegal Logging,8.0,1,2023-03-01,1.0,6.123233995736766e-17,Inter_MarApr,0.0,0,None,0.0,0,None,0.0,0,None
Puttalam|Sand/Mineral/Any Mining,2023,4,Puttalam,Sand/Mineral/Any Mining,0.0,0.0,0.0,0.0,0.0,0.0,0.0,0.0,0.0,0.0,0.0,0.0,0.0,0.0,0.0,0.0,None,0.0,0,2023-04-01,0.8660254037844387,-0.4999999999999998,Inter_MarApr,8.0,1,Illegal Logging,0.0,0,None,0.0,0,None
Puttalam|Sand/Mineral/Any Mining,2023,5,Puttalam,Sand/Mineral/Any Mining,0.0,0.0,0.0,0.0,0.0,0.0,0.0,0.0,0.0,0.0,0.0,0.0,0.0,3.0,0.0,0.0,Other,3.0,1,2023-05-01,0.49999999999999994,-0.8660254037844387,SW_monsoon,0.0,0,None,8.0,1,Illegal Logging,0.0,0,None
Puttalam|Sand/Mineral/Any Mining,2023,6,Puttalam,Sand/Mineral/Any Mining,0.0,0.0,0.0,0.0,0.0,0.0,0.0,0.0,0.0,0.0,0.0,0.0,0.0,0.0,0.0,0.0,None,0.0,0,2023-06-01,1.2246467991473532e-16,-1.0,SW_monsoon,3.0,1,Other,0.0,0,None,8.0,1,Illegal Logging
Puttalam|Sand/Mineral/Any Mining,2023,7,Puttalam,Sand/Mineral/Any Mining,0.0,0.0,0.0,0.0,0.0,0.0,0.0,0.0,0.0,0.0,0.0,0.0,0.0,0.0,0.0,0.0,None,0.0,0,2023-07-01,-0.4999999999999997,-0.8660254037844388,SW_monsoon,0.0,0,None,3.0,1,Other,0.0,0,None
Puttalam|Sand/Mineral/Any Mining,2023,8,Puttalam,Sand/Mineral/Any Mining,0.0,0.0,0.0,0.0,0.0,0.0,0.0,0.0,3.0,0.0,0.0,0.0,0.0,0.0,0.0,0.0,Illegal Entry,3.0,1,2023-08-01,-0.8660254037844384,-0.5000000000000004,SW_monsoon,0.0,0,None,0.0,0,None,3.0,1,Other
Puttalam|Sand/Mineral/Any Mining,2023,9,Puttalam,Sand/Mineral/Any Mining,0.0,0.0,0.0,0.0,0.0,0.0,0.0,0.0,0.0,0.0,0.0,0.0,0.0,0.0,0.0,0.0,None,0.0,0,2023-09-01,-1.0,-1.8369701987210297e-16,SW_monsoon,3.0,1,Illegal Entry,0.0,0,None,0.0,0,None
Puttalam|Sand/Mineral/Any Mining,2023,10,Puttalam,Sand/Mineral/Any Mining,0.0,0.0,0.0,0.0,0.0,0.0,0.0,0.0,0.0,0.0,0.0,0.0,0.0,0.0,0.0,0.0,None,0.0,0,2023-10-01,-0.8660254037844386,0.5000000000000001,Inter_OctNov,0.0,0,None,3.0,1,Illegal Entry,0.0,0,None
Puttalam|Sand/Mineral/Any Mining,2023,11,Puttalam,Sand/Mineral/Any Mining,0.0,0.0,0.0,0.0,0.0,0.0,0.0,0.0,0.0,0.0,0.0,0.0,0.0,0.0,0.0,0.0,None,0.0,0,2023-11-01,-0.5000000000000004,0.8660254037844384,Inter_OctNov,0.0,0,None,0.0,0,None,3.0,1,Illegal Entry
Puttalam|Sand/Mineral/Any Mining,2023,12,Puttalam,Sand/Mineral/Any Mining,0.0,0.0,0.0,0.0,0.0,0.0,0.0,0.0,0.0,0.0,0.0,0.0,0.0,0.0,0.0,0.0,None,0.0,0,2023-12-01,-2.4492935982947064e-16,1.0,NE_monsoon,0.0,0,None,0.0,0,None,0.0,0,None
Puttalam|Sand/Mineral/Any Mining,2024,1,Puttalam,Sand/Mineral/Any Mining,0.0,0.0,0.0,0.0,0.0,0.0,0.0,0.0,0.0,0.0,0.0,0.0,0.0,7.0,0.0,0.0,Other,7.0,1,2024-01-01,0.49999999999999994,0.8660254037844387,NE_monsoon,0.0,0,None,0.0,0,None,0.0,0,None
Puttalam|Sand/Mineral/Any Mining,2024,2,Puttalam,Sand/Mineral/Any Mining,0.0,0.0,0.0,0.0,0.0,0.0,0.0,0.0,0.0,0.0,0.0,0.0,0.0,9.0,0.0,0.0,Other,9.0,1,2024-02-01,0.8660254037844386,0.5000000000000001,NE_monsoon,7.0,1,Other,0.0,0,None,0.0,0,None
Puttalam|Sand/Mineral/Any Mining,2024,3,Puttalam,Sand/Mineral/Any Mining,0.0,0.0,0.0,0.0,0.0,0.0,0.0,0.0,0.0,0.0,0.0,0.0,0.0,0.0,0.0,0.0,None,0.0,0,2024-03-01,1.0,6.123233995736766e-17,Inter_MarApr,9.0,1,Other,7.0,1,Other,0.0,0,None
Puttalam|Sand/Mineral/Any Mining,2024,4,Puttalam,Sand/Mineral/Any Mining,0.0,0.0,0.0,0.0,0.0,0.0,0.0,0.0,0.0,0.0,0.0,0.0,0.0,0.0,0.0,0.0,None,0.0,0,2024-04-01,0.8660254037844387,-0.4999999999999998,Inter_MarApr,0.0,0,None,9.0,1,Other,7.0,1,Other
Puttalam|Sand/Mineral/Any Mining,2024,5,Puttalam,Sand/Mineral/Any Mining,0.0,0.0,0.0,0.0,0.0,0.0,0.0,0.0,0.0,0.0,0.0,0.0,0.0,0.0,0.0,0.0,None,0.0,0,2024-05-01,0.49999999999999994,-0.8660254037844387,SW_monsoon,0.0,0,None,0.0,0,None,9.0,1,Other
Puttalam|Sand/Mineral/Any Mining,2024,6,Puttalam,Sand/Mineral/Any Mining,0.0,0.0,0.0,0.0,0.0,0.0,0.0,0.0,0.0,0.0,0.0,0.0,0.0,1.0,0.0,0.0,Other,1.0,1,2024-06-01,1.2246467991473532e-16,-1.0,SW_monsoon,0.0,0,None,0.0,0,None,0.0,0,None
Puttalam|Sand/Mineral/Any Mining,2024,7,Puttalam,Sand/Mineral/Any Mining,0.0,0.0,0.0,0.0,0.0,0.0,0.0,0.0,0.0,0.0,0.0,0.0,0.0,0.0,0.0,0.0,None,0.0,0,2024-07-01,-0.4999999999999997,-0.8660254037844388,SW_monsoon,1.0,1,Other,0.0,0,None,0.0,0,None
Puttalam|Sand/Mineral/Any Mining,2024,8,Puttalam,Sand/Mineral/Any Mining,0.0,0.0,0.0,0.0,0.0,0.0,0.0,0.0,0.0,0.0,0.0,0.0,0.0,0.0,0.0,0.0,None,0.0,0,2024-08-01,-0.8660254037844384,-0.5000000000000004,SW_monsoon,0.0,0,None,1.0,1,Other,0.0,0,None
Puttalam|Sand/Mineral/Any Mining,2024,9,Puttalam,Sand/Mineral/Any Mining,0.0,0.0,0.0,0.0,0.0,0.0,0.0,0.0,0.0,0.0,0.0,0.0,0.0,0.0,0.0,0.0,None,0.0,0,2024-09-01,-1.0,-1.8369701987210297e-16,SW_monsoon,0.0,0,None,0.0,0,None,1.0,1,Other
Puttalam|Sand/Mineral/Any Mining,2024,10,Puttalam,Sand/Mineral/Any Mining,0.0,0.0,0.0,0.0,0.0,0.0,0.0,0.0,0.0,0.0,0.0,0.0,0.0,0.0,0.0,0.0,None,0.0,0,2024-10-01,-0.8660254037844386,0.5000000000000001,Inter_OctNov,0.0,0,None,0.0,0,None,0.0,0,None
Puttalam|Sand/Mineral/Any Mining,2024,11,Puttalam,Sand/Mineral/Any Mining,0.0,0.0,0.0,0.0,0.0,0.0,0.0,0.0,0.0,0.0,0.0,0.0,0.0,0.0,0.0,0.0,None,0.0,0,2024-11-01,-0.5000000000000004,0.8660254037844384,Inter_OctNov,0.0,0,None,0.0,0,None,0.0,0,None
Puttalam|Sand/Mineral/Any Mining,2024,12,Puttalam,Sand/Mineral/Any Mining,0.0,0.0,0.0,0.0,0.0,0.0,0.0,0.0,0.0,0.0,0.0,0.0,0.0,0.0,0.0,0.0,None,0.0,0,2024-12-01,-2.4492935982947064e-16,1.0,NE_monsoon,0.0,0,None,0.0,0,None,0.0,0,None
Puttalam|Unknown,2022,1,Puttalam,Unknown,0.0,0.0,0.0,0.0,0.0,0.0,0.0,0.0,0.0,0.0,33.0,43.0,0.0,0.0,0.0,44.0,Weapons/Traps,120.0,1,2022-01-01,0.49999999999999994,0.8660254037844387,NE_monsoon,0.0,0,None,0.0,0,None,0.0,0,None
Puttalam|Unknown,2022,2,Puttalam,Unknown,0.0,5.0,0.0,1.0,0.0,0.0,0.0,0.0,0.0,0.0,2.0,30.0,0.0,4.0,0.0,3.0,Meat/Egg Trade,45.0,1,2022-02-01,0.8660254037844386,0.5000000000000001,NE_monsoon,120.0,1,Weapons/Traps,0.0,0,None,0.0,0,None
Puttalam|Unknown,2022,3,Puttalam,Unknown,0.0,11.0,0.0,0.0,0.0,0.0,0.0,0.0,0.0,0.0,27.0,18.0,0.0,9.0,0.0,86.0,Weapons/Traps,151.0,1,2022-03-01,1.0,6.123233995736766e-17,Inter_MarApr,45.0,1,Meat/Egg Trade,120.0,1,Weapons/Traps,0.0,0,None
Puttalam|Unknown,2022,4,Puttalam,Unknown,0.0,0.0,0.0,0.0,0.0,0.0,0.0,0.0,0.0,0.0,0.0,0.0,0.0,0.0,0.0,7.0,Weapons/Traps,7.0,1,2022-04-01,0.8660254037844387,-0.4999999999999998,Inter_MarApr,151.0,1,Weapons/Traps,45.0,1,Meat/Egg Trade,120.0,1,Weapons/Traps
Puttalam|Unknown,2022,5,Puttalam,Unknown,0.0,4.0,0.0,0.0,0.0,0.0,0.0,0.0,0.0,0.0,0.0,0.0,0.0,0.0,0.0,6.0,Weapons/Traps,10.0,1,2022-05-01,0.49999999999999994,-0.8660254037844387,SW_monsoon,7.0,1,Weapons/Traps,151.0,1,Weapons/Traps,45.0,1,Meat/Egg Trade
Puttalam|Unknown,2022,6,Puttalam,Unknown,0.0,0.0,0.0,0.0,0.0,0.0,0.0,0.0,0.0,0.0,0.0,0.0,0.0,0.0,0.0,1.0,Weapons/Traps,1.0,1,2022-06-01,1.2246467991473532e-16,-1.0,SW_monsoon,10.0,1,Weapons/Traps,7.0,1,Weapons/Traps,151.0,1,Weapons/Traps
Puttalam|Unknown,2022,7,Puttalam,Unknown,0.0,11.0,0.0,0.0,0.0,0.0,0.0,9.0,0.0,0.0,7.0,20.0,0.0,18.0,0.0,40.0,Weapons/Traps,105.0,1,2022-07-01,-0.4999999999999997,-0.8660254037844388,SW_monsoon,1.0,1,Weapons/Traps,10.0,1,Weapons/Traps,7.0,1,Weapons/Traps
Puttalam|Unknown,2022,8,Puttalam,Unknown,0.0,10.0,0.0,0.0,0.0,0.0,0.0,1.0,0.0,0.0,7.0,36.0,0.0,9.0,0.0,28.0,Meat/Egg Trade,91.0,1,2022-08-01,-0.8660254037844384,-0.5000000000000004,SW_monsoon,105.0,1,Weapons/Traps,1.0,1,Weapons/Traps,10.0,1,Weapons/Traps
Puttalam|Unknown,2022,9,Puttalam,Unknown,0.0,3.0,0.0,0.0,0.0,0.0,0.0,0.0,2.0,0.0,0.0,0.0,0.0,0.0,0.0,4.0,Weapons/Traps,9.0,1,2022-09-01,-1.0,-1.8369701987210297e-16,SW_monsoon,91.0,1,Meat/Egg Trade,105.0,1,Weapons/Traps,1.0,1,Weapons/Traps
Puttalam|Unknown,2022,10,Puttalam,Unknown,0.0,0.0,0.0,0.0,0.0,0.0,0.0,0.0,0.0,0.0,0.0,0.0,0.0,0.0,0.0,0.0,None,0.0,0,2022-10-01,-0.8660254037844386,0.5000000000000001,Inter_OctNov,9.0,1,Weapons/Traps,91.0,1,Meat/Egg Trade,105.0,1,Weapons/Traps
Puttalam|Unknown,2022,11,Puttalam,Unknown,0.0,0.0,0.0,0.0,0.0,0.0,0.0,0.0,0.0,0.0,0.0,0.0,0.0,0.0,0.0,0.0,None,0.0,0,2022-11-01,-0.5000000000000004,0.8660254037844384,Inter_OctNov,0.0,0,None,9.0,1,Weapons/Traps,91.0,1,Meat/Egg Trade
Puttalam|Unknown,2022,12,Puttalam,Unknown,0.0,0.0,0.0,0.0,0.0,0.0,0.0,0.0,0.0,0.0,1.0,0.0,0.0,0.0,0.0,0.0,Illegal Logging,1.0,1,2022-12-01,-2.4492935982947064e-16,1.0,NE_monsoon,0.0,0,None,0.0,0,None,9.0,1,Weapons/Traps
Puttalam|Unknown,2023,1,Puttalam,Unknown,0.0,0.0,0.0,0.0,0.0,0.0,0.0,0.0,0.0,0.0,0.0,1.0,0.0,0.0,0.0,5.0,Weapons/Traps,6.0,1,2023-01-01,0.49999999999999994,0.8660254037844387,NE_monsoon,1.0,1,Illegal Logging,0.0,0,None,0.0,0,None
Puttalam|Unknown,2023,2,Puttalam,Unknown,6.0,0.0,0.0,0.0,0.0,0.0,0.0,12.0,0.0,0.0,0.0,22.0,0.0,0.0,0.0,38.0,Weapons/Traps,78.0,1,2023-02-01,0.8660254037844386,0.5000000000000001,NE_monsoon,6.0,1,Weapons/Traps,1.0,1,Illegal Logging,0.0,0,None
Puttalam|Unknown,2023,3,Puttalam,Unknown,0.0,0.0,0.0,0.0,0.0,0.0,0.0,0.0,0.0,0.0,2.0,13.0,0.0,0.0,0.0,8.0,Meat/Egg Trade,23.0,1,2023-03-01,1.0,6.123233995736766e-17,Inter_MarApr,78.0,1,Weapons/Traps,6.0,1,Weapons/Traps,1.0,1,Illegal Logging
Puttalam|Unknown,2023,4,Puttalam,Unknown,0.0,0.0,0.0,0.0,0.0,0.0,0.0,0.0,0.0,0.0,0.0,0.0,0.0,0.0,0.0,3.0,Weapons/Traps,3.0,1,2023-04-01,0.8660254037844387,-0.4999999999999998,Inter_MarApr,23.0,1,Meat/Egg Trade,78.0,1,Weapons/Traps,6.0,1,Weapons/Traps
Puttalam|Unknown,2023,5,Puttalam,Unknown,0.0,0.0,0.0,0.0,0.0,0.0,0.0,0.0,0.0,0.0,0.0,1.0,2.0,0.0,0.0,0.0,Mining,3.0,1,2023-05-01,0.49999999999999994,-0.8660254037844387,SW_monsoon,3.0,1,Weapons/Traps,23.0,1,Meat/Egg Trade,78.0,1,Weapons/Traps
Puttalam|Unknown,2023,6,Puttalam,Unknown,4.0,0.0,0.0,0.0,0.0,0.0,0.0,10.0,9.0,0.0,0.0,6.0,0.0,8.0,0.0,8.0,Hunting/Killing,45.0,1,2023-06-01,1.2246467991473532e-16,-1.0,SW_monsoon,3.0,1,Mining,3.0,1,Weapons/Traps,23.0,1,Meat/Egg Trade
Puttalam|Unknown,2023,7,Puttalam,Unknown,0.0,0.0,0.0,0.0,0.0,0.0,0.0,0.0,4.0,0.0,0.0,5.0,0.0,1.0,0.0,0.0,Meat/Egg Trade,10.0,1,2023-07-01,-0.4999999999999997,-0.8660254037844388,SW_monsoon,45.0,1,Hunting/Killing,3.0,1,Mining,3.0,1,Weapons/Traps
Puttalam|Unknown,2023,8,Puttalam,Unknown,0.0,0.0,0.0,0.0,0.0,0.0,0.0,0.0,0.0,7.0,0.0,4.0,0.0,0.0,0.0,22.0,Weapons/Traps,33.0,1,2023-08-01,-0.8660254037844384,-0.5000000000000004,SW_monsoon,10.0,1,Meat/Egg Trade,45.0,1,Hunting/Killing,3.0,1,Mining
Puttalam|Unknown,2023,9,Puttalam,Unknown,0.0,0.0,0.0,0.0,0.0,0.0,0.0,0.0,0.0,0.0,0.0,0.0,0.0,0.0,0.0,0.0,None,0.0,0,2023-09-01,-1.0,-1.8369701987210297e-16,SW_monsoon,33.0,1,Weapons/Traps,10.0,1,Meat/Egg Trade,45.0,1,Hunting/Killing
Puttalam|Unknown,2023,10,Puttalam,Unknown,0.0,0.0,0.0,0.0,0.0,0.0,0.0,0.0,0.0,0.0,0.0,0.0,0.0,0.0,0.0,0.0,None,0.0,0,2023-10-01,-0.8660254037844386,0.5000000000000001,Inter_OctNov,0.0,0,None,33.0,1,Weapons/Traps,10.0,1,Meat/Egg Trade
Puttalam|Unknown,2023,11,Puttalam,Unknown,0.0,0.0,1.0,0.0,0.0,0.0,0.0,0.0,0.0,0.0,3.0,0.0,0.0,0.0,0.0,11.0,Weapons/Traps,15.0,1,2023-11-01,-0.5000000000000004,0.8660254037844384,Inter_OctNov,0.0,0,None,0.0,0,None,33.0,1,Weapons/Traps
Puttalam|Unknown,2023,12,Puttalam,Unknown,0.0,0.0,0.0,0.0,0.0,0.0,0.0,2.0,0.0,0.0,5.0,38.0,0.0,9.0,0.0,24.0,Meat/Egg Trade,78.0,1,2023-12-01,-2.4492935982947064e-16,1.0,NE_monsoon,15.0,1,Weapons/Traps,0.0,0,None,0.0,0,None
Puttalam|Unknown,2024,1,Puttalam,Unknown,0.0,0.0,0.0,0.0,0.0,0.0,0.0,3.0,0.0,0.0,0.0,0.0,0.0,13.0,0.0,5.0,Weapons/Traps,21.0,1,2024-01-01,0.49999999999999994,0.8660254037844387,NE_monsoon,78.0,1,Meat/Egg Trade,15.0,1,Weapons/Traps,0.0,0,None
Puttalam|Unknown,2024,2,Puttalam,Unknown,0.0,0.0,0.0,8.0,0.0,0.0,0.0,0.0,2.0,0.0,0.0,38.0,0.0,24.0,0.0,39.0,Weapons/Traps,111.0,1,2024-02-01,0.8660254037844386,0.5000000000000001,NE_monsoon,21.0,1,Weapons/Traps,78.0,1,Meat/Egg Trade,15.0,1,Weapons/Traps
Puttalam|Unknown,2024,3,Puttalam,Unknown,0.0,0.0,0.0,0.0,0.0,0.0,0.0,0.0,0.0,0.0,0.0,9.0,0.0,1.0,0.0,0.0,Meat/Egg Trade,10.0,1,2024-03-01,1.0,6.123233995736766e-17,Inter_MarApr,111.0,1,Weapons/Traps,21.0,1,Weapons/Traps,78.0,1,Meat/Egg Trade
Puttalam|Unknown,2024,4,Puttalam,Unknown,0.0,0.0,0.0,0.0,0.0,0.0,0.0,0.0,0.0,0.0,2.0,5.0,0.0,14.0,0.0,0.0,Meat/Egg Trade,21.0,1,2024-04-01,0.8660254037844387,-0.4999999999999998,Inter_MarApr,10.0,1,Meat/Egg Trade,111.0,1,Weapons/Traps,21.0,1,Weapons/Traps
Puttalam|Unknown,2024,5,Puttalam,Unknown,4.0,0.0,2.0,0.0,0.0,0.0,0.0,0.0,0.0,0.0,0.0,0.0,0.0,0.0,0.0,4.0,Animal Death/Injury,10.0,1,2024-05-01,0.49999999999999994,-0.8660254037844387,SW_monsoon,21.0,1,Meat/Egg Trade,10.0,1,Meat/Egg Trade,111.0,1,Weapons/Traps
Puttalam|Unknown,2024,6,Puttalam,Unknown,3.0,0.0,4.0,0.0,0.0,0.0,0.0,0.0,0.0,0.0,0.0,0.0,0.0,8.0,0.0,0.0,Animal Possession,15.0,1,2024-06-01,1.2246467991473532e-16,-1.0,SW_monsoon,10.0,1,Animal Death/Injury,21.0,1,Meat/Egg Trade,10.0,1,Meat/Egg Trade
Puttalam|Unknown,2024,7,Puttalam,Unknown,0.0,4.0,8.0,0.0,0.0,0.0,0.0,0.0,0.0,0.0,0.0,1.0,0.0,8.0,0.0,0.0,Animal Possession,21.0,1,2024-07-01,-0.4999999999999997,-0.8660254037844388,SW_monsoon,15.0,1,Animal Possession,10.0,1,Animal Death/Injury,21.0,1,Meat/Egg Trade
Puttalam|Unknown,2024,8,Puttalam,Unknown,0.0,0.0,0.0,0.0,0.0,0.0,0.0,0.0,0.0,0.0,0.0,0.0,0.0,14.0,1.0,0.0,Tusk Theft,15.0,1,2024-08-01,-0.8660254037844384,-0.5000000000000004,SW_monsoon,21.0,1,Animal Possession,15.0,1,Animal Possession,10.0,1,Animal Death/Injury
Puttalam|Unknown,2024,9,Puttalam,Unknown,0.0,0.0,0.0,0.0,0.0,0.0,0.0,0.0,0.0,0.0,0.0,0.0,0.0,0.0,0.0,0.0,None,0.0,0,2024-09-01,-1.0,-1.8369701987210297e-16,SW_monsoon,15.0,1,Tusk Theft,21.0,1,Animal Possession,15.0,1,Animal Possession
Puttalam|Unknown,2024,10,Puttalam,Unknown,0.0,0.0,0.0,0.0,0.0,0.0,0.0,0.0,0.0,0.0,0.0,0.0,0.0,0.0,0.0,0.0,None,0.0,0,2024-10-01,-0.8660254037844386,0.5000000000000001,Inter_OctNov,0.0,0,None,15.0,1,Tusk Theft,21.0,1,Animal Possession
Puttalam|Unknown,2024,11,Puttalam,Unknown,0.0,0.0,0.0,0.0,0.0,0.0,0.0,0.0,0.0,0.0,0.0,0.0,0.0,5.0,0.0,1.0,Weapons/Traps,6.0,1,2024-11-01,-0.5000000000000004,0.8660254037844384,Inter_OctNov,0.0,0,None,0.0,0,None,15.0,1,Tusk Theft
Puttalam|Unknown,2024,12,Puttalam,Unknown,0.0,0.0,0.0,0.0,0.0,0.0,0.0,0.0,0.0,0.0,0.0,0.0,0.0,1.0,0.0,0.0,Other,1.0,1,2024-12-01,-2.4492935982947064e-16,1.0,NE_monsoon,6.0,1,Weapons/Traps,0.0,0,None,0.0,0,None
Southern|Bundala NP,2022,1,Southern,Bundala NP,0.0,0.0,0.0,0.0,0.0,0.0,0.0,0.0,0.0,0.0,0.0,0.0,0.0,0.0,0.0,0.0,None,0.0,0,2022-01-01,0.49999999999999994,0.8660254037844387,NE_monsoon,0.0,0,None,0.0,0,None,0.0,0,None
Southern|Bundala NP,2022,2,Southern,Bundala NP,0.0,0.0,0.0,0.0,0.0,0.0,0.0,0.0,0.0,0.0,0.0,0.0,0.0,0.0,0.0,0.0,None,0.0,0,2022-02-01,0.8660254037844386,0.5000000000000001,NE_monsoon,0.0,0,None,0.0,0,None,0.0,0,None
Southern|Bundala NP,2022,3,Southern,Bundala NP,0.0,0.0,0.0,0.0,0.0,0.0,0.0,0.0,0.0,0.0,0.0,0.0,0.0,0.0,0.0,0.0,None,0.0,0,2022-03-01,1.0,6.123233995736766e-17,Inter_MarApr,0.0,0,None,0.0,0,None,0.0,0,None
Southern|Bundala NP,2022,4,Southern,Bundala NP,0.0,0.0,0.0,0.0,0.0,0.0,0.0,0.0,0.0,0.0,0.0,0.0,0.0,0.0,0.0,0.0,None,0.0,0,2022-04-01,0.8660254037844387,-0.4999999999999998,Inter_MarApr,0.0,0,None,0.0,0,None,0.0,0,None
Southern|Bundala NP,2022,5,Southern,Bundala NP,0.0,0.0,0.0,0.0,0.0,0.0,0.0,0.0,0.0,0.0,0.0,0.0,0.0,0.0,0.0,0.0,None,0.0,0,2022-05-01,0.49999999999999994,-0.8660254037844387,SW_monsoon,0.0,0,None,0.0,0,None,0.0,0,None
Southern|Bundala NP,2022,6,Southern,Bundala NP,0.0,0.0,0.0,0.0,0.0,0.0,0.0,0.0,0.0,0.0,0.0,0.0,0.0,0.0,0.0,0.0,None,0.0,0,2022-06-01,1.2246467991473532e-16,-1.0,SW_monsoon,0.0,0,None,0.0,0,None,0.0,0,None
Southern|Bundala NP,2022,7,Southern,Bundala NP,0.0,0.0,0.0,0.0,0.0,0.0,0.0,0.0,0.0,0.0,0.0,0.0,0.0,0.0,0.0,0.0,None,0.0,0,2022-07-01,-0.4999999999999997,-0.8660254037844388,SW_monsoon,0.0,0,None,0.0,0,None,0.0,0,None
Southern|Bundala NP,2022,8,Southern,Bundala NP,0.0,0.0,0.0,0.0,0.0,0.0,0.0,0.0,0.0,0.0,0.0,0.0,0.0,0.0,0.0,0.0,None,0.0,0,2022-08-01,-0.8660254037844384,-0.5000000000000004,SW_monsoon,0.0,0,None,0.0,0,None,0.0,0,None
Southern|Bundala NP,2022,9,Southern,Bundala NP,0.0,0.0,0.0,0.0,0.0,0.0,0.0,0.0,0.0,0.0,0.0,0.0,0.0,0.0,0.0,0.0,None,0.0,0,2022-09-01,-1.0,-1.8369701987210297e-16,SW_monsoon,0.0,0,None,0.0,0,None,0.0,0,None
Southern|Bundala NP,2022,10,Southern,Bundala NP,0.0,0.0,0.0,0.0,0.0,0.0,0.0,0.0,0.0,0.0,0.0,0.0,0.0,0.0,0.0,0.0,None,0.0,0,2022-10-01,-0.8660254037844386,0.5000000000000001,Inter_OctNov,0.0,0,None,0.0,0,None,0.0,0,None
Southern|Bundala NP,2022,11,Southern,Bundala NP,0.0,0.0,0.0,0.0,0.0,0.0,0.0,0.0,0.0,0.0,0.0,0.0,0.0,0.0,0.0,0.0,None,0.0,0,2022-11-01,-0.5000000000000004,0.8660254037844384,Inter_OctNov,0.0,0,None,0.0,0,None,0.0,0,None
Southern|Bundala NP,2022,12,Southern,Bundala NP,0.0,0.0,0.0,0.0,0.0,0.0,0.0,0.0,0.0,0.0,0.0,0.0,0.0,0.0,0.0,0.0,None,0.0,0,2022-12-01,-2.4492935982947064e-16,1.0,NE_monsoon,0.0,0,None,0.0,0,None,0.0,0,None
Southern|Bundala NP,2023,1,Southern,Bundala NP,0.0,0.0,0.0,0.0,0.0,0.0,0.0,0.0,0.0,0.0,0.0,0.0,0.0,0.0,0.0,0.0,None,0.0,0,2023-01-01,0.49999999999999994,0.8660254037844387,NE_monsoon,0.0,0,None,0.0,0,None,0.0,0,None
Southern|Bundala NP,2023,2,Southern,Bundala NP,0.0,0.0,0.0,0.0,0.0,0.0,0.0,0.0,0.0,0.0,0.0,16.0,0.0,0.0,0.0,0.0,Meat/Egg Trade,16.0,1,2023-02-01,0.8660254037844386,0.5000000000000001,NE_monsoon,0.0,0,None,0.0,0,None,0.0,0,None
Southern|Bundala NP,2023,3,Southern,Bundala NP,0.0,0.0,0.0,0.0,0.0,0.0,0.0,0.0,0.0,0.0,0.0,0.0,0.0,0.0,0.0,8.0,Weapons/Traps,8.0,1,2023-03-01,1.0,6.123233995736766e-17,Inter_MarApr,16.0,1,Meat/Egg Trade,0.0,0,None,0.0,0,None
Southern|Bundala NP,2023,4,Southern,Bundala NP,0.0,0.0,0.0,0.0,0.0,0.0,0.0,0.0,0.0,0.0,0.0,0.0,0.0,0.0,0.0,0.0,None,0.0,0,2023-04-01,0.8660254037844387,-0.4999999999999998,Inter_MarApr,8.0,1,Weapons/Traps,16.0,1,Meat/Egg Trade,0.0,0,None
Southern|Bundala NP,2023,5,Southern,Bundala NP,0.0,0.0,0.0,0.0,0.0,0.0,0.0,0.0,0.0,0.0,0.0,0.0,0.0,0.0,0.0,0.0,None,0.0,0,2023-05-01,0.49999999999999994,-0.8660254037844387,SW_monsoon,0.0,0,None,8.0,1,Weapons/Traps,16.0,1,Meat/Egg Trade
Southern|Bundala NP,2023,6,Southern,Bundala NP,0.0,0.0,0.0,0.0,0.0,0.0,0.0,0.0,0.0,0.0,0.0,0.0,0.0,0.0,0.0,0.0,None,0.0,0,2023-06-01,1.2246467991473532e-16,-1.0,SW_monsoon,0.0,0,None,0.0,0,None,8.0,1,Weapons/Traps
Southern|Bundala NP,2023,7,Southern,Bundala NP,0.0,0.0,0.0,0.0,0.0,0.0,0.0,0.0,0.0,9.0,0.0,54.0,0.0,0.0,0.0,0.0,Meat/Egg Trade,63.0,1,2023-07-01,-0.4999999999999997,-0.8660254037844388,SW_monsoon,0.0,0,None,0.0,0,None,0.0,0,None
Southern|Bundala NP,2023,8,Southern,Bundala NP,0.0,0.0,0.0,0.0,0.0,0.0,0.0,0.0,0.0,0.0,0.0,45.0,0.0,0.0,0.0,15.0,Meat/Egg Trade,60.0,1,2023-08-01,-0.8660254037844384,-0.5000000000000004,SW_monsoon,63.0,1,Meat/Egg Trade,0.0,0,None,0.0,0,None
Southern|Bundala NP,2023,9,Southern,Bundala NP,0.0,0.0,0.0,0.0,0.0,0.0,0.0,0.0,0.0,0.0,0.0,5.0,0.0,0.0,0.0,0.0,Meat/Egg Trade,5.0,1,2023-09-01,-1.0,-1.8369701987210297e-16,SW_monsoon,60.0,1,Meat/Egg Trade,63.0,1,Meat/Egg Trade,0.0,0,None
Southern|Bundala NP,2023,10,Southern,Bundala NP,0.0,0.0,0.0,0.0,0.0,0.0,0.0,0.0,0.0,0.0,0.0,0.0,0.0,0.0,0.0,0.0,None,0.0,0,2023-10-01,-0.8660254037844386,0.5000000000000001,Inter_OctNov,5.0,1,Meat/Egg Trade,60.0,1,Meat/Egg Trade,63.0,1,Meat/Egg Trade
Southern|Bundala NP,2023,11,Southern,Bundala NP,0.0,0.0,0.0,0.0,0.0,0.0,0.0,0.0,0.0,0.0,0.0,0.0,0.0,0.0,0.0,0.0,None,0.0,0,2023-11-01,-0.5000000000000004,0.8660254037844384,Inter_OctNov,0.0,0,None,5.0,1,Meat/Egg Trade,60.0,1,Meat/Egg Trade
Southern|Bundala NP,2023,12,Southern,Bundala NP,0.0,0.0,0.0,0.0,0.0,0.0,0.0,0.0,0.0,0.0,0.0,0.0,0.0,0.0,0.0,0.0,None,0.0,0,2023-12-01,-2.4492935982947064e-16,1.0,NE_monsoon,0.0,0,None,0.0,0,None,5.0,1,Meat/Egg Trade
Southern|Bundala NP,2024,1,Southern,Bundala NP,0.0,0.0,0.0,0.0,0.0,0.0,0.0,0.0,0.0,0.0,0.0,0.0,0.0,0.0,0.0,0.0,None,0.0,0,2024-01-01,0.49999999999999994,0.8660254037844387,NE_monsoon,0.0,0,None,0.0,0,None,0.0,0,None
Southern|Bundala NP,2024,2,Southern,Bundala NP,0.0,0.0,0.0,0.0,0.0,0.0,0.0,0.0,0.0,0.0,0.0,0.0,0.0,0.0,0.0,0.0,None,0.0,0,2024-02-01,0.8660254037844386,0.5000000000000001,NE_monsoon,0.0,0,None,0.0,0,None,0.0,0,None
Southern|Bundala NP,2024,3,Southern,Bundala NP,0.0,0.0,0.0,0.0,0.0,16.0,0.0,0.0,0.0,0.0,0.0,0.0,0.0,0.0,0.0,13.0,Encroachment/Land,29.0,1,2024-03-01,1.0,6.123233995736766e-17,Inter_MarApr,0.0,0,None,0.0,0,None,0.0,0,None
Southern|Bundala NP,2024,4,Southern,Bundala NP,0.0,0.0,0.0,0.0,0.0,0.0,0.0,0.0,0.0,0.0,0.0,0.0,0.0,0.0,0.0,0.0,None,0.0,0,2024-04-01,0.8660254037844387,-0.4999999999999998,Inter_MarApr,29.0,1,Encroachment/Land,0.0,0,None,0.0,0,None
Southern|Bundala NP,2024,5,Southern,Bundala NP,0.0,0.0,0.0,0.0,0.0,0.0,0.0,0.0,0.0,0.0,0.0,0.0,0.0,6.0,0.0,0.0,Other,6.0,1,2024-05-01,0.49999999999999994,-0.8660254037844387,SW_monsoon,0.0,0,None,29.0,1,Encroachment/Land,0.0,0,None
Southern|Bundala NP,2024,6,Southern,Bundala NP,0.0,0.0,0.0,0.0,0.0,0.0,0.0,0.0,1.0,0.0,0.0,0.0,0.0,0.0,0.0,4.0,Weapons/Traps,5.0,1,2024-06-01,1.2246467991473532e-16,-1.0,SW_monsoon,6.0,1,Other,0.0,0,None,29.0,1,Encroachment/Land
Southern|Bundala NP,2024,7,Southern,Bundala NP,0.0,0.0,0.0,0.0,0.0,1.0,0.0,0.0,0.0,0.0,0.0,0.0,0.0,0.0,0.0,0.0,Encroachment/Land,1.0,1,2024-07-01,-0.4999999999999997,-0.8660254037844388,SW_monsoon,5.0,1,Weapons/Traps,6.0,1,Other,0.0,0,None
Southern|Bundala NP,2024,8,Southern,Bundala NP,0.0,0.0,0.0,0.0,0.0,0.0,0.0,0.0,0.0,0.0,0.0,0.0,0.0,0.0,0.0,0.0,None,0.0,0,2024-08-01,-0.8660254037844384,-0.5000000000000004,SW_monsoon,1.0,1,Encroachment/Land,5.0,1,Weapons/Traps,6.0,1,Other
Southern|Bundala NP,2024,9,Southern,Bundala NP,0.0,0.0,0.0,0.0,0.0,0.0,0.0,0.0,0.0,0.0,0.0,0.0,0.0,0.0,0.0,0.0,None,0.0,0,2024-09-01,-1.0,-1.8369701987210297e-16,SW_monsoon,0.0,0,None,1.0,1,Encroachment/Land,5.0,1,Weapons/Traps
Southern|Bundala NP,2024,10,Southern,Bundala NP,0.0,0.0,0.0,0.0,0.0,0.0,0.0,0.0,0.0,0.0,0.0,0.0,0.0,0.0,0.0,0.0,None,0.0,0,2024-10-01,-0.8660254037844386,0.5000000000000001,Inter_OctNov,0.0,0,None,0.0,0,None,1.0,1,Encroachment/Land
Southern|Bundala NP,2024,11,Southern,Bundala NP,0.0,0.0,0.0,0.0,0.0,0.0,0.0,0.0,0.0,0.0,0.0,0.0,0.0,0.0,0.0,0.0,None,0.0,0,2024-11-01,-0.5000000000000004,0.8660254037844384,Inter_OctNov,0.0,0,None,0.0,0,None,0.0,0,None
Southern|Bundala NP,2024,12,Southern,Bundala NP,0.0,0.0,0.0,0.0,0.0,0.0,0.0,0.0,14.0,0.0,0.0,0.0,0.0,0.0,0.0,0.0,Illegal Entry,14.0,1,2024-12-01,-2.4492935982947064e-16,1.0,NE_monsoon,0.0,0,None,0.0,0,None,0.0,0,None
Southern|National Park,2022,1,Southern,National Park,0.0,0.0,0.0,0.0,0.0,0.0,0.0,0.0,0.0,0.0,0.0,0.0,0.0,0.0,0.0,0.0,None,0.0,0,2022-01-01,0.49999999999999994,0.8660254037844387,NE_monsoon,0.0,0,None,0.0,0,None,0.0,0,None
Southern|National Park,2022,2,Southern,National Park,0.0,0.0,0.0,0.0,0.0,0.0,0.0,0.0,0.0,0.0,0.0,0.0,0.0,0.0,0.0,0.0,None,0.0,0,2022-02-01,0.8660254037844386,0.5000000000000001,NE_monsoon,0.0,0,None,0.0,0,None,0.0,0,None
Southern|National Park,2022,3,Southern,National Park,0.0,0.0,0.0,0.0,0.0,0.0,0.0,0.0,0.0,0.0,0.0,0.0,0.0,0.0,0.0,0.0,None,0.0,0,2022-03-01,1.0,6.123233995736766e-17,Inter_MarApr,0.0,0,None,0.0,0,None,0.0,0,None
Southern|National Park,2022,4,Southern,National Park,0.0,0.0,0.0,0.0,0.0,0.0,0.0,0.0,0.0,0.0,0.0,0.0,0.0,0.0,0.0,0.0,None,0.0,0,2022-04-01,0.8660254037844387,-0.4999999999999998,Inter_MarApr,0.0,0,None,0.0,0,None,0.0,0,None
Southern|National Park,2022,5,Southern,National Park,0.0,0.0,0.0,0.0,0.0,0.0,0.0,0.0,0.0,0.0,0.0,0.0,0.0,0.0,0.0,0.0,None,0.0,0,2022-05-01,0.49999999999999994,-0.8660254037844387,SW_monsoon,0.0,0,None,0.0,0,None,0.0,0,None
Southern|National Park,2022,6,Southern,National Park,0.0,0.0,0.0,0.0,0.0,0.0,0.0,0.0,0.0,0.0,0.0,0.0,0.0,0.0,0.0,0.0,None,0.0,0,2022-06-01,1.2246467991473532e-16,-1.0,SW_monsoon,0.0,0,None,0.0,0,None,0.0,0,None
Southern|National Park,2022,7,Southern,National Park,0.0,0.0,0.0,0.0,0.0,0.0,0.0,0.0,0.0,0.0,0.0,0.0,0.0,0.0,0.0,0.0,None,0.0,0,2022-07-01,-0.4999999999999997,-0.8660254037844388,SW_monsoon,0.0,0,None,0.0,0,None,0.0,0,None
Southern|National Park,2022,8,Southern,National Park,0.0,0.0,0.0,0.0,0.0,0.0,0.0,0.0,0.0,0.0,0.0,0.0,0.0,0.0,0.0,0.0,None,0.0,0,2022-08-01,-0.8660254037844384,-0.5000000000000004,SW_monsoon,0.0,0,None,0.0,0,None,0.0,0,None
Southern|National Park,2022,9,Southern,National Park,0.0,0.0,0.0,0.0,0.0,0.0,0.0,0.0,0.0,0.0,0.0,0.0,0.0,0.0,0.0,0.0,None,0.0,0,2022-09-01,-1.0,-1.8369701987210297e-16,SW_monsoon,0.0,0,None,0.0,0,None,0.0,0,None
Southern|National Park,2022,10,Southern,National Park,0.0,0.0,0.0,0.0,0.0,0.0,0.0,0.0,0.0,0.0,0.0,0.0,0.0,0.0,0.0,0.0,None,0.0,0,2022-10-01,-0.8660254037844386,0.5000000000000001,Inter_OctNov,0.0,0,None,0.0,0,None,0.0,0,None
Southern|National Park,2022,11,Southern,National Park,0.0,0.0,0.0,0.0,0.0,0.0,0.0,0.0,0.0,0.0,0.0,0.0,0.0,0.0,0.0,0.0,None,0.0,0,2022-11-01,-0.5000000000000004,0.8660254037844384,Inter_OctNov,0.0,0,None,0.0,0,None,0.0,0,None
Southern|National Park,2022,12,Southern,National Park,0.0,0.0,0.0,0.0,0.0,0.0,0.0,0.0,0.0,0.0,0.0,0.0,0.0,0.0,0.0,0.0,None,0.0,0,2022-12-01,-2.4492935982947064e-16,1.0,NE_monsoon,0.0,0,None,0.0,0,None,0.0,0,None
Southern|National Park,2023,1,Southern,National Park,0.0,0.0,0.0,0.0,0.0,0.0,0.0,0.0,10.0,0.0,0.0,0.0,0.0,0.0,0.0,0.0,Illegal Entry,10.0,1,2023-01-01,0.49999999999999994,0.8660254037844387,NE_monsoon,0.0,0,None,0.0,0,None,0.0,0,None
Southern|National Park,2023,2,Southern,National Park,0.0,0.0,0.0,0.0,0.0,0.0,0.0,0.0,8.0,0.0,0.0,0.0,0.0,0.0,0.0,25.0,Weapons/Traps,33.0,1,2023-02-01,0.8660254037844386,0.5000000000000001,NE_monsoon,10.0,1,Illegal Entry,0.0,0,None,0.0,0,None
Southern|National Park,2023,3,Southern,National Park,0.0,0.0,0.0,0.0,0.0,0.0,0.0,0.0,15.0,0.0,0.0,0.0,0.0,0.0,0.0,0.0,Illegal Entry,15.0,1,2023-03-01,1.0,6.123233995736766e-17,Inter_MarApr,33.0,1,Weapons/Traps,10.0,1,Illegal Entry,0.0,0,None
Southern|National Park,2023,4,Southern,National Park,0.0,0.0,0.0,0.0,0.0,0.0,0.0,0.0,0.0,0.0,0.0,0.0,0.0,0.0,0.0,4.0,Weapons/Traps,4.0,1,2023-04-01,0.8660254037844387,-0.4999999999999998,Inter_MarApr,15.0,1,Illegal Entry,33.0,1,Weapons/Traps,10.0,1,Illegal Entry
Southern|National Park,2023,5,Southern,National Park,0.0,0.0,0.0,0.0,14.0,0.0,0.0,0.0,11.0,0.0,0.0,0.0,0.0,0.0,0.0,0.0,Drugs/Alcohol,25.0,1,2023-05-01,0.49999999999999994,-0.8660254037844387,SW_monsoon,4.0,1,Weapons/Traps,15.0,1,Illegal Entry,33.0,1,Weapons/Traps
Southern|National Park,2023,6,Southern,National Park,0.0,0.0,0.0,0.0,0.0,0.0,0.0,0.0,49.0,0.0,0.0,22.0,0.0,0.0,0.0,0.0,Illegal Entry,71.0,1,2023-06-01,1.2246467991473532e-16,-1.0,SW_monsoon,25.0,1,Drugs/Alcohol,4.0,1,Weapons/Traps,15.0,1,Illegal Entry
Southern|National Park,2023,7,Southern,National Park,0.0,0.0,0.0,0.0,0.0,0.0,0.0,0.0,26.0,0.0,0.0,0.0,0.0,0.0,0.0,0.0,Illegal Entry,26.0,1,2023-07-01,-0.4999999999999997,-0.8660254037844388,SW_monsoon,71.0,1,Illegal Entry,25.0,1,Drugs/Alcohol,4.0,1,Weapons/Traps
Southern|National Park,2023,8,Southern,National Park,0.0,0.0,0.0,0.0,0.0,0.0,0.0,0.0,20.0,0.0,0.0,0.0,0.0,0.0,0.0,0.0,Illegal Entry,20.0,1,2023-08-01,-0.8660254037844384,-0.5000000000000004,SW_monsoon,26.0,1,Illegal Entry,71.0,1,Illegal Entry,25.0,1,Drugs/Alcohol
Southern|National Park,2023,9,Southern,National Park,0.0,0.0,0.0,0.0,0.0,0.0,0.0,0.0,4.0,0.0,0.0,0.0,0.0,0.0,0.0,21.0,Weapons/Traps,25.0,1,2023-09-01,-1.0,-1.8369701987210297e-16,SW_monsoon,20.0,1,Illegal Entry,26.0,1,Illegal Entry,71.0,1,Illegal Entry
Southern|National Park,2023,10,Southern,National Park,0.0,0.0,0.0,0.0,0.0,0.0,0.0,0.0,0.0,0.0,0.0,0.0,0.0,0.0,0.0,0.0,None,0.0,0,2023-10-01,-0.8660254037844386,0.5000000000000001,Inter_OctNov,25.0,1,Weapons/Traps,20.0,1,Illegal Entry,26.0,1,Illegal Entry
Southern|National Park,2023,11,Southern,National Park,0.0,0.0,0.0,0.0,30.0,0.0,0.0,0.0,0.0,0.0,0.0,0.0,0.0,0.0,0.0,0.0,Drugs/Alcohol,30.0,1,2023-11-01,-0.5000000000000004,0.8660254037844384,Inter_OctNov,0.0,0,None,25.0,1,Weapons/Traps,20.0,1,Illegal Entry
Southern|National Park,2023,12,Southern,National Park,0.0,0.0,0.0,0.0,0.0,0.0,0.0,0.0,0.0,0.0,0.0,0.0,0.0,0.0,0.0,0.0,None,0.0,0,2023-12-01,-2.4492935982947064e-16,1.0,NE_monsoon,30.0,1,Drugs/Alcohol,0.0,0,None,25.0,1,Weapons/Traps
Southern|National Park,2024,1,Southern,National Park,0.0,0.0,0.0,0.0,0.0,0.0,0.0,0.0,0.0,0.0,0.0,0.0,0.0,0.0,0.0,0.0,None,0.0,0,2024-01-01,0.49999999999999994,0.8660254037844387,NE_monsoon,0.0,0,None,30.0,1,Drugs/Alcohol,0.0,0,None
Southern|National Park,2024,2,Southern,National Park,0.0,0.0,0.0,0.0,0.0,0.0,0.0,0.0,0.0,0.0,0.0,0.0,0.0,0.0,0.0,0.0,None,0.0,0,2024-02-01,0.8660254037844386,0.5000000000000001,NE_monsoon,0.0,0,None,0.0,0,None,30.0,1,Drugs/Alcohol
Southern|National Park,2024,3,Southern,National Park,0.0,0.0,0.0,0.0,0.0,0.0,0.0,0.0,14.0,21.0,1.0,0.0,0.0,0.0,0.0,9.0,Illegal Fishing,45.0,1,2024-03-01,1.0,6.123233995736766e-17,Inter_MarApr,0.0,0,None,0.0,0,None,0.0,0,None
Southern|National Park,2024,4,Southern,National Park,0.0,0.0,0.0,0.0,0.0,0.0,0.0,0.0,0.0,0.0,0.0,0.0,0.0,0.0,0.0,0.0,None,0.0,0,2024-04-01,0.8660254037844387,-0.4999999999999998,Inter_MarApr,45.0,1,Illegal Fishing,0.0,0,None,0.0,0,None
Southern|National Park,2024,5,Southern,National Park,0.0,0.0,0.0,0.0,0.0,0.0,0.0,0.0,29.0,0.0,0.0,0.0,0.0,0.0,0.0,13.0,Illegal Entry,42.0,1,2024-05-01,0.49999999999999994,-0.8660254037844387,SW_monsoon,0.0,0,None,45.0,1,Illegal Fishing,0.0,0,None
Southern|National Park,2024,6,Southern,National Park,0.0,0.0,0.0,0.0,0.0,0.0,0.0,0.0,5.0,0.0,0.0,0.0,0.0,0.0,0.0,2.0,Illegal Entry,7.0,1,2024-06-01,1.2246467991473532e-16,-1.0,SW_monsoon,42.0,1,Illegal Entry,0.0,0,None,45.0,1,Illegal Fishing
Southern|National Park,2024,7,Southern,National Park,0.0,0.0,0.0,0.0,0.0,0.0,0.0,0.0,0.0,0.0,0.0,0.0,0.0,0.0,0.0,3.0,Weapons/Traps,3.0,1,2024-07-01,-0.4999999999999997,-0.8660254037844388,SW_monsoon,7.0,1,Illegal Entry,42.0,1,Illegal Entry,0.0,0,None
Southern|National Park,2024,8,Southern,National Park,0.0,0.0,0.0,0.0,0.0,0.0,0.0,0.0,0.0,0.0,0.0,0.0,0.0,0.0,0.0,9.0,Weapons/Traps,9.0,1,2024-08-01,-0.8660254037844384,-0.5000000000000004,SW_monsoon,3.0,1,Weapons/Traps,7.0,1,Illegal Entry,42.0,1,Illegal Entry
Southern|National Park,2024,9,Southern,National Park,0.0,0.0,0.0,0.0,0.0,0.0,0.0,0.0,0.0,0.0,0.0,0.0,0.0,0.0,0.0,0.0,None,0.0,0,2024-09-01,-1.0,-1.8369701987210297e-16,SW_monsoon,9.0,1,Weapons/Traps,3.0,1,Weapons/Traps,7.0,1,Illegal Entry
Southern|National Park,2024,10,Southern,National Park,0.0,0.0,0.0,0.0,0.0,0.0,0.0,0.0,0.0,0.0,0.0,0.0,0.0,0.0,0.0,0.0,None,0.0,0,2024-10-01,-0.8660254037844386,0.5000000000000001,Inter_OctNov,0.0,0,None,9.0,1,Weapons/Traps,3.0,1,Weapons/Traps
Southern|National Park,2024,11,Southern,National Park,0.0,0.0,0.0,0.0,0.0,0.0,0.0,0.0,0.0,0.0,0.0,0.0,0.0,0.0,0.0,0.0,None,0.0,0,2024-11-01,-0.5000000000000004,0.8660254037844384,Inter_OctNov,0.0,0,None,0.0,0,None,9.0,1,Weapons/Traps
Southern|National Park,2024,12,Southern,National Park,0.0,0.0,0.0,20.0,19.0,0.0,0.0,0.0,4.0,0.0,0.0,0.0,0.0,0.0,0.0,2.0,Domestic Animal Trespass,45.0,1,2024-12-01,-2.4492935982947064e-16,1.0,NE_monsoon,0.0,0,None,0.0,0,None,0.0,0,None
Southern|Nature Reserve,2022,1,Southern,Nature Reserve,0.0,0.0,0.0,0.0,0.0,0.0,0.0,0.0,0.0,0.0,0.0,0.0,0.0,0.0,0.0,0.0,None,0.0,0,2022-01-01,0.49999999999999994,0.8660254037844387,NE_monsoon,0.0,0,None,0.0,0,None,0.0,0,None
Southern|Nature Reserve,2022,2,Southern,Nature Reserve,0.0,0.0,0.0,0.0,0.0,0.0,0.0,0.0,0.0,0.0,0.0,0.0,0.0,0.0,0.0,0.0,None,0.0,0,2022-02-01,0.8660254037844386,0.5000000000000001,NE_monsoon,0.0,0,None,0.0,0,None,0.0,0,None
Southern|Nature Reserve,2022,3,Southern,Nature Reserve,0.0,0.0,0.0,0.0,0.0,0.0,0.0,0.0,0.0,0.0,0.0,0.0,0.0,0.0,0.0,0.0,None,0.0,0,2022-03-01,1.0,6.123233995736766e-17,Inter_MarApr,0.0,0,None,0.0,0,None,0.0,0,None
Southern|Nature Reserve,2022,4,Southern,Nature Reserve,0.0,0.0,0.0,0.0,0.0,0.0,0.0,0.0,0.0,0.0,0.0,0.0,0.0,0.0,0.0,0.0,None,0.0,0,2022-04-01,0.8660254037844387,-0.4999999999999998,Inter_MarApr,0.0,0,None,0.0,0,None,0.0,0,None
Southern|Nature Reserve,2022,5,Southern,Nature Reserve,0.0,0.0,0.0,0.0,0.0,0.0,0.0,0.0,0.0,0.0,0.0,0.0,0.0,0.0,0.0,0.0,None,0.0,0,2022-05-01,0.49999999999999994,-0.8660254037844387,SW_monsoon,0.0,0,None,0.0,0,None,0.0,0,None
Southern|Nature Reserve,2022,6,Southern,Nature Reserve,0.0,0.0,0.0,0.0,0.0,0.0,0.0,0.0,0.0,0.0,0.0,0.0,0.0,0.0,0.0,0.0,None,0.0,0,2022-06-01,1.2246467991473532e-16,-1.0,SW_monsoon,0.0,0,None,0.0,0,None,0.0,0,None
Southern|Nature Reserve,2022,7,Southern,Nature Reserve,0.0,0.0,0.0,0.0,0.0,0.0,0.0,0.0,0.0,0.0,0.0,0.0,0.0,0.0,0.0,0.0,None,0.0,0,2022-07-01,-0.4999999999999997,-0.8660254037844388,SW_monsoon,0.0,0,None,0.0,0,None,0.0,0,None
Southern|Nature Reserve,2022,8,Southern,Nature Reserve,0.0,0.0,0.0,0.0,0.0,0.0,0.0,0.0,0.0,0.0,0.0,0.0,0.0,0.0,0.0,0.0,None,0.0,0,2022-08-01,-0.8660254037844384,-0.5000000000000004,SW_monsoon,0.0,0,None,0.0,0,None,0.0,0,None
Southern|Nature Reserve,2022,9,Southern,Nature Reserve,0.0,0.0,0.0,0.0,0.0,0.0,0.0,0.0,0.0,0.0,0.0,0.0,0.0,0.0,0.0,0.0,None,0.0,0,2022-09-01,-1.0,-1.8369701987210297e-16,SW_monsoon,0.0,0,None,0.0,0,None,0.0,0,None
Southern|Nature Reserve,2022,10,Southern,Nature Reserve,0.0,0.0,0.0,0.0,0.0,0.0,0.0,0.0,0.0,0.0,0.0,0.0,0.0,0.0,0.0,0.0,None,0.0,0,2022-10-01,-0.8660254037844386,0.5000000000000001,Inter_OctNov,0.0,0,None,0.0,0,None,0.0,0,None
Southern|Nature Reserve,2022,11,Southern,Nature Reserve,0.0,0.0,0.0,0.0,0.0,0.0,0.0,0.0,0.0,0.0,0.0,0.0,0.0,0.0,0.0,0.0,None,0.0,0,2022-11-01,-0.5000000000000004,0.8660254037844384,Inter_OctNov,0.0,0,None,0.0,0,None,0.0,0,None
Southern|Nature Reserve,2022,12,Southern,Nature Reserve,0.0,0.0,0.0,0.0,0.0,0.0,0.0,0.0,0.0,0.0,0.0,0.0,0.0,0.0,0.0,0.0,None,0.0,0,2022-12-01,-2.4492935982947064e-16,1.0,NE_monsoon,0.0,0,None,0.0,0,None,0.0,0,None
Southern|Nature Reserve,2023,1,Southern,Nature Reserve,0.0,0.0,0.0,0.0,0.0,0.0,0.0,0.0,0.0,0.0,0.0,0.0,0.0,0.0,0.0,0.0,None,0.0,0,2023-01-01,0.49999999999999994,0.8660254037844387,NE_monsoon,0.0,0,None,0.0,0,None,0.0,0,None
Southern|Nature Reserve,2023,2,Southern,Nature Reserve,0.0,0.0,0.0,0.0,0.0,0.0,0.0,0.0,0.0,0.0,0.0,0.0,0.0,0.0,0.0,0.0,None,0.0,0,2023-02-01,0.8660254037844386,0.5000000000000001,NE_monsoon,0.0,0,None,0.0,0,None,0.0,0,None
Southern|Nature Reserve,2023,3,Southern,Nature Reserve,0.0,0.0,0.0,0.0,0.0,0.0,0.0,0.0,0.0,0.0,0.0,0.0,0.0,0.0,0.0,0.0,None,0.0,0,2023-03-01,1.0,6.123233995736766e-17,Inter_MarApr,0.0,0,None,0.0,0,None,0.0,0,None
Southern|Nature Reserve,2023,4,Southern,Nature Reserve,0.0,0.0,0.0,0.0,0.0,0.0,0.0,0.0,0.0,0.0,0.0,0.0,0.0,0.0,0.0,0.0,None,0.0,0,2023-04-01,0.8660254037844387,-0.4999999999999998,Inter_MarApr,0.0,0,None,0.0,0,None,0.0,0,None
Southern|Nature Reserve,2023,5,Southern,Nature Reserve,0.0,0.0,0.0,0.0,0.0,0.0,0.0,0.0,0.0,0.0,0.0,0.0,0.0,0.0,0.0,0.0,None,0.0,0,2023-05-01,0.49999999999999994,-0.8660254037844387,SW_monsoon,0.0,0,None,0.0,0,None,0.0,0,None
Southern|Nature Reserve,2023,6,Southern,Nature Reserve,0.0,0.0,0.0,0.0,0.0,0.0,0.0,0.0,0.0,0.0,0.0,0.0,0.0,0.0,0.0,0.0,None,0.0,0,2023-06-01,1.2246467991473532e-16,-1.0,SW_monsoon,0.0,0,None,0.0,0,None,0.0,0,None
Southern|Nature Reserve,2023,7,Southern,Nature Reserve,0.0,0.0,0.0,0.0,0.0,0.0,0.0,0.0,0.0,0.0,0.0,0.0,0.0,0.0,0.0,0.0,None,0.0,0,2023-07-01,-0.4999999999999997,-0.8660254037844388,SW_monsoon,0.0,0,None,0.0,0,None,0.0,0,None
Southern|Nature Reserve,2023,8,Southern,Nature Reserve,0.0,0.0,0.0,0.0,0.0,0.0,0.0,0.0,0.0,0.0,0.0,0.0,0.0,0.0,0.0,2.0,Weapons/Traps,2.0,1,2023-08-01,-0.8660254037844384,-0.5000000000000004,SW_monsoon,0.0,0,None,0.0,0,None,0.0,0,None
Southern|Nature Reserve,2023,9,Southern,Nature Reserve,0.0,0.0,0.0,0.0,0.0,0.0,0.0,0.0,0.0,0.0,0.0,0.0,0.0,0.0,0.0,0.0,None,0.0,0,2023-09-01,-1.0,-1.8369701987210297e-16,SW_monsoon,2.0,1,Weapons/Traps,0.0,0,None,0.0,0,None
Southern|Nature Reserve,2023,10,Southern,Nature Reserve,0.0,0.0,0.0,0.0,0.0,0.0,0.0,0.0,0.0,0.0,0.0,0.0,0.0,0.0,0.0,0.0,None,0.0,0,2023-10-01,-0.8660254037844386,0.5000000000000001,Inter_OctNov,0.0,0,None,2.0,1,Weapons/Traps,0.0,0,None
Southern|Nature Reserve,2023,11,Southern,Nature Reserve,0.0,0.0,0.0,0.0,0.0,0.0,0.0,0.0,11.0,0.0,0.0,0.0,0.0,0.0,0.0,0.0,Illegal Entry,11.0,1,2023-11-01,-0.5000000000000004,0.8660254037844384,Inter_OctNov,0.0,0,None,0.0,0,None,2.0,1,Weapons/Traps
Southern|Nature Reserve,2023,12,Southern,Nature Reserve,0.0,0.0,0.0,0.0,0.0,0.0,0.0,0.0,0.0,0.0,0.0,0.0,0.0,11.0,0.0,0.0,Other,11.0,1,2023-12-01,-2.4492935982947064e-16,1.0,NE_monsoon,11.0,1,Illegal Entry,0.0,0,None,0.0,0,None
Southern|Nature Reserve,2024,1,Southern,Nature Reserve,0.0,0.0,0.0,0.0,0.0,0.0,0.0,0.0,0.0,0.0,0.0,0.0,0.0,0.0,0.0,0.0,None,0.0,0,2024-01-01,0.49999999999999994,0.8660254037844387,NE_monsoon,11.0,1,Other,11.0,1,Illegal Entry,0.0,0,None
Southern|Nature Reserve,2024,2,Southern,Nature Reserve,0.0,0.0,0.0,0.0,0.0,0.0,0.0,0.0,0.0,0.0,0.0,0.0,0.0,0.0,0.0,0.0,None,0.0,0,2024-02-01,0.8660254037844386,0.5000000000000001,NE_monsoon,0.0,0,None,11.0,1,Other,11.0,1,Illegal Entry
Southern|Nature Reserve,2024,3,Southern,Nature Reserve,0.0,0.0,0.0,0.0,0.0,0.0,0.0,0.0,0.0,0.0,0.0,0.0,0.0,0.0,0.0,0.0,None,0.0,0,2024-03-01,1.0,6.123233995736766e-17,Inter_MarApr,0.0,0,None,0.0,0,None,11.0,1,Other
Southern|Nature Reserve,2024,4,Southern,Nature Reserve,0.0,0.0,0.0,0.0,0.0,0.0,0.0,0.0,0.0,0.0,0.0,0.0,0.0,0.0,0.0,0.0,None,0.0,0,2024-04-01,0.8660254037844387,-0.4999999999999998,Inter_MarApr,0.0,0,None,0.0,0,None,0.0,0,None
Southern|Nature Reserve,2024,5,Southern,Nature Reserve,0.0,0.0,0.0,0.0,0.0,0.0,0.0,0.0,0.0,0.0,0.0,0.0,0.0,0.0,0.0,0.0,None,0.0,0,2024-05-01,0.49999999999999994,-0.8660254037844387,SW_monsoon,0.0,0,None,0.0,0,None,0.0,0,None
Southern|Nature Reserve,2024,6,Southern,Nature Reserve,0.0,0.0,0.0,0.0,0.0,0.0,0.0,0.0,0.0,0.0,0.0,0.0,0.0,0.0,0.0,0.0,None,0.0,0,2024-06-01,1.2246467991473532e-16,-1.0,SW_monsoon,0.0,0,None,0.0,0,None,0.0,0,None
Southern|Nature Reserve,2024,7,Southern,Nature Reserve,0.0,0.0,0.0,0.0,0.0,0.0,0.0,0.0,19.0,0.0,0.0,0.0,0.0,0.0,0.0,0.0,Illegal Entry,19.0,1,2024-07-01,-0.4999999999999997,-0.8660254037844388,SW_monsoon,0.0,0,None,0.0,0,None,0.0,0,None
Southern|Nature Reserve,2024,8,Southern,Nature Reserve,0.0,0.0,0.0,0.0,0.0,0.0,0.0,0.0,0.0,0.0,0.0,0.0,0.0,0.0,0.0,0.0,None,0.0,0,2024-08-01,-0.8660254037844384,-0.5000000000000004,SW_monsoon,19.0,1,Illegal Entry,0.0,0,None,0.0,0,None
Southern|Nature Reserve,2024,9,Southern,Nature Reserve,0.0,0.0,0.0,0.0,0.0,0.0,0.0,0.0,0.0,0.0,0.0,0.0,0.0,0.0,0.0,0.0,None,0.0,0,2024-09-01,-1.0,-1.8369701987210297e-16,SW_monsoon,0.0,0,None,19.0,1,Illegal Entry,0.0,0,None
Southern|Nature Reserve,2024,10,Southern,Nature Reserve,0.0,0.0,0.0,0.0,0.0,0.0,0.0,0.0,0.0,0.0,0.0,0.0,0.0,0.0,0.0,0.0,None,0.0,0,2024-10-01,-0.8660254037844386,0.5000000000000001,Inter_OctNov,0.0,0,None,0.0,0,None,19.0,1,Illegal Entry
Southern|Nature Reserve,2024,11,Southern,Nature Reserve,0.0,0.0,0.0,0.0,0.0,0.0,0.0,0.0,0.0,0.0,0.0,0.0,0.0,0.0,0.0,0.0,None,0.0,0,2024-11-01,-0.5000000000000004,0.8660254037844384,Inter_OctNov,0.0,0,None,0.0,0,None,0.0,0,None
Southern|Nature Reserve,2024,12,Southern,Nature Reserve,0.0,0.0,0.0,0.0,0.0,0.0,0.0,0.0,0.0,0.0,0.0,0.0,0.0,0.0,0.0,0.0,None,0.0,0,2024-12-01,-2.4492935982947064e-16,1.0,NE_monsoon,0.0,0,None,0.0,0,None,0.0,0,None
Southern|Out of Protected Area,2022,1,Southern,Out of Protected Area,0.0,0.0,0.0,0.0,0.0,0.0,0.0,0.0,0.0,0.0,0.0,0.0,0.0,0.0,0.0,0.0,None,0.0,0,2022-01-01,0.49999999999999994,0.8660254037844387,NE_monsoon,0.0,0,None,0.0,0,None,0.0,0,None
Southern|Out of Protected Area,2022,2,Southern,Out of Protected Area,0.0,0.0,0.0,0.0,0.0,0.0,0.0,0.0,0.0,0.0,0.0,0.0,0.0,0.0,0.0,0.0,None,0.0,0,2022-02-01,0.8660254037844386,0.5000000000000001,NE_monsoon,0.0,0,None,0.0,0,None,0.0,0,None
Southern|Out of Protected Area,2022,3,Southern,Out of Protected Area,0.0,0.0,0.0,0.0,0.0,0.0,0.0,0.0,0.0,0.0,0.0,0.0,0.0,0.0,0.0,0.0,None,0.0,0,2022-03-01,1.0,6.123233995736766e-17,Inter_MarApr,0.0,0,None,0.0,0,None,0.0,0,None
Southern|Out of Protected Area,2022,4,Southern,Out of Protected Area,0.0,0.0,0.0,0.0,0.0,0.0,0.0,0.0,0.0,0.0,0.0,0.0,0.0,0.0,0.0,0.0,None,0.0,0,2022-04-01,0.8660254037844387,-0.4999999999999998,Inter_MarApr,0.0,0,None,0.0,0,None,0.0,0,None
Southern|Out of Protected Area,2022,5,Southern,Out of Protected Area,0.0,0.0,0.0,0.0,0.0,0.0,0.0,0.0,0.0,0.0,0.0,0.0,0.0,0.0,0.0,0.0,None,0.0,0,2022-05-01,0.49999999999999994,-0.8660254037844387,SW_monsoon,0.0,0,None,0.0,0,None,0.0,0,None
Southern|Out of Protected Area,2022,6,Southern,Out of Protected Area,0.0,0.0,0.0,0.0,0.0,0.0,0.0,0.0,0.0,0.0,0.0,0.0,0.0,0.0,0.0,0.0,None,0.0,0,2022-06-01,1.2246467991473532e-16,-1.0,SW_monsoon,0.0,0,None,0.0,0,None,0.0,0,None
Southern|Out of Protected Area,2022,7,Southern,Out of Protected Area,0.0,0.0,0.0,0.0,0.0,0.0,0.0,0.0,0.0,0.0,0.0,0.0,0.0,0.0,0.0,0.0,None,0.0,0,2022-07-01,-0.4999999999999997,-0.8660254037844388,SW_monsoon,0.0,0,None,0.0,0,None,0.0,0,None
Southern|Out of Protected Area,2022,8,Southern,Out of Protected Area,0.0,0.0,0.0,0.0,0.0,0.0,0.0,0.0,0.0,0.0,0.0,0.0,0.0,0.0,0.0,0.0,None,0.0,0,2022-08-01,-0.8660254037844384,-0.5000000000000004,SW_monsoon,0.0,0,None,0.0,0,None,0.0,0,None
Southern|Out of Protected Area,2022,9,Southern,Out of Protected Area,0.0,0.0,0.0,0.0,0.0,0.0,0.0,0.0,0.0,0.0,0.0,0.0,0.0,0.0,0.0,0.0,None,0.0,0,2022-09-01,-1.0,-1.8369701987210297e-16,SW_monsoon,0.0,0,None,0.0,0,None,0.0,0,None
Southern|Out of Protected Area,2022,10,Southern,Out of Protected Area,0.0,0.0,0.0,0.0,0.0,0.0,0.0,0.0,0.0,0.0,0.0,0.0,0.0,0.0,0.0,0.0,None,0.0,0,2022-10-01,-0.8660254037844386,0.5000000000000001,Inter_OctNov,0.0,0,None,0.0,0,None,0.0,0,None
Southern|Out of Protected Area,2022,11,Southern,Out of Protected Area,0.0,0.0,0.0,0.0,0.0,0.0,0.0,0.0,0.0,0.0,0.0,0.0,0.0,0.0,0.0,0.0,None,0.0,0,2022-11-01,-0.5000000000000004,0.8660254037844384,Inter_OctNov,0.0,0,None,0.0,0,None,0.0,0,None
Southern|Out of Protected Area,2022,12,Southern,Out of Protected Area,0.0,0.0,0.0,0.0,0.0,0.0,0.0,0.0,0.0,0.0,0.0,0.0,0.0,0.0,0.0,0.0,None,0.0,0,2022-12-01,-2.4492935982947064e-16,1.0,NE_monsoon,0.0,0,None,0.0,0,None,0.0,0,None
Southern|Out of Protected Area,2023,1,Southern,Out of Protected Area,0.0,0.0,0.0,0.0,0.0,0.0,0.0,0.0,0.0,0.0,0.0,11.0,0.0,0.0,0.0,25.0,Weapons/Traps,36.0,1,2023-01-01,0.49999999999999994,0.8660254037844387,NE_monsoon,0.0,0,None,0.0,0,None,0.0,0,None
Southern|Out of Protected Area,2023,2,Southern,Out of Protected Area,0.0,0.0,0.0,0.0,0.0,0.0,0.0,0.0,0.0,0.0,0.0,0.0,0.0,0.0,0.0,0.0,None,0.0,0,2023-02-01,0.8660254037844386,0.5000000000000001,NE_monsoon,36.0,1,Weapons/Traps,0.0,0,None,0.0,0,None
Southern|Out of Protected Area,2023,3,Southern,Out of Protected Area,0.0,0.0,0.0,0.0,0.0,0.0,0.0,0.0,0.0,0.0,0.0,0.0,0.0,0.0,0.0,0.0,None,0.0,0,2023-03-01,1.0,6.123233995736766e-17,Inter_MarApr,0.0,0,None,36.0,1,Weapons/Traps,0.0,0,None
Southern|Out of Protected Area,2023,4,Southern,Out of Protected Area,0.0,0.0,0.0,0.0,0.0,0.0,0.0,0.0,0.0,0.0,0.0,0.0,0.0,0.0,0.0,0.0,None,0.0,0,2023-04-01,0.8660254037844387,-0.4999999999999998,Inter_MarApr,0.0,0,None,0.0,0,None,36.0,1,Weapons/Traps
Southern|Out of Protected Area,2023,5,Southern,Out of Protected Area,0.0,0.0,0.0,0.0,0.0,0.0,0.0,0.0,0.0,0.0,0.0,0.0,0.0,0.0,0.0,0.0,None,0.0,0,2023-05-01,0.49999999999999994,-0.8660254037844387,SW_monsoon,0.0,0,None,0.0,0,None,0.0,0,None
Southern|Out of Protected Area,2023,6,Southern,Out of Protected Area,0.0,0.0,0.0,0.0,0.0,0.0,0.0,0.0,0.0,0.0,0.0,0.0,0.0,0.0,0.0,0.0,None,0.0,0,2023-06-01,1.2246467991473532e-16,-1.0,SW_monsoon,0.0,0,None,0.0,0,None,0.0,0,None
Southern|Out of Protected Area,2023,7,Southern,Out of Protected Area,0.0,0.0,0.0,0.0,0.0,0.0,0.0,0.0,0.0,0.0,0.0,0.0,0.0,0.0,0.0,0.0,None,0.0,0,2023-07-01,-0.4999999999999997,-0.8660254037844388,SW_monsoon,0.0,0,None,0.0,0,None,0.0,0,None
Southern|Out of Protected Area,2023,8,Southern,Out of Protected Area,0.0,0.0,0.0,0.0,0.0,0.0,0.0,0.0,0.0,0.0,0.0,0.0,0.0,0.0,0.0,0.0,None,0.0,0,2023-08-01,-0.8660254037844384,-0.5000000000000004,SW_monsoon,0.0,0,None,0.0,0,None,0.0,0,None
Southern|Out of Protected Area,2023,9,Southern,Out of Protected Area,0.0,0.0,0.0,0.0,0.0,0.0,0.0,0.0,0.0,0.0,0.0,0.0,0.0,0.0,0.0,0.0,None,0.0,0,2023-09-01,-1.0,-1.8369701987210297e-16,SW_monsoon,0.0,0,None,0.0,0,None,0.0,0,None
Southern|Out of Protected Area,2023,10,Southern,Out of Protected Area,0.0,0.0,0.0,0.0,0.0,0.0,0.0,0.0,0.0,0.0,0.0,0.0,0.0,0.0,0.0,0.0,None,0.0,0,2023-10-01,-0.8660254037844386,0.5000000000000001,Inter_OctNov,0.0,0,None,0.0,0,None,0.0,0,None
Southern|Out of Protected Area,2023,11,Southern,Out of Protected Area,0.0,0.0,0.0,0.0,0.0,0.0,0.0,0.0,0.0,0.0,0.0,0.0,0.0,0.0,0.0,0.0,None,0.0,0,2023-11-01,-0.5000000000000004,0.8660254037844384,Inter_OctNov,0.0,0,None,0.0,0,None,0.0,0,None
Southern|Out of Protected Area,2023,12,Southern,Out of Protected Area,0.0,0.0,0.0,0.0,0.0,0.0,0.0,0.0,0.0,0.0,0.0,0.0,0.0,0.0,0.0,0.0,None,0.0,0,2023-12-01,-2.4492935982947064e-16,1.0,NE_monsoon,0.0,0,None,0.0,0,None,0.0,0,None
Southern|Out of Protected Area,2024,1,Southern,Out of Protected Area,0.0,0.0,0.0,0.0,0.0,0.0,0.0,0.0,0.0,0.0,0.0,0.0,0.0,0.0,0.0,0.0,None,0.0,0,2024-01-01,0.49999999999999994,0.8660254037844387,NE_monsoon,0.0,0,None,0.0,0,None,0.0,0,None
Southern|Out of Protected Area,2024,2,Southern,Out of Protected Area,0.0,0.0,0.0,0.0,0.0,0.0,0.0,0.0,0.0,0.0,0.0,0.0,0.0,0.0,0.0,0.0,None,0.0,0,2024-02-01,0.8660254037844386,0.5000000000000001,NE_monsoon,0.0,0,None,0.0,0,None,0.0,0,None
Southern|Out of Protected Area,2024,3,Southern,Out of Protected Area,0.0,0.0,0.0,0.0,0.0,0.0,0.0,0.0,0.0,0.0,0.0,0.0,0.0,0.0,0.0,0.0,None,0.0,0,2024-03-01,1.0,6.123233995736766e-17,Inter_MarApr,0.0,0,None,0.0,0,None,0.0,0,None
Southern|Out of Protected Area,2024,4,Southern,Out of Protected Area,0.0,0.0,0.0,0.0,0.0,0.0,0.0,0.0,0.0,0.0,0.0,0.0,0.0,0.0,0.0,0.0,None,0.0,0,2024-04-01,0.8660254037844387,-0.4999999999999998,Inter_MarApr,0.0,0,None,0.0,0,None,0.0,0,None
Southern|Out of Protected Area,2024,5,Southern,Out of Protected Area,0.0,0.0,0.0,0.0,0.0,0.0,0.0,0.0,0.0,0.0,0.0,0.0,0.0,0.0,0.0,0.0,None,0.0,0,2024-05-01,0.49999999999999994,-0.8660254037844387,SW_monsoon,0.0,0,None,0.0,0,None,0.0,0,None
Southern|Out of Protected Area,2024,6,Southern,Out of Protected Area,0.0,0.0,0.0,0.0,0.0,0.0,0.0,0.0,0.0,0.0,0.0,0.0,0.0,0.0,0.0,0.0,None,0.0,0,2024-06-01,1.2246467991473532e-16,-1.0,SW_monsoon,0.0,0,None,0.0,0,None,0.0,0,None
Southern|Out of Protected Area,2024,7,Southern,Out of Protected Area,0.0,0.0,0.0,0.0,0.0,0.0,0.0,0.0,0.0,0.0,0.0,0.0,0.0,0.0,0.0,0.0,None,0.0,0,2024-07-01,-0.4999999999999997,-0.8660254037844388,SW_monsoon,0.0,0,None,0.0,0,None,0.0,0,None
Southern|Out of Protected Area,2024,8,Southern,Out of Protected Area,0.0,0.0,0.0,0.0,0.0,0.0,0.0,0.0,0.0,0.0,0.0,0.0,0.0,0.0,0.0,0.0,None,0.0,0,2024-08-01,-0.8660254037844384,-0.5000000000000004,SW_monsoon,0.0,0,None,0.0,0,None,0.0,0,None
Southern|Out of Protected Area,2024,9,Southern,Out of Protected Area,0.0,0.0,0.0,0.0,0.0,0.0,0.0,0.0,0.0,0.0,0.0,0.0,0.0,0.0,0.0,0.0,None,0.0,0,2024-09-01,-1.0,-1.8369701987210297e-16,SW_monsoon,0.0,0,None,0.0,0,None,0.0,0,None
Southern|Out of Protected Area,2024,10,Southern,Out of Protected Area,0.0,0.0,0.0,0.0,0.0,0.0,0.0,0.0,0.0,0.0,0.0,0.0,0.0,0.0,0.0,0.0,None,0.0,0,2024-10-01,-0.8660254037844386,0.5000000000000001,Inter_OctNov,0.0,0,None,0.0,0,None,0.0,0,None
Southern|Out of Protected Area,2024,11,Southern,Out of Protected Area,0.0,0.0,0.0,0.0,0.0,0.0,0.0,0.0,0.0,0.0,0.0,0.0,0.0,0.0,0.0,0.0,None,0.0,0,2024-11-01,-0.5000000000000004,0.8660254037844384,Inter_OctNov,0.0,0,None,0.0,0,None,0.0,0,None
Southern|Out of Protected Area,2024,12,Southern,Out of Protected Area,0.0,0.0,0.0,0.0,0.0,0.0,0.0,0.0,0.0,0.0,0.0,27.0,0.0,0.0,0.0,0.0,Meat/Egg Trade,27.0,1,2024-12-01,-2.4492935982947064e-16,1.0,NE_monsoon,0.0,0,None,0.0,0,None,0.0,0,None
Southern|Sanctuary,2022,1,Southern,Sanctuary,0.0,0.0,0.0,0.0,0.0,0.0,0.0,0.0,0.0,0.0,0.0,0.0,0.0,0.0,0.0,0.0,None,0.0,0,2022-01-01,0.49999999999999994,0.8660254037844387,NE_monsoon,0.0,0,None,0.0,0,None,0.0,0,None
Southern|Sanctuary,2022,2,Southern,Sanctuary,0.0,0.0,0.0,0.0,0.0,0.0,0.0,0.0,0.0,0.0,0.0,0.0,0.0,0.0,0.0,0.0,None,0.0,0,2022-02-01,0.8660254037844386,0.5000000000000001,NE_monsoon,0.0,0,None,0.0,0,None,0.0,0,None
Southern|Sanctuary,2022,3,Southern,Sanctuary,0.0,0.0,0.0,0.0,0.0,0.0,0.0,0.0,0.0,0.0,0.0,0.0,0.0,0.0,0.0,0.0,None,0.0,0,2022-03-01,1.0,6.123233995736766e-17,Inter_MarApr,0.0,0,None,0.0,0,None,0.0,0,None
Southern|Sanctuary,2022,4,Southern,Sanctuary,0.0,0.0,0.0,0.0,0.0,0.0,0.0,0.0,0.0,0.0,20.0,0.0,0.0,0.0,0.0,0.0,Illegal Logging,20.0,1,2022-04-01,0.8660254037844387,-0.4999999999999998,Inter_MarApr,0.0,0,None,0.0,0,None,0.0,0,None
Southern|Sanctuary,2022,5,Southern,Sanctuary,0.0,0.0,0.0,0.0,0.0,0.0,0.0,0.0,0.0,0.0,0.0,0.0,0.0,0.0,0.0,0.0,None,0.0,0,2022-05-01,0.49999999999999994,-0.8660254037844387,SW_monsoon,20.0,1,Illegal Logging,0.0,0,None,0.0,0,None
Southern|Sanctuary,2022,6,Southern,Sanctuary,0.0,0.0,0.0,0.0,0.0,0.0,0.0,0.0,0.0,0.0,0.0,0.0,0.0,0.0,0.0,0.0,None,0.0,0,2022-06-01,1.2246467991473532e-16,-1.0,SW_monsoon,0.0,0,None,20.0,1,Illegal Logging,0.0,0,None
Southern|Sanctuary,2022,7,Southern,Sanctuary,0.0,0.0,0.0,0.0,0.0,0.0,0.0,0.0,0.0,0.0,0.0,0.0,0.0,0.0,0.0,0.0,None,0.0,0,2022-07-01,-0.4999999999999997,-0.8660254037844388,SW_monsoon,0.0,0,None,0.0,0,None,20.0,1,Illegal Logging
Southern|Sanctuary,2022,8,Southern,Sanctuary,0.0,0.0,0.0,0.0,0.0,0.0,0.0,0.0,0.0,0.0,0.0,0.0,0.0,0.0,0.0,0.0,None,0.0,0,2022-08-01,-0.8660254037844384,-0.5000000000000004,SW_monsoon,0.0,0,None,0.0,0,None,0.0,0,None
Southern|Sanctuary,2022,9,Southern,Sanctuary,0.0,0.0,0.0,0.0,0.0,0.0,0.0,0.0,0.0,0.0,0.0,0.0,0.0,0.0,0.0,0.0,None,0.0,0,2022-09-01,-1.0,-1.8369701987210297e-16,SW_monsoon,0.0,0,None,0.0,0,None,0.0,0,None
Southern|Sanctuary,2022,10,Southern,Sanctuary,0.0,0.0,0.0,0.0,0.0,0.0,0.0,0.0,0.0,0.0,0.0,0.0,0.0,0.0,0.0,0.0,None,0.0,0,2022-10-01,-0.8660254037844386,0.5000000000000001,Inter_OctNov,0.0,0,None,0.0,0,None,0.0,0,None
Southern|Sanctuary,2022,11,Southern,Sanctuary,0.0,0.0,0.0,0.0,0.0,0.0,0.0,0.0,0.0,0.0,0.0,19.0,0.0,0.0,0.0,0.0,Meat/Egg Trade,19.0,1,2022-11-01,-0.5000000000000004,0.8660254037844384,Inter_OctNov,0.0,0,None,0.0,0,None,0.0,0,None
Southern|Sanctuary,2022,12,Southern,Sanctuary,2.0,0.0,0.0,0.0,0.0,0.0,0.0,0.0,0.0,0.0,0.0,0.0,0.0,0.0,0.0,0.0,Animal Death/Injury,2.0,1,2022-12-01,-2.4492935982947064e-16,1.0,NE_monsoon,19.0,1,Meat/Egg Trade,0.0,0,None,0.0,0,None
Southern|Sanctuary,2023,1,Southern,Sanctuary,0.0,0.0,0.0,0.0,0.0,0.0,0.0,0.0,0.0,0.0,0.0,0.0,0.0,0.0,0.0,0.0,None,0.0,0,2023-01-01,0.49999999999999994,0.8660254037844387,NE_monsoon,2.0,1,Animal Death/Injury,19.0,1,Meat/Egg Trade,0.0,0,None
Southern|Sanctuary,2023,2,Southern,Sanctuary,0.0,0.0,0.0,17.0,0.0,0.0,0.0,0.0,0.0,0.0,0.0,0.0,0.0,0.0,0.0,0.0,Domestic Animal Trespass,17.0,1,2023-02-01,0.8660254037844386,0.5000000000000001,NE_monsoon,0.0,0,None,2.0,1,Animal Death/Injury,19.0,1,Meat/Egg Trade
Southern|Sanctuary,2023,3,Southern,Sanctuary,0.0,0.0,0.0,0.0,0.0,0.0,0.0,0.0,0.0,0.0,0.0,0.0,0.0,0.0,0.0,0.0,None,0.0,0,2023-03-01,1.0,6.123233995736766e-17,Inter_MarApr,17.0,1,Domestic Animal Trespass,0.0,0,None,2.0,1,Animal Death/Injury
Southern|Sanctuary,2023,4,Southern,Sanctuary,0.0,0.0,0.0,0.0,0.0,0.0,0.0,0.0,0.0,0.0,0.0,0.0,0.0,5.0,0.0,0.0,Other,5.0,1,2023-04-01,0.8660254037844387,-0.4999999999999998,Inter_MarApr,0.0,0,None,17.0,1,Domestic Animal Trespass,0.0,0,None
Southern|Sanctuary,2023,5,Southern,Sanctuary,0.0,0.0,0.0,0.0,0.0,0.0,0.0,0.0,0.0,0.0,0.0,0.0,0.0,0.0,0.0,0.0,None,0.0,0,2023-05-01,0.49999999999999994,-0.8660254037844387,SW_monsoon,5.0,1,Other,0.0,0,None,17.0,1,Domestic Animal Trespass
Southern|Sanctuary,2023,6,Southern,Sanctuary,0.0,0.0,0.0,0.0,0.0,0.0,0.0,0.0,0.0,0.0,0.0,0.0,0.0,0.0,0.0,0.0,None,0.0,0,2023-06-01,1.2246467991473532e-16,-1.0,SW_monsoon,0.0,0,None,5.0,1,Other,0.0,0,None
Southern|Sanctuary,2023,7,Southern,Sanctuary,0.0,0.0,0.0,0.0,0.0,0.0,0.0,0.0,0.0,0.0,0.0,0.0,0.0,0.0,0.0,0.0,None,0.0,0,2023-07-01,-0.4999999999999997,-0.8660254037844388,SW_monsoon,0.0,0,None,0.0,0,None,5.0,1,Other
Southern|Sanctuary,2023,8,Southern,Sanctuary,0.0,0.0,0.0,0.0,0.0,0.0,0.0,0.0,0.0,0.0,0.0,0.0,0.0,0.0,0.0,0.0,None,0.0,0,2023-08-01,-0.8660254037844384,-0.5000000000000004,SW_monsoon,0.0,0,None,0.0,0,None,0.0,0,None
Southern|Sanctuary,2023,9,Southern,Sanctuary,0.0,0.0,0.0,0.0,0.0,0.0,0.0,0.0,0.0,0.0,0.0,0.0,0.0,0.0,0.0,0.0,None,0.0,0,2023-09-01,-1.0,-1.8369701987210297e-16,SW_monsoon,0.0,0,None,0.0,0,None,0.0,0,None
Southern|Sanctuary,2023,10,Southern,Sanctuary,0.0,0.0,0.0,0.0,0.0,0.0,0.0,0.0,0.0,0.0,0.0,0.0,0.0,0.0,0.0,0.0,None,0.0,0,2023-10-01,-0.8660254037844386,0.5000000000000001,Inter_OctNov,0.0,0,None,0.0,0,None,0.0,0,None
Southern|Sanctuary,2023,11,Southern,Sanctuary,0.0,0.0,0.0,0.0,0.0,0.0,0.0,0.0,0.0,0.0,0.0,0.0,0.0,0.0,0.0,0.0,None,0.0,0,2023-11-01,-0.5000000000000004,0.8660254037844384,Inter_OctNov,0.0,0,None,0.0,0,None,0.0,0,None
Southern|Sanctuary,2023,12,Southern,Sanctuary,0.0,0.0,0.0,0.0,0.0,0.0,0.0,0.0,0.0,0.0,0.0,0.0,0.0,0.0,0.0,0.0,None,0.0,0,2023-12-01,-2.4492935982947064e-16,1.0,NE_monsoon,0.0,0,None,0.0,0,None,0.0,0,None
Southern|Sanctuary,2024,1,Southern,Sanctuary,0.0,0.0,0.0,0.0,0.0,0.0,0.0,0.0,0.0,0.0,0.0,0.0,0.0,0.0,0.0,0.0,None,0.0,0,2024-01-01,0.49999999999999994,0.8660254037844387,NE_monsoon,0.0,0,None,0.0,0,None,0.0,0,None
Southern|Sanctuary,2024,2,Southern,Sanctuary,0.0,0.0,0.0,0.0,0.0,0.0,0.0,0.0,0.0,0.0,0.0,0.0,0.0,0.0,0.0,0.0,None,0.0,0,2024-02-01,0.8660254037844386,0.5000000000000001,NE_monsoon,0.0,0,None,0.0,0,None,0.0,0,None
Southern|Sanctuary,2024,3,Southern,Sanctuary,0.0,0.0,0.0,0.0,0.0,0.0,0.0,0.0,0.0,0.0,0.0,0.0,0.0,0.0,0.0,0.0,None,0.0,0,2024-03-01,1.0,6.123233995736766e-17,Inter_MarApr,0.0,0,None,0.0,0,None,0.0,0,None
Southern|Sanctuary,2024,4,Southern,Sanctuary,0.0,0.0,0.0,0.0,0.0,6.0,0.0,0.0,0.0,0.0,0.0,0.0,0.0,0.0,0.0,3.0,Encroachment/Land,9.0,1,2024-04-01,0.8660254037844387,-0.4999999999999998,Inter_MarApr,0.0,0,None,0.0,0,None,0.0,0,None
Southern|Sanctuary,2024,5,Southern,Sanctuary,0.0,0.0,0.0,0.0,0.0,0.0,0.0,0.0,0.0,0.0,0.0,0.0,0.0,0.0,0.0,0.0,None,0.0,0,2024-05-01,0.49999999999999994,-0.8660254037844387,SW_monsoon,9.0,1,Encroachment/Land,0.0,0,None,0.0,0,None
Southern|Sanctuary,2024,6,Southern,Sanctuary,0.0,0.0,0.0,0.0,0.0,0.0,0.0,0.0,0.0,0.0,0.0,0.0,0.0,0.0,0.0,0.0,None,0.0,0,2024-06-01,1.2246467991473532e-16,-1.0,SW_monsoon,0.0,0,None,9.0,1,Encroachment/Land,0.0,0,None
Southern|Sanctuary,2024,7,Southern,Sanctuary,0.0,0.0,0.0,0.0,0.0,0.0,0.0,0.0,0.0,0.0,0.0,0.0,0.0,0.0,0.0,0.0,None,0.0,0,2024-07-01,-0.4999999999999997,-0.8660254037844388,SW_monsoon,0.0,0,None,0.0,0,None,9.0,1,Encroachment/Land
Southern|Sanctuary,2024,8,Southern,Sanctuary,0.0,0.0,0.0,0.0,0.0,0.0,0.0,0.0,0.0,0.0,0.0,0.0,0.0,0.0,0.0,0.0,None,0.0,0,2024-08-01,-0.8660254037844384,-0.5000000000000004,SW_monsoon,0.0,0,None,0.0,0,None,0.0,0,None
Southern|Sanctuary,2024,9,Southern,Sanctuary,0.0,0.0,0.0,0.0,0.0,0.0,0.0,0.0,0.0,0.0,0.0,0.0,0.0,0.0,0.0,0.0,None,0.0,0,2024-09-01,-1.0,-1.8369701987210297e-16,SW_monsoon,0.0,0,None,0.0,0,None,0.0,0,None
Southern|Sanctuary,2024,10,Southern,Sanctuary,0.0,0.0,0.0,0.0,0.0,0.0,0.0,0.0,0.0,0.0,0.0,0.0,0.0,0.0,0.0,0.0,None,0.0,0,2024-10-01,-0.8660254037844386,0.5000000000000001,Inter_OctNov,0.0,0,None,0.0,0,None,0.0,0,None
Southern|Sanctuary,2024,11,Southern,Sanctuary,0.0,0.0,0.0,0.0,0.0,0.0,0.0,0.0,0.0,0.0,0.0,0.0,0.0,0.0,0.0,0.0,None,0.0,0,2024-11-01,-0.5000000000000004,0.8660254037844384,Inter_OctNov,0.0,0,None,0.0,0,None,0.0,0,None
Southern|Sanctuary,2024,12,Southern,Sanctuary,0.0,0.0,0.0,0.0,0.0,0.0,0.0,0.0,0.0,0.0,0.0,0.0,0.0,0.0,0.0,0.0,None,0.0,0,2024-12-01,-2.4492935982947064e-16,1.0,NE_monsoon,0.0,0,None,0.0,0,None,0.0,0,None
Southern|Sand/Mineral/Any Mining,2022,1,Southern,Sand/Mineral/Any Mining,0.0,0.0,0.0,0.0,0.0,0.0,0.0,0.0,0.0,0.0,0.0,0.0,0.0,0.0,0.0,0.0,None,0.0,0,2022-01-01,0.49999999999999994,0.8660254037844387,NE_monsoon,0.0,0,None,0.0,0,None,0.0,0,None
Southern|Sand/Mineral/Any Mining,2022,2,Southern,Sand/Mineral/Any Mining,0.0,0.0,0.0,0.0,0.0,0.0,0.0,0.0,0.0,0.0,0.0,0.0,0.0,0.0,0.0,0.0,None,0.0,0,2022-02-01,0.8660254037844386,0.5000000000000001,NE_monsoon,0.0,0,None,0.0,0,None,0.0,0,None
Southern|Sand/Mineral/Any Mining,2022,3,Southern,Sand/Mineral/Any Mining,0.0,0.0,0.0,0.0,0.0,0.0,0.0,0.0,0.0,0.0,0.0,0.0,0.0,0.0,0.0,0.0,None,0.0,0,2022-03-01,1.0,6.123233995736766e-17,Inter_MarApr,0.0,0,None,0.0,0,None,0.0,0,None
Southern|Sand/Mineral/Any Mining,2022,4,Southern,Sand/Mineral/Any Mining,0.0,0.0,0.0,0.0,0.0,0.0,0.0,0.0,0.0,0.0,0.0,0.0,0.0,0.0,0.0,0.0,None,0.0,0,2022-04-01,0.8660254037844387,-0.4999999999999998,Inter_MarApr,0.0,0,None,0.0,0,None,0.0,0,None
Southern|Sand/Mineral/Any Mining,2022,5,Southern,Sand/Mineral/Any Mining,0.0,0.0,0.0,0.0,0.0,0.0,0.0,0.0,0.0,0.0,0.0,0.0,0.0,0.0,0.0,0.0,None,0.0,0,2022-05-01,0.49999999999999994,-0.8660254037844387,SW_monsoon,0.0,0,None,0.0,0,None,0.0,0,None
Southern|Sand/Mineral/Any Mining,2022,6,Southern,Sand/Mineral/Any Mining,0.0,0.0,0.0,0.0,0.0,0.0,0.0,0.0,0.0,0.0,0.0,0.0,0.0,0.0,0.0,0.0,None,0.0,0,2022-06-01,1.2246467991473532e-16,-1.0,SW_monsoon,0.0,0,None,0.0,0,None,0.0,0,None
Southern|Sand/Mineral/Any Mining,2022,7,Southern,Sand/Mineral/Any Mining,0.0,0.0,0.0,0.0,0.0,0.0,0.0,0.0,0.0,0.0,0.0,0.0,0.0,0.0,0.0,0.0,None,0.0,0,2022-07-01,-0.4999999999999997,-0.8660254037844388,SW_monsoon,0.0,0,None,0.0,0,None,0.0,0,None
Southern|Sand/Mineral/Any Mining,2022,8,Southern,Sand/Mineral/Any Mining,0.0,0.0,0.0,0.0,0.0,0.0,0.0,0.0,0.0,0.0,0.0,0.0,0.0,0.0,0.0,0.0,None,0.0,0,2022-08-01,-0.8660254037844384,-0.5000000000000004,SW_monsoon,0.0,0,None,0.0,0,None,0.0,0,None
Southern|Sand/Mineral/Any Mining,2022,9,Southern,Sand/Mineral/Any Mining,0.0,0.0,0.0,0.0,0.0,0.0,0.0,0.0,0.0,0.0,0.0,0.0,0.0,0.0,0.0,0.0,None,0.0,0,2022-09-01,-1.0,-1.8369701987210297e-16,SW_monsoon,0.0,0,None,0.0,0,None,0.0,0,None
Southern|Sand/Mineral/Any Mining,2022,10,Southern,Sand/Mineral/Any Mining,0.0,0.0,0.0,0.0,0.0,0.0,0.0,0.0,0.0,0.0,0.0,0.0,0.0,0.0,0.0,0.0,None,0.0,0,2022-10-01,-0.8660254037844386,0.5000000000000001,Inter_OctNov,0.0,0,None,0.0,0,None,0.0,0,None
Southern|Sand/Mineral/Any Mining,2022,11,Southern,Sand/Mineral/Any Mining,0.0,0.0,0.0,0.0,0.0,0.0,0.0,0.0,0.0,0.0,0.0,0.0,0.0,0.0,0.0,0.0,None,0.0,0,2022-11-01,-0.5000000000000004,0.8660254037844384,Inter_OctNov,0.0,0,None,0.0,0,None,0.0,0,None
Southern|Sand/Mineral/Any Mining,2022,12,Southern,Sand/Mineral/Any Mining,0.0,0.0,0.0,0.0,0.0,0.0,0.0,0.0,0.0,0.0,0.0,0.0,0.0,0.0,0.0,0.0,None,0.0,0,2022-12-01,-2.4492935982947064e-16,1.0,NE_monsoon,0.0,0,None,0.0,0,None,0.0,0,None
Southern|Sand/Mineral/Any Mining,2023,1,Southern,Sand/Mineral/Any Mining,0.0,0.0,0.0,0.0,0.0,0.0,0.0,0.0,0.0,0.0,0.0,0.0,0.0,0.0,0.0,0.0,None,0.0,0,2023-01-01,0.49999999999999994,0.8660254037844387,NE_monsoon,0.0,0,None,0.0,0,None,0.0,0,None
Southern|Sand/Mineral/Any Mining,2023,2,Southern,Sand/Mineral/Any Mining,0.0,0.0,0.0,0.0,0.0,0.0,0.0,0.0,0.0,0.0,0.0,0.0,0.0,0.0,0.0,0.0,None,0.0,0,2023-02-01,0.8660254037844386,0.5000000000000001,NE_monsoon,0.0,0,None,0.0,0,None,0.0,0,None
Southern|Sand/Mineral/Any Mining,2023,3,Southern,Sand/Mineral/Any Mining,0.0,0.0,0.0,0.0,0.0,0.0,0.0,0.0,0.0,0.0,0.0,0.0,0.0,0.0,0.0,0.0,None,0.0,0,2023-03-01,1.0,6.123233995736766e-17,Inter_MarApr,0.0,0,None,0.0,0,None,0.0,0,None
Southern|Sand/Mineral/Any Mining,2023,4,Southern,Sand/Mineral/Any Mining,0.0,0.0,0.0,0.0,0.0,0.0,0.0,0.0,0.0,0.0,0.0,0.0,0.0,0.0,0.0,0.0,None,0.0,0,2023-04-01,0.8660254037844387,-0.4999999999999998,Inter_MarApr,0.0,0,None,0.0,0,None,0.0,0,None
Southern|Sand/Mineral/Any Mining,2023,5,Southern,Sand/Mineral/Any Mining,0.0,0.0,0.0,0.0,0.0,0.0,0.0,0.0,0.0,0.0,0.0,0.0,0.0,6.0,0.0,0.0,Other,6.0,1,2023-05-01,0.49999999999999994,-0.8660254037844387,SW_monsoon,0.0,0,None,0.0,0,None,0.0,0,None
Southern|Sand/Mineral/Any Mining,2023,6,Southern,Sand/Mineral/Any Mining,0.0,0.0,0.0,0.0,0.0,0.0,0.0,0.0,0.0,0.0,0.0,0.0,0.0,0.0,0.0,0.0,None,0.0,0,2023-06-01,1.2246467991473532e-16,-1.0,SW_monsoon,6.0,1,Other,0.0,0,None,0.0,0,None
Southern|Sand/Mineral/Any Mining,2023,7,Southern,Sand/Mineral/Any Mining,0.0,0.0,0.0,0.0,0.0,0.0,0.0,0.0,0.0,0.0,0.0,0.0,0.0,14.0,0.0,0.0,Other,14.0,1,2023-07-01,-0.4999999999999997,-0.8660254037844388,SW_monsoon,0.0,0,None,6.0,1,Other,0.0,0,None
Southern|Sand/Mineral/Any Mining,2023,8,Southern,Sand/Mineral/Any Mining,0.0,0.0,0.0,0.0,0.0,0.0,0.0,0.0,0.0,0.0,0.0,0.0,0.0,0.0,0.0,0.0,None,0.0,0,2023-08-01,-0.8660254037844384,-0.5000000000000004,SW_monsoon,14.0,1,Other,0.0,0,None,6.0,1,Other
Southern|Sand/Mineral/Any Mining,2023,9,Southern,Sand/Mineral/Any Mining,0.0,0.0,0.0,0.0,0.0,0.0,0.0,0.0,0.0,0.0,0.0,0.0,0.0,0.0,0.0,0.0,None,0.0,0,2023-09-01,-1.0,-1.8369701987210297e-16,SW_monsoon,0.0,0,None,14.0,1,Other,0.0,0,None
Southern|Sand/Mineral/Any Mining,2023,10,Southern,Sand/Mineral/Any Mining,0.0,0.0,0.0,0.0,0.0,0.0,0.0,0.0,0.0,0.0,0.0,0.0,0.0,0.0,0.0,0.0,None,0.0,0,2023-10-01,-0.8660254037844386,0.5000000000000001,Inter_OctNov,0.0,0,None,0.0,0,None,14.0,1,Other
Southern|Sand/Mineral/Any Mining,2023,11,Southern,Sand/Mineral/Any Mining,0.0,0.0,0.0,0.0,0.0,0.0,0.0,0.0,0.0,0.0,0.0,0.0,0.0,0.0,0.0,0.0,None,0.0,0,2023-11-01,-0.5000000000000004,0.8660254037844384,Inter_OctNov,0.0,0,None,0.0,0,None,0.0,0,None
Southern|Sand/Mineral/Any Mining,2023,12,Southern,Sand/Mineral/Any Mining,0.0,0.0,0.0,0.0,0.0,0.0,0.0,0.0,0.0,0.0,0.0,0.0,0.0,0.0,0.0,0.0,None,0.0,0,2023-12-01,-2.4492935982947064e-16,1.0,NE_monsoon,0.0,0,None,0.0,0,None,0.0,0,None
Southern|Sand/Mineral/Any Mining,2024,1,Southern,Sand/Mineral/Any Mining,0.0,0.0,0.0,0.0,0.0,0.0,0.0,0.0,0.0,0.0,0.0,0.0,0.0,0.0,0.0,0.0,None,0.0,0,2024-01-01,0.49999999999999994,0.8660254037844387,NE_monsoon,0.0,0,None,0.0,0,None,0.0,0,None
Southern|Sand/Mineral/Any Mining,2024,2,Southern,Sand/Mineral/Any Mining,0.0,0.0,0.0,0.0,0.0,0.0,0.0,0.0,0.0,0.0,0.0,0.0,0.0,0.0,0.0,0.0,None,0.0,0,2024-02-01,0.8660254037844386,0.5000000000000001,NE_monsoon,0.0,0,None,0.0,0,None,0.0,0,None
Southern|Sand/Mineral/Any Mining,2024,3,Southern,Sand/Mineral/Any Mining,0.0,0.0,0.0,0.0,0.0,0.0,0.0,0.0,0.0,0.0,0.0,0.0,0.0,0.0,0.0,0.0,None,0.0,0,2024-03-01,1.0,6.123233995736766e-17,Inter_MarApr,0.0,0,None,0.0,0,None,0.0,0,None
Southern|Sand/Mineral/Any Mining,2024,4,Southern,Sand/Mineral/Any Mining,0.0,0.0,0.0,0.0,0.0,0.0,0.0,0.0,0.0,0.0,0.0,0.0,0.0,0.0,0.0,0.0,None,0.0,0,2024-04-01,0.8660254037844387,-0.4999999999999998,Inter_MarApr,0.0,0,None,0.0,0,None,0.0,0,None
Southern|Sand/Mineral/Any Mining,2024,5,Southern,Sand/Mineral/Any Mining,0.0,0.0,0.0,0.0,0.0,0.0,0.0,0.0,0.0,0.0,0.0,0.0,0.0,0.0,0.0,0.0,None,0.0,0,2024-05-01,0.49999999999999994,-0.8660254037844387,SW_monsoon,0.0,0,None,0.0,0,None,0.0,0,None
Southern|Sand/Mineral/Any Mining,2024,6,Southern,Sand/Mineral/Any Mining,0.0,0.0,0.0,0.0,0.0,0.0,0.0,0.0,0.0,0.0,0.0,0.0,0.0,0.0,0.0,0.0,None,0.0,0,2024-06-01,1.2246467991473532e-16,-1.0,SW_monsoon,0.0,0,None,0.0,0,None,0.0,0,None
Southern|Sand/Mineral/Any Mining,2024,7,Southern,Sand/Mineral/Any Mining,0.0,0.0,0.0,0.0,0.0,0.0,0.0,0.0,0.0,0.0,0.0,0.0,0.0,0.0,0.0,0.0,None,0.0,0,2024-07-01,-0.4999999999999997,-0.8660254037844388,SW_monsoon,0.0,0,None,0.0,0,None,0.0,0,None
Southern|Sand/Mineral/Any Mining,2024,8,Southern,Sand/Mineral/Any Mining,0.0,0.0,0.0,0.0,0.0,0.0,0.0,0.0,0.0,0.0,0.0,0.0,0.0,0.0,0.0,0.0,None,0.0,0,2024-08-01,-0.8660254037844384,-0.5000000000000004,SW_monsoon,0.0,0,None,0.0,0,None,0.0,0,None
Southern|Sand/Mineral/Any Mining,2024,9,Southern,Sand/Mineral/Any Mining,0.0,0.0,0.0,0.0,0.0,0.0,0.0,0.0,0.0,0.0,0.0,0.0,0.0,0.0,0.0,0.0,None,0.0,0,2024-09-01,-1.0,-1.8369701987210297e-16,SW_monsoon,0.0,0,None,0.0,0,None,0.0,0,None
Southern|Sand/Mineral/Any Mining,2024,10,Southern,Sand/Mineral/Any Mining,0.0,0.0,0.0,0.0,0.0,0.0,0.0,0.0,0.0,0.0,0.0,0.0,0.0,0.0,0.0,0.0,None,0.0,0,2024-10-01,-0.8660254037844386,0.5000000000000001,Inter_OctNov,0.0,0,None,0.0,0,None,0.0,0,None
Southern|Sand/Mineral/Any Mining,2024,11,Southern,Sand/Mineral/Any Mining,0.0,0.0,0.0,0.0,0.0,0.0,0.0,0.0,0.0,0.0,0.0,0.0,0.0,0.0,0.0,0.0,None,0.0,0,2024-11-01,-0.5000000000000004,0.8660254037844384,Inter_OctNov,0.0,0,None,0.0,0,None,0.0,0,None
Southern|Sand/Mineral/Any Mining,2024,12,Southern,Sand/Mineral/Any Mining,0.0,0.0,0.0,0.0,0.0,0.0,0.0,0.0,0.0,0.0,0.0,0.0,0.0,0.0,0.0,0.0,None,0.0,0,2024-12-01,-2.4492935982947064e-16,1.0,NE_monsoon,0.0,0,None,0.0,0,None,0.0,0,None
Southern|Udawalawa NP,2022,1,Southern,Udawalawa NP,0.0,0.0,0.0,0.0,0.0,0.0,0.0,0.0,0.0,0.0,0.0,0.0,0.0,0.0,0.0,0.0,None,0.0,0,2022-01-01,0.49999999999999994,0.8660254037844387,NE_monsoon,0.0,0,None,0.0,0,None,0.0,0,None
Southern|Udawalawa NP,2022,2,Southern,Udawalawa NP,0.0,0.0,0.0,0.0,0.0,0.0,0.0,0.0,0.0,0.0,0.0,0.0,0.0,0.0,0.0,0.0,None,0.0,0,2022-02-01,0.8660254037844386,0.5000000000000001,NE_monsoon,0.0,0,None,0.0,0,None,0.0,0,None
Southern|Udawalawa NP,2022,3,Southern,Udawalawa NP,0.0,0.0,0.0,0.0,0.0,0.0,0.0,0.0,0.0,0.0,0.0,0.0,0.0,0.0,0.0,0.0,None,0.0,0,2022-03-01,1.0,6.123233995736766e-17,Inter_MarApr,0.0,0,None,0.0,0,None,0.0,0,None
Southern|Udawalawa NP,2022,4,Southern,Udawalawa NP,0.0,0.0,0.0,0.0,0.0,0.0,0.0,0.0,0.0,0.0,0.0,0.0,0.0,0.0,0.0,0.0,None,0.0,0,2022-04-01,0.8660254037844387,-0.4999999999999998,Inter_MarApr,0.0,0,None,0.0,0,None,0.0,0,None
Southern|Udawalawa NP,2022,5,Southern,Udawalawa NP,0.0,0.0,0.0,0.0,0.0,0.0,0.0,0.0,0.0,0.0,0.0,0.0,0.0,0.0,0.0,0.0,None,0.0,0,2022-05-01,0.49999999999999994,-0.8660254037844387,SW_monsoon,0.0,0,None,0.0,0,None,0.0,0,None
Southern|Udawalawa NP,2022,6,Southern,Udawalawa NP,0.0,0.0,0.0,0.0,0.0,0.0,0.0,0.0,0.0,0.0,0.0,0.0,0.0,0.0,0.0,0.0,None,0.0,0,2022-06-01,1.2246467991473532e-16,-1.0,SW_monsoon,0.0,0,None,0.0,0,None,0.0,0,None
Southern|Udawalawa NP,2022,7,Southern,Udawalawa NP,0.0,0.0,0.0,0.0,0.0,0.0,0.0,0.0,0.0,0.0,0.0,0.0,0.0,0.0,0.0,0.0,None,0.0,0,2022-07-01,-0.4999999999999997,-0.8660254037844388,SW_monsoon,0.0,0,None,0.0,0,None,0.0,0,None
Southern|Udawalawa NP,2022,8,Southern,Udawalawa NP,0.0,0.0,0.0,0.0,0.0,0.0,0.0,0.0,0.0,0.0,0.0,0.0,0.0,0.0,0.0,0.0,None,0.0,0,2022-08-01,-0.8660254037844384,-0.5000000000000004,SW_monsoon,0.0,0,None,0.0,0,None,0.0,0,None
Southern|Udawalawa NP,2022,9,Southern,Udawalawa NP,0.0,0.0,0.0,0.0,0.0,0.0,0.0,0.0,0.0,0.0,0.0,0.0,0.0,0.0,0.0,0.0,None,0.0,0,2022-09-01,-1.0,-1.8369701987210297e-16,SW_monsoon,0.0,0,None,0.0,0,None,0.0,0,None
Southern|Udawalawa NP,2022,10,Southern,Udawalawa NP,0.0,0.0,0.0,0.0,0.0,0.0,0.0,0.0,0.0,0.0,0.0,0.0,0.0,0.0,0.0,0.0,None,0.0,0,2022-10-01,-0.8660254037844386,0.5000000000000001,Inter_OctNov,0.0,0,None,0.0,0,None,0.0,0,None
Southern|Udawalawa NP,2022,11,Southern,Udawalawa NP,0.0,0.0,0.0,0.0,0.0,0.0,0.0,0.0,0.0,0.0,0.0,5.0,0.0,0.0,0.0,0.0,Meat/Egg Trade,5.0,1,2022-11-01,-0.5000000000000004,0.8660254037844384,Inter_OctNov,0.0,0,None,0.0,0,None,0.0,0,None
Southern|Udawalawa NP,2022,12,Southern,Udawalawa NP,0.0,0.0,0.0,0.0,1.0,0.0,0.0,0.0,0.0,0.0,0.0,0.0,0.0,0.0,0.0,0.0,Drugs/Alcohol,1.0,1,2022-12-01,-2.4492935982947064e-16,1.0,NE_monsoon,5.0,1,Meat/Egg Trade,0.0,0,None,0.0,0,None
Southern|Udawalawa NP,2023,1,Southern,Udawalawa NP,0.0,0.0,0.0,0.0,0.0,0.0,0.0,0.0,0.0,0.0,0.0,18.0,0.0,0.0,0.0,24.0,Weapons/Traps,42.0,1,2023-01-01,0.49999999999999994,0.8660254037844387,NE_monsoon,1.0,1,Drugs/Alcohol,5.0,1,Meat/Egg Trade,0.0,0,None
Southern|Udawalawa NP,2023,2,Southern,Udawalawa NP,0.0,0.0,0.0,0.0,0.0,0.0,0.0,0.0,0.0,0.0,0.0,0.0,0.0,0.0,0.0,0.0,None,0.0,0,2023-02-01,0.8660254037844386,0.5000000000000001,NE_monsoon,42.0,1,Weapons/Traps,1.0,1,Drugs/Alcohol,5.0,1,Meat/Egg Trade
Southern|Udawalawa NP,2023,3,Southern,Udawalawa NP,0.0,0.0,0.0,0.0,0.0,0.0,0.0,0.0,0.0,0.0,0.0,0.0,0.0,0.0,0.0,0.0,None,0.0,0,2023-03-01,1.0,6.123233995736766e-17,Inter_MarApr,0.0,0,None,42.0,1,Weapons/Traps,1.0,1,Drugs/Alcohol
Southern|Udawalawa NP,2023,4,Southern,Udawalawa NP,0.0,0.0,0.0,0.0,0.0,0.0,0.0,7.0,0.0,0.0,0.0,0.0,0.0,0.0,0.0,0.0,Hunting/Killing,7.0,1,2023-04-01,0.8660254037844387,-0.4999999999999998,Inter_MarApr,0.0,0,None,0.0,0,None,42.0,1,Weapons/Traps
Southern|Udawalawa NP,2023,5,Southern,Udawalawa NP,0.0,0.0,0.0,0.0,0.0,0.0,0.0,0.0,0.0,0.0,0.0,12.0,0.0,0.0,0.0,0.0,Meat/Egg Trade,12.0,1,2023-05-01,0.49999999999999994,-0.8660254037844387,SW_monsoon,7.0,1,Hunting/Killing,0.0,0,None,0.0,0,None
Southern|Udawalawa NP,2023,6,Southern,Udawalawa NP,3.0,0.0,0.0,0.0,0.0,0.0,0.0,0.0,0.0,0.0,0.0,0.0,0.0,0.0,0.0,0.0,Animal Death/Injury,3.0,1,2023-06-01,1.2246467991473532e-16,-1.0,SW_monsoon,12.0,1,Meat/Egg Trade,7.0,1,Hunting/Killing,0.0,0,None
Southern|Udawalawa NP,2023,7,Southern,Udawalawa NP,0.0,0.0,0.0,0.0,0.0,0.0,0.0,0.0,0.0,0.0,0.0,0.0,0.0,0.0,0.0,0.0,None,0.0,0,2023-07-01,-0.4999999999999997,-0.8660254037844388,SW_monsoon,3.0,1,Animal Death/Injury,12.0,1,Meat/Egg Trade,7.0,1,Hunting/Killing
Southern|Udawalawa NP,2023,8,Southern,Udawalawa NP,0.0,0.0,0.0,0.0,0.0,0.0,0.0,0.0,12.0,0.0,0.0,1.0,0.0,0.0,0.0,0.0,Illegal Entry,13.0,1,2023-08-01,-0.8660254037844384,-0.5000000000000004,SW_monsoon,0.0,0,None,3.0,1,Animal Death/Injury,12.0,1,Meat/Egg Trade
Southern|Udawalawa NP,2023,9,Southern,Udawalawa NP,0.0,0.0,0.0,0.0,0.0,0.0,0.0,0.0,0.0,0.0,0.0,9.0,0.0,0.0,0.0,3.0,Meat/Egg Trade,12.0,1,2023-09-01,-1.0,-1.8369701987210297e-16,SW_monsoon,13.0,1,Illegal Entry,0.0,0,None,3.0,1,Animal Death/Injury
Southern|Udawalawa NP,2023,10,Southern,Udawalawa NP,0.0,0.0,0.0,0.0,0.0,0.0,0.0,0.0,0.0,0.0,0.0,0.0,0.0,0.0,0.0,0.0,None,0.0,0,2023-10-01,-0.8660254037844386,0.5000000000000001,Inter_OctNov,12.0,1,Meat/Egg Trade,13.0,1,Illegal Entry,0.0,0,None
Southern|Udawalawa NP,2023,11,Southern,Udawalawa NP,0.0,0.0,0.0,0.0,0.0,0.0,0.0,0.0,0.0,0.0,0.0,0.0,0.0,0.0,0.0,3.0,Weapons/Traps,3.0,1,2023-11-01,-0.5000000000000004,0.8660254037844384,Inter_OctNov,0.0,0,None,12.0,1,Meat/Egg Trade,13.0,1,Illegal Entry
Southern|Udawalawa NP,2023,12,Southern,Udawalawa NP,0.0,0.0,1.0,0.0,0.0,0.0,0.0,0.0,2.0,0.0,0.0,0.0,0.0,0.0,0.0,0.0,Illegal Entry,3.0,1,2023-12-01,-2.4492935982947064e-16,1.0,NE_monsoon,3.0,1,Weapons/Traps,0.0,0,None,12.0,1,Meat/Egg Trade
Southern|Udawalawa NP,2024,1,Southern,Udawalawa NP,0.0,0.0,0.0,0.0,0.0,0.0,0.0,0.0,0.0,0.0,0.0,13.0,0.0,0.0,0.0,0.0,Meat/Egg Trade,13.0,1,2024-01-01,0.49999999999999994,0.8660254037844387,NE_monsoon,3.0,1,Illegal Entry,3.0,1,Weapons/Traps,0.0,0,None
Southern|Udawalawa NP,2024,2,Southern,Udawalawa NP,0.0,0.0,0.0,0.0,11.0,0.0,0.0,0.0,0.0,0.0,0.0,0.0,0.0,0.0,0.0,3.0,Drugs/Alcohol,14.0,1,2024-02-01,0.8660254037844386,0.5000000000000001,NE_monsoon,13.0,1,Meat/Egg Trade,3.0,1,Illegal Entry,3.0,1,Weapons/Traps
Southern|Udawalawa NP,2024,3,Southern,Udawalawa NP,0.0,0.0,0.0,0.0,0.0,0.0,0.0,0.0,0.0,0.0,0.0,0.0,0.0,0.0,0.0,15.0,Weapons/Traps,15.0,1,2024-03-01,1.0,6.123233995736766e-17,Inter_MarApr,14.0,1,Drugs/Alcohol,13.0,1,Meat/Egg Trade,3.0,1,Illegal Entry
Southern|Udawalawa NP,2024,4,Southern,Udawalawa NP,0.0,0.0,0.0,0.0,10.0,33.0,0.0,0.0,0.0,0.0,0.0,0.0,0.0,3.0,0.0,7.0,Encroachment/Land,53.0,1,2024-04-01,0.8660254037844387,-0.4999999999999998,Inter_MarApr,15.0,1,Weapons/Traps,14.0,1,Drugs/Alcohol,13.0,1,Meat/Egg Trade
Southern|Udawalawa NP,2024,5,Southern,Udawalawa NP,0.0,0.0,0.0,0.0,0.0,0.0,0.0,0.0,0.0,0.0,0.0,0.0,0.0,0.0,0.0,0.0,None,0.0,0,2024-05-01,0.49999999999999994,-0.8660254037844387,SW_monsoon,53.0,1,Encroachment/Land,15.0,1,Weapons/Traps,14.0,1,Drugs/Alcohol
Southern|Udawalawa NP,2024,6,Southern,Udawalawa NP,0.0,0.0,0.0,0.0,0.0,0.0,0.0,0.0,0.0,0.0,0.0,0.0,0.0,0.0,0.0,0.0,None,0.0,0,2024-06-01,1.2246467991473532e-16,-1.0,SW_monsoon,0.0,0,None,53.0,1,Encroachment/Land,15.0,1,Weapons/Traps
Southern|Udawalawa NP,2024,7,Southern,Udawalawa NP,0.0,0.0,0.0,0.0,0.0,0.0,0.0,0.0,0.0,0.0,0.0,0.0,0.0,0.0,0.0,23.0,Weapons/Traps,23.0,1,2024-07-01,-0.4999999999999997,-0.8660254037844388,SW_monsoon,0.0,0,None,0.0,0,None,53.0,1,Encroachment/Land
Southern|Udawalawa NP,2024,8,Southern,Udawalawa NP,0.0,0.0,0.0,0.0,0.0,0.0,0.0,0.0,0.0,0.0,0.0,0.0,0.0,0.0,0.0,0.0,None,0.0,0,2024-08-01,-0.8660254037844384,-0.5000000000000004,SW_monsoon,23.0,1,Weapons/Traps,0.0,0,None,0.0,0,None
Southern|Udawalawa NP,2024,9,Southern,Udawalawa NP,0.0,0.0,0.0,0.0,0.0,0.0,0.0,0.0,0.0,0.0,0.0,0.0,0.0,0.0,0.0,0.0,None,0.0,0,2024-09-01,-1.0,-1.8369701987210297e-16,SW_monsoon,0.0,0,None,23.0,1,Weapons/Traps,0.0,0,None
Southern|Udawalawa NP,2024,10,Southern,Udawalawa NP,0.0,0.0,0.0,0.0,0.0,0.0,0.0,0.0,0.0,0.0,0.0,0.0,0.0,0.0,0.0,0.0,None,0.0,0,2024-10-01,-0.8660254037844386,0.5000000000000001,Inter_OctNov,0.0,0,None,0.0,0,None,23.0,1,Weapons/Traps
Southern|Udawalawa NP,2024,11,Southern,Udawalawa NP,0.0,0.0,0.0,0.0,0.0,0.0,0.0,0.0,0.0,0.0,0.0,0.0,0.0,0.0,0.0,0.0,None,0.0,0,2024-11-01,-0.5000000000000004,0.8660254037844384,Inter_OctNov,0.0,0,None,0.0,0,None,0.0,0,None
Southern|Udawalawa NP,2024,12,Southern,Udawalawa NP,0.0,0.0,0.0,0.0,0.0,0.0,0.0,0.0,0.0,0.0,0.0,18.0,0.0,0.0,0.0,0.0,Meat/Egg Trade,18.0,1,2024-12-01,-2.4492935982947064e-16,1.0,NE_monsoon,0.0,0,None,0.0,0,None,0.0,0,None
Southern|Unknown,2022,1,Southern,Unknown,0.0,0.0,0.0,0.0,0.0,0.0,0.0,0.0,0.0,0.0,0.0,0.0,0.0,0.0,0.0,0.0,None,0.0,0,2022-01-01,0.49999999999999994,0.8660254037844387,NE_monsoon,0.0,0,None,0.0,0,None,0.0,0,None
Southern|Unknown,2022,2,Southern,Unknown,0.0,0.0,0.0,0.0,0.0,0.0,0.0,0.0,0.0,0.0,0.0,0.0,0.0,0.0,0.0,0.0,None,0.0,0,2022-02-01,0.8660254037844386,0.5000000000000001,NE_monsoon,0.0,0,None,0.0,0,None,0.0,0,None
Southern|Unknown,2022,3,Southern,Unknown,0.0,0.0,0.0,0.0,0.0,0.0,0.0,0.0,0.0,0.0,0.0,0.0,0.0,0.0,0.0,0.0,None,0.0,0,2022-03-01,1.0,6.123233995736766e-17,Inter_MarApr,0.0,0,None,0.0,0,None,0.0,0,None
Southern|Unknown,2022,4,Southern,Unknown,0.0,0.0,0.0,0.0,0.0,0.0,0.0,0.0,0.0,0.0,0.0,0.0,0.0,63.0,0.0,0.0,Other,63.0,1,2022-04-01,0.8660254037844387,-0.4999999999999998,Inter_MarApr,0.0,0,None,0.0,0,None,0.0,0,None
Southern|Unknown,2022,5,Southern,Unknown,0.0,0.0,0.0,0.0,0.0,0.0,0.0,0.0,0.0,0.0,0.0,0.0,0.0,46.0,0.0,0.0,Other,46.0,1,2022-05-01,0.49999999999999994,-0.8660254037844387,SW_monsoon,63.0,1,Other,0.0,0,None,0.0,0,None
Southern|Unknown,2022,6,Southern,Unknown,0.0,0.0,0.0,0.0,0.0,0.0,0.0,0.0,0.0,0.0,0.0,0.0,0.0,0.0,0.0,0.0,None,0.0,0,2022-06-01,1.2246467991473532e-16,-1.0,SW_monsoon,46.0,1,Other,63.0,1,Other,0.0,0,None
Southern|Unknown,2022,7,Southern,Unknown,0.0,0.0,0.0,0.0,0.0,0.0,0.0,0.0,0.0,0.0,0.0,0.0,0.0,0.0,0.0,0.0,None,0.0,0,2022-07-01,-0.4999999999999997,-0.8660254037844388,SW_monsoon,0.0,0,None,46.0,1,Other,63.0,1,Other
Southern|Unknown,2022,8,Southern,Unknown,0.0,0.0,0.0,0.0,0.0,0.0,0.0,0.0,0.0,0.0,0.0,0.0,0.0,0.0,0.0,0.0,None,0.0,0,2022-08-01,-0.8660254037844384,-0.5000000000000004,SW_monsoon,0.0,0,None,0.0,0,None,46.0,1,Other
Southern|Unknown,2022,9,Southern,Unknown,0.0,0.0,0.0,0.0,0.0,0.0,0.0,0.0,0.0,0.0,0.0,0.0,0.0,0.0,0.0,0.0,None,0.0,0,2022-09-01,-1.0,-1.8369701987210297e-16,SW_monsoon,0.0,0,None,0.0,0,None,0.0,0,None
Southern|Unknown,2022,10,Southern,Unknown,0.0,0.0,0.0,0.0,0.0,0.0,0.0,0.0,0.0,0.0,0.0,0.0,0.0,0.0,0.0,0.0,None,0.0,0,2022-10-01,-0.8660254037844386,0.5000000000000001,Inter_OctNov,0.0,0,None,0.0,0,None,0.0,0,None
Southern|Unknown,2022,11,Southern,Unknown,2.0,0.0,0.0,0.0,0.0,26.0,0.0,0.0,16.0,0.0,0.0,42.0,0.0,0.0,0.0,26.0,Meat/Egg Trade,112.0,1,2022-11-01,-0.5000000000000004,0.8660254037844384,Inter_OctNov,0.0,0,None,0.0,0,None,0.0,0,None
Southern|Unknown,2022,12,Southern,Unknown,31.0,13.0,0.0,0.0,35.0,0.0,0.0,0.0,0.0,0.0,0.0,50.0,0.0,0.0,0.0,7.0,Meat/Egg Trade,136.0,1,2022-12-01,-2.4492935982947064e-16,1.0,NE_monsoon,112.0,1,Meat/Egg Trade,0.0,0,None,0.0,0,None
Southern|Unknown,2023,1,Southern,Unknown,22.0,0.0,0.0,14.0,22.0,52.0,0.0,3.0,30.0,0.0,0.0,106.0,0.0,26.0,0.0,15.0,Meat/Egg Trade,290.0,1,2023-01-01,0.49999999999999994,0.8660254037844387,NE_monsoon,136.0,1,Meat/Egg Trade,112.0,1,Meat/Egg Trade,0.0,0,None
Southern|Unknown,2023,2,Southern,Unknown,14.0,0.0,0.0,0.0,9.0,0.0,0.0,13.0,0.0,0.0,1.0,46.0,0.0,0.0,0.0,41.0,Meat/Egg Trade,124.0,1,2023-02-01,0.8660254037844386,0.5000000000000001,NE_monsoon,290.0,1,Meat/Egg Trade,136.0,1,Meat/Egg Trade,112.0,1,Meat/Egg Trade
Southern|Unknown,2023,3,Southern,Unknown,10.0,0.0,0.0,11.0,0.0,0.0,0.0,9.0,0.0,0.0,0.0,18.0,0.0,0.0,0.0,7.0,Meat/Egg Trade,55.0,1,2023-03-01,1.0,6.123233995736766e-17,Inter_MarApr,124.0,1,Meat/Egg Trade,290.0,1,Meat/Egg Trade,136.0,1,Meat/Egg Trade
Southern|Unknown,2023,4,Southern,Unknown,2.0,0.0,0.0,0.0,0.0,0.0,0.0,0.0,0.0,0.0,3.0,7.0,0.0,0.0,0.0,0.0,Meat/Egg Trade,12.0,1,2023-04-01,0.8660254037844387,-0.4999999999999998,Inter_MarApr,55.0,1,Meat/Egg Trade,124.0,1,Meat/Egg Trade,290.0,1,Meat/Egg Trade
Southern|Unknown,2023,5,Southern,Unknown,0.0,0.0,0.0,0.0,0.0,16.0,0.0,0.0,0.0,7.0,0.0,69.0,0.0,0.0,0.0,1.0,Meat/Egg Trade,93.0,1,2023-05-01,0.49999999999999994,-0.8660254037844387,SW_monsoon,12.0,1,Meat/Egg Trade,55.0,1,Meat/Egg Trade,124.0,1,Meat/Egg Trade
Southern|Unknown,2023,6,Southern,Unknown,48.0,0.0,0.0,0.0,0.0,0.0,0.0,0.0,0.0,0.0,0.0,56.0,0.0,27.0,0.0,48.0,Meat/Egg Trade,179.0,1,2023-06-01,1.2246467991473532e-16,-1.0,SW_monsoon,93.0,1,Meat/Egg Trade,12.0,1,Meat/Egg Trade,55.0,1,Meat/Egg Trade
Southern|Unknown,2023,7,Southern,Unknown,0.0,0.0,0.0,0.0,0.0,0.0,0.0,0.0,0.0,0.0,0.0,23.0,0.0,54.0,0.0,10.0,Meat/Egg Trade,87.0,1,2023-07-01,-0.4999999999999997,-0.8660254037844388,SW_monsoon,179.0,1,Meat/Egg Trade,93.0,1,Meat/Egg Trade,12.0,1,Meat/Egg Trade
Southern|Unknown,2023,8,Southern,Unknown,0.0,0.0,37.0,0.0,0.0,0.0,0.0,0.0,0.0,0.0,11.0,73.0,0.0,30.0,0.0,30.0,Meat/Egg Trade,181.0,1,2023-08-01,-0.8660254037844384,-0.5000000000000004,SW_monsoon,87.0,1,Meat/Egg Trade,179.0,1,Meat/Egg Trade,93.0,1,Meat/Egg Trade
Southern|Unknown,2023,9,Southern,Unknown,1.0,0.0,0.0,0.0,0.0,0.0,0.0,12.0,0.0,0.0,0.0,12.0,0.0,11.0,0.0,0.0,Hunting/Killing,36.0,1,2023-09-01,-1.0,-1.8369701987210297e-16,SW_monsoon,181.0,1,Meat/Egg Trade,87.0,1,Meat/Egg Trade,179.0,1,Meat/Egg Trade
Southern|Unknown,2023,10,Southern,Unknown,0.0,0.0,0.0,0.0,0.0,0.0,0.0,0.0,0.0,0.0,0.0,0.0,0.0,0.0,0.0,0.0,None,0.0,0,2023-10-01,-0.8660254037844386,0.5000000000000001,Inter_OctNov,36.0,1,Hunting/Killing,181.0,1,Meat/Egg Trade,87.0,1,Meat/Egg Trade
Southern|Unknown,2023,11,Southern,Unknown,0.0,0.0,0.0,7.0,5.0,0.0,0.0,0.0,0.0,0.0,0.0,10.0,0.0,0.0,0.0,0.0,Meat/Egg Trade,22.0,1,2023-11-01,-0.5000000000000004,0.8660254037844384,Inter_OctNov,0.0,0,None,36.0,1,Hunting/Killing,181.0,1,Meat/Egg Trade
Southern|Unknown,2023,12,Southern,Unknown,0.0,0.0,13.0,0.0,0.0,0.0,0.0,6.0,12.0,0.0,0.0,28.0,0.0,5.0,0.0,0.0,Meat/Egg Trade,64.0,1,2023-12-01,-2.4492935982947064e-16,1.0,NE_monsoon,22.0,1,Meat/Egg Trade,0.0,0,None,36.0,1,Hunting/Killing
Southern|Unknown,2024,1,Southern,Unknown,0.0,0.0,3.0,0.0,0.0,2.0,0.0,0.0,0.0,0.0,0.0,56.0,0.0,20.0,0.0,26.0,Meat/Egg Trade,107.0,1,2024-01-01,0.49999999999999994,0.8660254037844387,NE_monsoon,64.0,1,Meat/Egg Trade,22.0,1,Meat/Egg Trade,0.0,0,None
Southern|Unknown,2024,2,Southern,Unknown,0.0,0.0,1.0,0.0,0.0,0.0,0.0,0.0,0.0,0.0,0.0,80.0,0.0,41.0,0.0,17.0,Meat/Egg Trade,139.0,1,2024-02-01,0.8660254037844386,0.5000000000000001,NE_monsoon,107.0,1,Meat/Egg Trade,64.0,1,Meat/Egg Trade,22.0,1,Meat/Egg Trade
Southern|Unknown,2024,3,Southern,Unknown,0.0,0.0,32.0,0.0,0.0,0.0,0.0,0.0,0.0,0.0,0.0,0.0,0.0,15.0,0.0,0.0,Animal Possession,47.0,1,2024-03-01,1.0,6.123233995736766e-17,Inter_MarApr,139.0,1,Meat/Egg Trade,107.0,1,Meat/Egg Trade,64.0,1,Meat/Egg Trade
Southern|Unknown,2024,4,Southern,Unknown,0.0,0.0,0.0,0.0,0.0,0.0,0.0,0.0,0.0,0.0,0.0,0.0,0.0,43.0,0.0,0.0,Other,43.0,1,2024-04-01,0.8660254037844387,-0.4999999999999998,Inter_MarApr,47.0,1,Animal Possession,139.0,1,Meat/Egg Trade,107.0,1,Meat/Egg Trade
Southern|Unknown,2024,5,Southern,Unknown,0.0,0.0,0.0,0.0,0.0,5.0,0.0,12.0,0.0,0.0,0.0,26.0,0.0,0.0,0.0,0.0,Meat/Egg Trade,43.0,1,2024-05-01,0.49999999999999994,-0.8660254037844387,SW_monsoon,43.0,1,Other,47.0,1,Animal Possession,139.0,1,Meat/Egg Trade
Southern|Unknown,2024,6,Southern,Unknown,0.0,0.0,0.0,0.0,0.0,0.0,0.0,0.0,0.0,0.0,0.0,0.0,0.0,0.0,0.0,3.0,Weapons/Traps,3.0,1,2024-06-01,1.2246467991473532e-16,-1.0,SW_monsoon,43.0,1,Meat/Egg Trade,43.0,1,Other,47.0,1,Animal Possession
Southern|Unknown,2024,7,Southern,Unknown,0.0,0.0,22.0,0.0,0.0,0.0,0.0,0.0,0.0,143.0,25.0,0.0,0.0,40.0,0.0,0.0,Illegal Fishing,230.0,1,2024-07-01,-0.4999999999999997,-0.8660254037844388,SW_monsoon,3.0,1,Weapons/Traps,43.0,1,Meat/Egg Trade,43.0,1,Other
Southern|Unknown,2024,8,Southern,Unknown,0.0,0.0,0.0,0.0,0.0,0.0,0.0,0.0,0.0,0.0,0.0,2.0,0.0,4.0,0.0,0.0,Meat/Egg Trade,6.0,1,2024-08-01,-0.8660254037844384,-0.5000000000000004,SW_monsoon,230.0,1,Illegal Fishing,3.0,1,Weapons/Traps,43.0,1,Meat/Egg Trade
Southern|Unknown,2024,9,Southern,Unknown,0.0,0.0,0.0,0.0,0.0,0.0,0.0,0.0,0.0,0.0,0.0,0.0,0.0,0.0,0.0,0.0,None,0.0,0,2024-09-01,-1.0,-1.8369701987210297e-16,SW_monsoon,6.0,1,Meat/Egg Trade,230.0,1,Illegal Fishing,3.0,1,Weapons/Traps
Southern|Unknown,2024,10,Southern,Unknown,0.0,0.0,0.0,0.0,0.0,0.0,0.0,0.0,0.0,0.0,0.0,0.0,0.0,0.0,0.0,0.0,None,0.0,0,2024-10-01,-0.8660254037844386,0.5000000000000001,Inter_OctNov,0.0,0,None,6.0,1,Meat/Egg Trade,230.0,1,Illegal Fishing
Southern|Unknown,2024,11,Southern,Unknown,0.0,0.0,0.0,0.0,0.0,0.0,0.0,0.0,0.0,0.0,0.0,0.0,0.0,0.0,0.0,0.0,None,0.0,0,2024-11-01,-0.5000000000000004,0.8660254037844384,Inter_OctNov,0.0,0,None,0.0,0,None,6.0,1,Meat/Egg Trade
Southern|Unknown,2024,12,Southern,Unknown,0.0,0.0,16.0,0.0,0.0,17.0,0.0,12.0,0.0,0.0,0.0,13.0,0.0,22.0,0.0,6.0,Encroachment/Land,86.0,1,2024-12-01,-2.4492935982947064e-16,1.0,NE_monsoon,0.0,0,None,0.0,0,None,0.0,0,None
Trincomalee|Gomarankadawala,2022,1,Trincomalee,Gomarankadawala,0.0,0.0,0.0,0.0,0.0,0.0,0.0,0.0,0.0,0.0,0.0,0.0,0.0,0.0,0.0,0.0,None,0.0,0,2022-01-01,0.49999999999999994,0.8660254037844387,NE_monsoon,0.0,0,None,0.0,0,None,0.0,0,None
Trincomalee|Gomarankadawala,2022,2,Trincomalee,Gomarankadawala,0.0,0.0,0.0,0.0,0.0,0.0,0.0,0.0,0.0,0.0,0.0,0.0,0.0,0.0,0.0,0.0,None,0.0,0,2022-02-01,0.8660254037844386,0.5000000000000001,NE_monsoon,0.0,0,None,0.0,0,None,0.0,0,None
Trincomalee|Gomarankadawala,2022,3,Trincomalee,Gomarankadawala,0.0,0.0,0.0,0.0,0.0,0.0,0.0,0.0,0.0,0.0,0.0,0.0,0.0,0.0,0.0,0.0,None,0.0,0,2022-03-01,1.0,6.123233995736766e-17,Inter_MarApr,0.0,0,None,0.0,0,None,0.0,0,None
Trincomalee|Gomarankadawala,2022,4,Trincomalee,Gomarankadawala,0.0,0.0,0.0,0.0,0.0,0.0,0.0,0.0,0.0,0.0,0.0,0.0,0.0,0.0,0.0,0.0,None,0.0,0,2022-04-01,0.8660254037844387,-0.4999999999999998,Inter_MarApr,0.0,0,None,0.0,0,None,0.0,0,None
Trincomalee|Gomarankadawala,2022,5,Trincomalee,Gomarankadawala,0.0,0.0,0.0,0.0,0.0,0.0,0.0,0.0,0.0,0.0,0.0,0.0,0.0,0.0,0.0,0.0,None,0.0,0,2022-05-01,0.49999999999999994,-0.8660254037844387,SW_monsoon,0.0,0,None,0.0,0,None,0.0,0,None
Trincomalee|Gomarankadawala,2022,6,Trincomalee,Gomarankadawala,0.0,0.0,0.0,0.0,0.0,0.0,0.0,0.0,0.0,0.0,0.0,0.0,0.0,0.0,0.0,0.0,None,0.0,0,2022-06-01,1.2246467991473532e-16,-1.0,SW_monsoon,0.0,0,None,0.0,0,None,0.0,0,None
Trincomalee|Gomarankadawala,2022,7,Trincomalee,Gomarankadawala,0.0,0.0,0.0,0.0,0.0,0.0,0.0,0.0,0.0,0.0,0.0,0.0,0.0,0.0,0.0,0.0,None,0.0,0,2022-07-01,-0.4999999999999997,-0.8660254037844388,SW_monsoon,0.0,0,None,0.0,0,None,0.0,0,None
Trincomalee|Gomarankadawala,2022,8,Trincomalee,Gomarankadawala,0.0,0.0,0.0,0.0,0.0,0.0,0.0,0.0,0.0,0.0,0.0,0.0,0.0,0.0,0.0,0.0,None,0.0,0,2022-08-01,-0.8660254037844384,-0.5000000000000004,SW_monsoon,0.0,0,None,0.0,0,None,0.0,0,None
Trincomalee|Gomarankadawala,2022,9,Trincomalee,Gomarankadawala,0.0,0.0,0.0,0.0,0.0,0.0,0.0,0.0,0.0,0.0,0.0,0.0,0.0,0.0,0.0,0.0,None,0.0,0,2022-09-01,-1.0,-1.8369701987210297e-16,SW_monsoon,0.0,0,None,0.0,0,None,0.0,0,None
Trincomalee|Gomarankadawala,2022,10,Trincomalee,Gomarankadawala,0.0,0.0,0.0,0.0,0.0,0.0,0.0,0.0,0.0,0.0,0.0,0.0,0.0,0.0,0.0,0.0,None,0.0,0,2022-10-01,-0.8660254037844386,0.5000000000000001,Inter_OctNov,0.0,0,None,0.0,0,None,0.0,0,None
Trincomalee|Gomarankadawala,2022,11,Trincomalee,Gomarankadawala,0.0,0.0,0.0,0.0,0.0,0.0,0.0,0.0,0.0,0.0,0.0,0.0,0.0,0.0,0.0,0.0,None,0.0,0,2022-11-01,-0.5000000000000004,0.8660254037844384,Inter_OctNov,0.0,0,None,0.0,0,None,0.0,0,None
Trincomalee|Gomarankadawala,2022,12,Trincomalee,Gomarankadawala,0.0,0.0,0.0,0.0,0.0,0.0,0.0,0.0,0.0,0.0,0.0,0.0,0.0,0.0,0.0,0.0,None,0.0,0,2022-12-01,-2.4492935982947064e-16,1.0,NE_monsoon,0.0,0,None,0.0,0,None,0.0,0,None
Trincomalee|Gomarankadawala,2023,1,Trincomalee,Gomarankadawala,0.0,0.0,0.0,0.0,0.0,0.0,0.0,0.0,0.0,0.0,0.0,0.0,0.0,0.0,0.0,0.0,None,0.0,0,2023-01-01,0.49999999999999994,0.8660254037844387,NE_monsoon,0.0,0,None,0.0,0,None,0.0,0,None
Trincomalee|Gomarankadawala,2023,2,Trincomalee,Gomarankadawala,0.0,0.0,0.0,0.0,0.0,0.0,0.0,0.0,0.0,0.0,0.0,0.0,0.0,0.0,0.0,0.0,None,0.0,0,2023-02-01,0.8660254037844386,0.5000000000000001,NE_monsoon,0.0,0,None,0.0,0,None,0.0,0,None
Trincomalee|Gomarankadawala,2023,3,Trincomalee,Gomarankadawala,0.0,0.0,0.0,0.0,0.0,0.0,0.0,0.0,0.0,0.0,0.0,0.0,0.0,0.0,0.0,0.0,None,0.0,0,2023-03-01,1.0,6.123233995736766e-17,Inter_MarApr,0.0,0,None,0.0,0,None,0.0,0,None
Trincomalee|Gomarankadawala,2023,4,Trincomalee,Gomarankadawala,0.0,0.0,0.0,0.0,0.0,0.0,0.0,0.0,0.0,0.0,0.0,0.0,0.0,0.0,0.0,0.0,None,0.0,0,2023-04-01,0.8660254037844387,-0.4999999999999998,Inter_MarApr,0.0,0,None,0.0,0,None,0.0,0,None
Trincomalee|Gomarankadawala,2023,5,Trincomalee,Gomarankadawala,0.0,0.0,0.0,0.0,0.0,0.0,0.0,0.0,0.0,0.0,0.0,0.0,0.0,0.0,0.0,0.0,None,0.0,0,2023-05-01,0.49999999999999994,-0.8660254037844387,SW_monsoon,0.0,0,None,0.0,0,None,0.0,0,None
Trincomalee|Gomarankadawala,2023,6,Trincomalee,Gomarankadawala,0.0,0.0,0.0,0.0,0.0,0.0,0.0,0.0,0.0,0.0,0.0,0.0,0.0,0.0,0.0,0.0,None,0.0,0,2023-06-01,1.2246467991473532e-16,-1.0,SW_monsoon,0.0,0,None,0.0,0,None,0.0,0,None
Trincomalee|Gomarankadawala,2023,7,Trincomalee,Gomarankadawala,0.0,0.0,0.0,0.0,0.0,0.0,0.0,0.0,0.0,0.0,0.0,0.0,0.0,0.0,0.0,0.0,None,0.0,0,2023-07-01,-0.4999999999999997,-0.8660254037844388,SW_monsoon,0.0,0,None,0.0,0,None,0.0,0,None
Trincomalee|Gomarankadawala,2023,8,Trincomalee,Gomarankadawala,0.0,0.0,0.0,0.0,0.0,0.0,0.0,0.0,0.0,0.0,0.0,0.0,0.0,0.0,0.0,0.0,None,0.0,0,2023-08-01,-0.8660254037844384,-0.5000000000000004,SW_monsoon,0.0,0,None,0.0,0,None,0.0,0,None
Trincomalee|Gomarankadawala,2023,9,Trincomalee,Gomarankadawala,0.0,0.0,0.0,0.0,0.0,0.0,0.0,0.0,0.0,0.0,0.0,0.0,0.0,0.0,0.0,0.0,None,0.0,0,2023-09-01,-1.0,-1.8369701987210297e-16,SW_monsoon,0.0,0,None,0.0,0,None,0.0,0,None
Trincomalee|Gomarankadawala,2023,10,Trincomalee,Gomarankadawala,0.0,0.0,0.0,0.0,0.0,0.0,0.0,0.0,0.0,0.0,0.0,0.0,0.0,0.0,0.0,0.0,None,0.0,0,2023-10-01,-0.8660254037844386,0.5000000000000001,Inter_OctNov,0.0,0,None,0.0,0,None,0.0,0,None
Trincomalee|Gomarankadawala,2023,11,Trincomalee,Gomarankadawala,0.0,0.0,0.0,0.0,0.0,0.0,0.0,0.0,0.0,0.0,0.0,0.0,0.0,0.0,0.0,0.0,None,0.0,0,2023-11-01,-0.5000000000000004,0.8660254037844384,Inter_OctNov,0.0,0,None,0.0,0,None,0.0,0,None
Trincomalee|Gomarankadawala,2023,12,Trincomalee,Gomarankadawala,0.0,0.0,0.0,0.0,0.0,0.0,0.0,0.0,0.0,0.0,0.0,0.0,0.0,0.0,0.0,0.0,None,0.0,0,2023-12-01,-2.4492935982947064e-16,1.0,NE_monsoon,0.0,0,None,0.0,0,None,0.0,0,None
Trincomalee|Gomarankadawala,2024,1,Trincomalee,Gomarankadawala,0.0,0.0,0.0,0.0,0.0,0.0,0.0,0.0,0.0,0.0,0.0,0.0,0.0,0.0,0.0,0.0,None,0.0,0,2024-01-01,0.49999999999999994,0.8660254037844387,NE_monsoon,0.0,0,None,0.0,0,None,0.0,0,None
Trincomalee|Gomarankadawala,2024,2,Trincomalee,Gomarankadawala,0.0,0.0,0.0,0.0,0.0,0.0,0.0,0.0,0.0,0.0,0.0,0.0,0.0,0.0,0.0,0.0,None,0.0,0,2024-02-01,0.8660254037844386,0.5000000000000001,NE_monsoon,0.0,0,None,0.0,0,None,0.0,0,None
Trincomalee|Gomarankadawala,2024,3,Trincomalee,Gomarankadawala,0.0,0.0,0.0,0.0,0.0,0.0,0.0,0.0,0.0,0.0,0.0,0.0,0.0,0.0,0.0,0.0,None,0.0,0,2024-03-01,1.0,6.123233995736766e-17,Inter_MarApr,0.0,0,None,0.0,0,None,0.0,0,None
Trincomalee|Gomarankadawala,2024,4,Trincomalee,Gomarankadawala,0.0,0.0,0.0,0.0,0.0,0.0,0.0,0.0,0.0,0.0,0.0,0.0,0.0,0.0,0.0,4.0,Weapons/Traps,4.0,1,2024-04-01,0.8660254037844387,-0.4999999999999998,Inter_MarApr,0.0,0,None,0.0,0,None,0.0,0,None
Trincomalee|Gomarankadawala,2024,5,Trincomalee,Gomarankadawala,0.0,0.0,0.0,0.0,0.0,0.0,0.0,0.0,0.0,0.0,0.0,0.0,0.0,0.0,0.0,0.0,None,0.0,0,2024-05-01,0.49999999999999994,-0.8660254037844387,SW_monsoon,4.0,1,Weapons/Traps,0.0,0,None,0.0,0,None
Trincomalee|Gomarankadawala,2024,6,Trincomalee,Gomarankadawala,0.0,0.0,0.0,0.0,0.0,0.0,0.0,0.0,0.0,0.0,0.0,0.0,0.0,0.0,0.0,0.0,None,0.0,0,2024-06-01,1.2246467991473532e-16,-1.0,SW_monsoon,0.0,0,None,4.0,1,Weapons/Traps,0.0,0,None
Trincomalee|Gomarankadawala,2024,7,Trincomalee,Gomarankadawala,0.0,0.0,0.0,0.0,0.0,0.0,0.0,0.0,0.0,0.0,0.0,0.0,0.0,0.0,0.0,0.0,None,0.0,0,2024-07-01,-0.4999999999999997,-0.8660254037844388,SW_monsoon,0.0,0,None,0.0,0,None,4.0,1,Weapons/Traps
Trincomalee|Gomarankadawala,2024,8,Trincomalee,Gomarankadawala,0.0,0.0,0.0,0.0,0.0,0.0,0.0,0.0,0.0,0.0,0.0,0.0,0.0,0.0,0.0,0.0,None,0.0,0,2024-08-01,-0.8660254037844384,-0.5000000000000004,SW_monsoon,0.0,0,None,0.0,0,None,0.0,0,None
Trincomalee|Gomarankadawala,2024,9,Trincomalee,Gomarankadawala,0.0,0.0,0.0,0.0,0.0,0.0,0.0,0.0,0.0,0.0,0.0,0.0,0.0,0.0,0.0,0.0,None,0.0,0,2024-09-01,-1.0,-1.8369701987210297e-16,SW_monsoon,0.0,0,None,0.0,0,None,0.0,0,None
Trincomalee|Gomarankadawala,2024,10,Trincomalee,Gomarankadawala,0.0,0.0,0.0,0.0,0.0,0.0,0.0,0.0,0.0,0.0,0.0,0.0,0.0,0.0,0.0,0.0,None,0.0,0,2024-10-01,-0.8660254037844386,0.5000000000000001,Inter_OctNov,0.0,0,None,0.0,0,None,0.0,0,None
Trincomalee|Gomarankadawala,2024,11,Trincomalee,Gomarankadawala,0.0,0.0,0.0,0.0,0.0,0.0,0.0,0.0,0.0,0.0,0.0,0.0,0.0,0.0,0.0,0.0,None,0.0,0,2024-11-01,-0.5000000000000004,0.8660254037844384,Inter_OctNov,0.0,0,None,0.0,0,None,0.0,0,None
Trincomalee|Gomarankadawala,2024,12,Trincomalee,Gomarankadawala,0.0,0.0,0.0,0.0,0.0,0.0,0.0,0.0,0.0,0.0,0.0,0.0,0.0,0.0,0.0,0.0,None,0.0,0,2024-12-01,-2.4492935982947064e-16,1.0,NE_monsoon,0.0,0,None,0.0,0,None,0.0,0,None
Trincomalee|Kanthale,2022,1,Trincomalee,Kanthale,0.0,0.0,0.0,0.0,0.0,0.0,0.0,0.0,0.0,0.0,0.0,0.0,0.0,0.0,0.0,0.0,None,0.0,0,2022-01-01,0.49999999999999994,0.8660254037844387,NE_monsoon,0.0,0,None,0.0,0,None,0.0,0,None
Trincomalee|Kanthale,2022,2,Trincomalee,Kanthale,0.0,0.0,0.0,0.0,0.0,0.0,0.0,0.0,0.0,0.0,0.0,0.0,0.0,0.0,0.0,0.0,None,0.0,0,2022-02-01,0.8660254037844386,0.5000000000000001,NE_monsoon,0.0,0,None,0.0,0,None,0.0,0,None
Trincomalee|Kanthale,2022,3,Trincomalee,Kanthale,0.0,0.0,0.0,0.0,0.0,0.0,0.0,0.0,0.0,0.0,0.0,0.0,0.0,0.0,0.0,0.0,None,0.0,0,2022-03-01,1.0,6.123233995736766e-17,Inter_MarApr,0.0,0,None,0.0,0,None,0.0,0,None
Trincomalee|Kanthale,2022,4,Trincomalee,Kanthale,0.0,0.0,0.0,0.0,0.0,0.0,0.0,0.0,0.0,0.0,0.0,0.0,0.0,0.0,0.0,0.0,None,0.0,0,2022-04-01,0.8660254037844387,-0.4999999999999998,Inter_MarApr,0.0,0,None,0.0,0,None,0.0,0,None
Trincomalee|Kanthale,2022,5,Trincomalee,Kanthale,0.0,0.0,0.0,0.0,0.0,0.0,0.0,0.0,0.0,0.0,0.0,0.0,0.0,0.0,0.0,0.0,None,0.0,0,2022-05-01,0.49999999999999994,-0.8660254037844387,SW_monsoon,0.0,0,None,0.0,0,None,0.0,0,None
Trincomalee|Kanthale,2022,6,Trincomalee,Kanthale,0.0,0.0,0.0,0.0,0.0,0.0,0.0,0.0,0.0,0.0,0.0,0.0,0.0,0.0,0.0,0.0,None,0.0,0,2022-06-01,1.2246467991473532e-16,-1.0,SW_monsoon,0.0,0,None,0.0,0,None,0.0,0,None
Trincomalee|Kanthale,2022,7,Trincomalee,Kanthale,0.0,0.0,0.0,0.0,0.0,0.0,0.0,0.0,0.0,0.0,0.0,0.0,0.0,0.0,0.0,0.0,None,0.0,0,2022-07-01,-0.4999999999999997,-0.8660254037844388,SW_monsoon,0.0,0,None,0.0,0,None,0.0,0,None
Trincomalee|Kanthale,2022,8,Trincomalee,Kanthale,0.0,0.0,0.0,0.0,0.0,0.0,0.0,0.0,0.0,0.0,0.0,0.0,0.0,0.0,0.0,0.0,None,0.0,0,2022-08-01,-0.8660254037844384,-0.5000000000000004,SW_monsoon,0.0,0,None,0.0,0,None,0.0,0,None
Trincomalee|Kanthale,2022,9,Trincomalee,Kanthale,0.0,0.0,0.0,0.0,0.0,0.0,0.0,0.0,0.0,0.0,0.0,0.0,0.0,0.0,0.0,0.0,None,0.0,0,2022-09-01,-1.0,-1.8369701987210297e-16,SW_monsoon,0.0,0,None,0.0,0,None,0.0,0,None
Trincomalee|Kanthale,2022,10,Trincomalee,Kanthale,0.0,0.0,0.0,0.0,0.0,0.0,0.0,0.0,0.0,0.0,0.0,0.0,0.0,0.0,0.0,0.0,None,0.0,0,2022-10-01,-0.8660254037844386,0.5000000000000001,Inter_OctNov,0.0,0,None,0.0,0,None,0.0,0,None
Trincomalee|Kanthale,2022,11,Trincomalee,Kanthale,0.0,0.0,0.0,0.0,0.0,0.0,0.0,0.0,0.0,0.0,0.0,0.0,0.0,0.0,0.0,0.0,None,0.0,0,2022-11-01,-0.5000000000000004,0.8660254037844384,Inter_OctNov,0.0,0,None,0.0,0,None,0.0,0,None
Trincomalee|Kanthale,2022,12,Trincomalee,Kanthale,0.0,0.0,0.0,0.0,0.0,0.0,0.0,0.0,0.0,0.0,0.0,0.0,0.0,0.0,0.0,0.0,None,0.0,0,2022-12-01,-2.4492935982947064e-16,1.0,NE_monsoon,0.0,0,None,0.0,0,None,0.0,0,None
Trincomalee|Kanthale,2023,1,Trincomalee,Kanthale,0.0,0.0,0.0,0.0,0.0,0.0,0.0,0.0,0.0,0.0,0.0,0.0,0.0,0.0,0.0,0.0,None,0.0,0,2023-01-01,0.49999999999999994,0.8660254037844387,NE_monsoon,0.0,0,None,0.0,0,None,0.0,0,None
Trincomalee|Kanthale,2023,2,Trincomalee,Kanthale,0.0,0.0,0.0,0.0,0.0,0.0,0.0,0.0,0.0,0.0,0.0,0.0,0.0,0.0,0.0,0.0,None,0.0,0,2023-02-01,0.8660254037844386,0.5000000000000001,NE_monsoon,0.0,0,None,0.0,0,None,0.0,0,None
Trincomalee|Kanthale,2023,3,Trincomalee,Kanthale,0.0,0.0,0.0,0.0,0.0,0.0,0.0,0.0,0.0,0.0,0.0,0.0,0.0,0.0,0.0,0.0,None,0.0,0,2023-03-01,1.0,6.123233995736766e-17,Inter_MarApr,0.0,0,None,0.0,0,None,0.0,0,None
Trincomalee|Kanthale,2023,4,Trincomalee,Kanthale,0.0,0.0,0.0,0.0,0.0,0.0,0.0,0.0,0.0,0.0,0.0,0.0,0.0,0.0,0.0,0.0,None,0.0,0,2023-04-01,0.8660254037844387,-0.4999999999999998,Inter_MarApr,0.0,0,None,0.0,0,None,0.0,0,None
Trincomalee|Kanthale,2023,5,Trincomalee,Kanthale,0.0,0.0,0.0,0.0,0.0,0.0,0.0,0.0,0.0,0.0,0.0,0.0,0.0,0.0,0.0,0.0,None,0.0,0,2023-05-01,0.49999999999999994,-0.8660254037844387,SW_monsoon,0.0,0,None,0.0,0,None,0.0,0,None
Trincomalee|Kanthale,2023,6,Trincomalee,Kanthale,0.0,0.0,0.0,0.0,0.0,0.0,0.0,0.0,0.0,0.0,0.0,0.0,0.0,0.0,0.0,0.0,None,0.0,0,2023-06-01,1.2246467991473532e-16,-1.0,SW_monsoon,0.0,0,None,0.0,0,None,0.0,0,None
Trincomalee|Kanthale,2023,7,Trincomalee,Kanthale,0.0,0.0,0.0,0.0,0.0,0.0,0.0,0.0,0.0,0.0,0.0,0.0,0.0,0.0,0.0,0.0,None,0.0,0,2023-07-01,-0.4999999999999997,-0.8660254037844388,SW_monsoon,0.0,0,None,0.0,0,None,0.0,0,None
Trincomalee|Kanthale,2023,8,Trincomalee,Kanthale,0.0,0.0,0.0,0.0,0.0,0.0,0.0,0.0,0.0,0.0,0.0,0.0,0.0,0.0,0.0,0.0,None,0.0,0,2023-08-01,-0.8660254037844384,-0.5000000000000004,SW_monsoon,0.0,0,None,0.0,0,None,0.0,0,None
Trincomalee|Kanthale,2023,9,Trincomalee,Kanthale,0.0,0.0,0.0,0.0,0.0,0.0,0.0,0.0,0.0,0.0,0.0,0.0,0.0,0.0,0.0,0.0,None,0.0,0,2023-09-01,-1.0,-1.8369701987210297e-16,SW_monsoon,0.0,0,None,0.0,0,None,0.0,0,None
Trincomalee|Kanthale,2023,10,Trincomalee,Kanthale,0.0,0.0,0.0,0.0,0.0,0.0,0.0,0.0,0.0,0.0,0.0,0.0,0.0,0.0,0.0,0.0,None,0.0,0,2023-10-01,-0.8660254037844386,0.5000000000000001,Inter_OctNov,0.0,0,None,0.0,0,None,0.0,0,None
Trincomalee|Kanthale,2023,11,Trincomalee,Kanthale,0.0,0.0,0.0,0.0,0.0,0.0,0.0,0.0,0.0,0.0,3.0,0.0,0.0,0.0,0.0,0.0,Illegal Logging,3.0,1,2023-11-01,-0.5000000000000004,0.8660254037844384,Inter_OctNov,0.0,0,None,0.0,0,None,0.0,0,None
Trincomalee|Kanthale,2023,12,Trincomalee,Kanthale,0.0,0.0,0.0,0.0,0.0,0.0,0.0,5.0,0.0,0.0,0.0,0.0,0.0,0.0,0.0,4.0,Hunting/Killing,9.0,1,2023-12-01,-2.4492935982947064e-16,1.0,NE_monsoon,3.0,1,Illegal Logging,0.0,0,None,0.0,0,None
Trincomalee|Kanthale,2024,1,Trincomalee,Kanthale,0.0,0.0,0.0,0.0,0.0,0.0,0.0,0.0,0.0,0.0,0.0,0.0,0.0,0.0,0.0,0.0,None,0.0,0,2024-01-01,0.49999999999999994,0.8660254037844387,NE_monsoon,9.0,1,Hunting/Killing,3.0,1,Illegal Logging,0.0,0,None
Trincomalee|Kanthale,2024,2,Trincomalee,Kanthale,0.0,0.0,0.0,0.0,0.0,0.0,0.0,0.0,0.0,0.0,0.0,0.0,0.0,0.0,0.0,0.0,None,0.0,0,2024-02-01,0.8660254037844386,0.5000000000000001,NE_monsoon,0.0,0,None,9.0,1,Hunting/Killing,3.0,1,Illegal Logging
Trincomalee|Kanthale,2024,3,Trincomalee,Kanthale,0.0,0.0,0.0,0.0,0.0,0.0,0.0,0.0,0.0,0.0,0.0,0.0,0.0,0.0,0.0,0.0,None,0.0,0,2024-03-01,1.0,6.123233995736766e-17,Inter_MarApr,0.0,0,None,0.0,0,None,9.0,1,Hunting/Killing
Trincomalee|Kanthale,2024,4,Trincomalee,Kanthale,0.0,0.0,0.0,0.0,0.0,0.0,0.0,0.0,0.0,0.0,0.0,0.0,0.0,0.0,0.0,0.0,None,0.0,0,2024-04-01,0.8660254037844387,-0.4999999999999998,Inter_MarApr,0.0,0,None,0.0,0,None,0.0,0,None
Trincomalee|Kanthale,2024,5,Trincomalee,Kanthale,0.0,0.0,0.0,0.0,0.0,0.0,0.0,0.0,0.0,0.0,0.0,0.0,0.0,0.0,0.0,0.0,None,0.0,0,2024-05-01,0.49999999999999994,-0.8660254037844387,SW_monsoon,0.0,0,None,0.0,0,None,0.0,0,None
Trincomalee|Kanthale,2024,6,Trincomalee,Kanthale,0.0,0.0,0.0,0.0,0.0,0.0,0.0,0.0,0.0,0.0,5.0,0.0,0.0,1.0,0.0,0.0,Illegal Logging,6.0,1,2024-06-01,1.2246467991473532e-16,-1.0,SW_monsoon,0.0,0,None,0.0,0,None,0.0,0,None
Trincomalee|Kanthale,2024,7,Trincomalee,Kanthale,0.0,0.0,0.0,0.0,0.0,0.0,0.0,0.0,0.0,0.0,0.0,0.0,0.0,0.0,0.0,0.0,None,0.0,0,2024-07-01,-0.4999999999999997,-0.8660254037844388,SW_monsoon,6.0,1,Illegal Logging,0.0,0,None,0.0,0,None
Trincomalee|Kanthale,2024,8,Trincomalee,Kanthale,0.0,0.0,0.0,0.0,0.0,0.0,0.0,0.0,0.0,0.0,0.0,0.0,0.0,0.0,0.0,0.0,None,0.0,0,2024-08-01,-0.8660254037844384,-0.5000000000000004,SW_monsoon,0.0,0,None,6.0,1,Illegal Logging,0.0,0,None
Trincomalee|Kanthale,2024,9,Trincomalee,Kanthale,0.0,0.0,0.0,0.0,0.0,0.0,0.0,0.0,0.0,0.0,0.0,0.0,0.0,0.0,0.0,0.0,None,0.0,0,2024-09-01,-1.0,-1.8369701987210297e-16,SW_monsoon,0.0,0,None,0.0,0,None,6.0,1,Illegal Logging
Trincomalee|Kanthale,2024,10,Trincomalee,Kanthale,0.0,0.0,0.0,0.0,0.0,0.0,0.0,0.0,0.0,0.0,0.0,0.0,0.0,0.0,0.0,0.0,None,0.0,0,2024-10-01,-0.8660254037844386,0.5000000000000001,Inter_OctNov,0.0,0,None,0.0,0,None,0.0,0,None
Trincomalee|Kanthale,2024,11,Trincomalee,Kanthale,0.0,0.0,0.0,0.0,0.0,0.0,0.0,0.0,0.0,0.0,0.0,0.0,0.0,0.0,0.0,0.0,None,0.0,0,2024-11-01,-0.5000000000000004,0.8660254037844384,Inter_OctNov,0.0,0,None,0.0,0,None,0.0,0,None
Trincomalee|Kanthale,2024,12,Trincomalee,Kanthale,0.0,0.0,0.0,0.0,0.0,0.0,0.0,0.0,0.0,0.0,0.0,0.0,0.0,0.0,0.0,0.0,None,0.0,0,2024-12-01,-2.4492935982947064e-16,1.0,NE_monsoon,0.0,0,None,0.0,0,None,0.0,0,None
Trincomalee|National Park,2022,1,Trincomalee,National Park,0.0,0.0,0.0,0.0,0.0,0.0,0.0,0.0,0.0,0.0,0.0,0.0,0.0,0.0,0.0,0.0,None,0.0,0,2022-01-01,0.49999999999999994,0.8660254037844387,NE_monsoon,0.0,0,None,0.0,0,None,0.0,0,None
Trincomalee|National Park,2022,2,Trincomalee,National Park,0.0,0.0,0.0,0.0,0.0,0.0,0.0,0.0,0.0,0.0,0.0,0.0,0.0,0.0,0.0,0.0,None,0.0,0,2022-02-01,0.8660254037844386,0.5000000000000001,NE_monsoon,0.0,0,None,0.0,0,None,0.0,0,None
Trincomalee|National Park,2022,3,Trincomalee,National Park,0.0,0.0,0.0,0.0,0.0,0.0,0.0,0.0,0.0,0.0,0.0,0.0,0.0,0.0,0.0,0.0,None,0.0,0,2022-03-01,1.0,6.123233995736766e-17,Inter_MarApr,0.0,0,None,0.0,0,None,0.0,0,None
Trincomalee|National Park,2022,4,Trincomalee,National Park,0.0,0.0,0.0,0.0,0.0,0.0,0.0,0.0,0.0,0.0,0.0,0.0,0.0,0.0,0.0,0.0,None,0.0,0,2022-04-01,0.8660254037844387,-0.4999999999999998,Inter_MarApr,0.0,0,None,0.0,0,None,0.0,0,None
Trincomalee|National Park,2022,5,Trincomalee,National Park,0.0,0.0,0.0,0.0,0.0,0.0,0.0,0.0,0.0,0.0,0.0,0.0,0.0,0.0,0.0,0.0,None,0.0,0,2022-05-01,0.49999999999999994,-0.8660254037844387,SW_monsoon,0.0,0,None,0.0,0,None,0.0,0,None
Trincomalee|National Park,2022,6,Trincomalee,National Park,0.0,0.0,0.0,0.0,0.0,0.0,0.0,0.0,0.0,0.0,0.0,0.0,0.0,0.0,0.0,0.0,None,0.0,0,2022-06-01,1.2246467991473532e-16,-1.0,SW_monsoon,0.0,0,None,0.0,0,None,0.0,0,None
Trincomalee|National Park,2022,7,Trincomalee,National Park,0.0,0.0,0.0,0.0,0.0,0.0,0.0,0.0,0.0,0.0,0.0,0.0,0.0,0.0,0.0,0.0,None,0.0,0,2022-07-01,-0.4999999999999997,-0.8660254037844388,SW_monsoon,0.0,0,None,0.0,0,None,0.0,0,None
Trincomalee|National Park,2022,8,Trincomalee,National Park,0.0,0.0,0.0,0.0,0.0,0.0,0.0,0.0,0.0,0.0,0.0,0.0,0.0,0.0,0.0,0.0,None,0.0,0,2022-08-01,-0.8660254037844384,-0.5000000000000004,SW_monsoon,0.0,0,None,0.0,0,None,0.0,0,None
Trincomalee|National Park,2022,9,Trincomalee,National Park,0.0,0.0,0.0,0.0,0.0,0.0,0.0,0.0,0.0,0.0,0.0,0.0,0.0,0.0,0.0,0.0,None,0.0,0,2022-09-01,-1.0,-1.8369701987210297e-16,SW_monsoon,0.0,0,None,0.0,0,None,0.0,0,None
Trincomalee|National Park,2022,10,Trincomalee,National Park,0.0,0.0,0.0,0.0,0.0,0.0,0.0,0.0,0.0,0.0,0.0,0.0,0.0,0.0,0.0,0.0,None,0.0,0,2022-10-01,-0.8660254037844386,0.5000000000000001,Inter_OctNov,0.0,0,None,0.0,0,None,0.0,0,None
Trincomalee|National Park,2022,11,Trincomalee,National Park,0.0,0.0,0.0,0.0,0.0,0.0,0.0,0.0,0.0,0.0,0.0,0.0,0.0,0.0,0.0,0.0,None,0.0,0,2022-11-01,-0.5000000000000004,0.8660254037844384,Inter_OctNov,0.0,0,None,0.0,0,None,0.0,0,None
Trincomalee|National Park,2022,12,Trincomalee,National Park,0.0,0.0,0.0,0.0,0.0,0.0,0.0,0.0,0.0,0.0,0.0,0.0,0.0,0.0,0.0,0.0,None,0.0,0,2022-12-01,-2.4492935982947064e-16,1.0,NE_monsoon,0.0,0,None,0.0,0,None,0.0,0,None
Trincomalee|National Park,2023,1,Trincomalee,National Park,0.0,0.0,0.0,0.0,0.0,0.0,0.0,0.0,0.0,0.0,0.0,0.0,0.0,0.0,0.0,0.0,None,0.0,0,2023-01-01,0.49999999999999994,0.8660254037844387,NE_monsoon,0.0,0,None,0.0,0,None,0.0,0,None
Trincomalee|National Park,2023,2,Trincomalee,National Park,0.0,0.0,0.0,0.0,0.0,0.0,0.0,0.0,0.0,0.0,0.0,0.0,0.0,0.0,0.0,0.0,None,0.0,0,2023-02-01,0.8660254037844386,0.5000000000000001,NE_monsoon,0.0,0,None,0.0,0,None,0.0,0,None
Trincomalee|National Park,2023,3,Trincomalee,National Park,0.0,0.0,0.0,0.0,0.0,0.0,0.0,0.0,0.0,0.0,0.0,0.0,0.0,0.0,0.0,0.0,None,0.0,0,2023-03-01,1.0,6.123233995736766e-17,Inter_MarApr,0.0,0,None,0.0,0,None,0.0,0,None
Trincomalee|National Park,2023,4,Trincomalee,National Park,0.0,0.0,0.0,0.0,0.0,0.0,0.0,0.0,0.0,0.0,0.0,0.0,0.0,0.0,0.0,0.0,None,0.0,0,2023-04-01,0.8660254037844387,-0.4999999999999998,Inter_MarApr,0.0,0,None,0.0,0,None,0.0,0,None
Trincomalee|National Park,2023,5,Trincomalee,National Park,0.0,0.0,0.0,0.0,0.0,0.0,0.0,0.0,0.0,0.0,2.0,0.0,0.0,0.0,0.0,0.0,Illegal Logging,2.0,1,2023-05-01,0.49999999999999994,-0.8660254037844387,SW_monsoon,0.0,0,None,0.0,0,None,0.0,0,None
Trincomalee|National Park,2023,6,Trincomalee,National Park,0.0,0.0,0.0,0.0,0.0,0.0,0.0,0.0,0.0,0.0,0.0,0.0,0.0,0.0,0.0,0.0,None,0.0,0,2023-06-01,1.2246467991473532e-16,-1.0,SW_monsoon,2.0,1,Illegal Logging,0.0,0,None,0.0,0,None
Trincomalee|National Park,2023,7,Trincomalee,National Park,0.0,0.0,0.0,0.0,0.0,0.0,0.0,0.0,0.0,0.0,0.0,0.0,0.0,0.0,0.0,0.0,None,0.0,0,2023-07-01,-0.4999999999999997,-0.8660254037844388,SW_monsoon,0.0,0,None,2.0,1,Illegal Logging,0.0,0,None
Trincomalee|National Park,2023,8,Trincomalee,National Park,0.0,0.0,0.0,0.0,0.0,0.0,0.0,0.0,0.0,0.0,0.0,0.0,0.0,0.0,0.0,0.0,None,0.0,0,2023-08-01,-0.8660254037844384,-0.5000000000000004,SW_monsoon,0.0,0,None,0.0,0,None,2.0,1,Illegal Logging
Trincomalee|National Park,2023,9,Trincomalee,National Park,0.0,0.0,0.0,0.0,0.0,0.0,0.0,0.0,0.0,0.0,0.0,0.0,0.0,0.0,0.0,0.0,None,0.0,0,2023-09-01,-1.0,-1.8369701987210297e-16,SW_monsoon,0.0,0,None,0.0,0,None,0.0,0,None
Trincomalee|National Park,2023,10,Trincomalee,National Park,0.0,0.0,0.0,0.0,0.0,0.0,0.0,0.0,0.0,0.0,0.0,0.0,0.0,0.0,0.0,0.0,None,0.0,0,2023-10-01,-0.8660254037844386,0.5000000000000001,Inter_OctNov,0.0,0,None,0.0,0,None,0.0,0,None
Trincomalee|National Park,2023,11,Trincomalee,National Park,0.0,0.0,0.0,0.0,0.0,0.0,0.0,0.0,0.0,0.0,0.0,0.0,0.0,0.0,0.0,0.0,None,0.0,0,2023-11-01,-0.5000000000000004,0.8660254037844384,Inter_OctNov,0.0,0,None,0.0,0,None,0.0,0,None
Trincomalee|National Park,2023,12,Trincomalee,National Park,0.0,0.0,0.0,0.0,0.0,0.0,0.0,0.0,0.0,0.0,0.0,0.0,0.0,0.0,0.0,0.0,None,0.0,0,2023-12-01,-2.4492935982947064e-16,1.0,NE_monsoon,0.0,0,None,0.0,0,None,0.0,0,None
Trincomalee|National Park,2024,1,Trincomalee,National Park,0.0,0.0,0.0,0.0,0.0,0.0,0.0,0.0,0.0,0.0,0.0,0.0,0.0,0.0,0.0,0.0,None,0.0,0,2024-01-01,0.49999999999999994,0.8660254037844387,NE_monsoon,0.0,0,None,0.0,0,None,0.0,0,None
Trincomalee|National Park,2024,2,Trincomalee,National Park,0.0,0.0,0.0,0.0,0.0,0.0,0.0,0.0,0.0,0.0,0.0,0.0,0.0,0.0,0.0,0.0,None,0.0,0,2024-02-01,0.8660254037844386,0.5000000000000001,NE_monsoon,0.0,0,None,0.0,0,None,0.0,0,None
Trincomalee|National Park,2024,3,Trincomalee,National Park,0.0,0.0,0.0,0.0,0.0,0.0,0.0,0.0,0.0,0.0,0.0,0.0,0.0,0.0,0.0,0.0,None,0.0,0,2024-03-01,1.0,6.123233995736766e-17,Inter_MarApr,0.0,0,None,0.0,0,None,0.0,0,None
Trincomalee|National Park,2024,4,Trincomalee,National Park,0.0,0.0,0.0,0.0,0.0,0.0,0.0,0.0,0.0,0.0,0.0,0.0,0.0,0.0,0.0,0.0,None,0.0,0,2024-04-01,0.8660254037844387,-0.4999999999999998,Inter_MarApr,0.0,0,None,0.0,0,None,0.0,0,None
Trincomalee|National Park,2024,5,Trincomalee,National Park,0.0,0.0,0.0,0.0,0.0,0.0,0.0,0.0,0.0,0.0,0.0,0.0,0.0,0.0,0.0,0.0,None,0.0,0,2024-05-01,0.49999999999999994,-0.8660254037844387,SW_monsoon,0.0,0,None,0.0,0,None,0.0,0,None
Trincomalee|National Park,2024,6,Trincomalee,National Park,0.0,0.0,0.0,0.0,0.0,0.0,0.0,0.0,0.0,0.0,0.0,0.0,0.0,0.0,0.0,0.0,None,0.0,0,2024-06-01,1.2246467991473532e-16,-1.0,SW_monsoon,0.0,0,None,0.0,0,None,0.0,0,None
Trincomalee|National Park,2024,7,Trincomalee,National Park,0.0,0.0,0.0,0.0,0.0,0.0,0.0,0.0,0.0,0.0,0.0,0.0,0.0,0.0,0.0,0.0,None,0.0,0,2024-07-01,-0.4999999999999997,-0.8660254037844388,SW_monsoon,0.0,0,None,0.0,0,None,0.0,0,None
Trincomalee|National Park,2024,8,Trincomalee,National Park,0.0,0.0,0.0,0.0,0.0,0.0,0.0,0.0,0.0,0.0,0.0,0.0,0.0,0.0,0.0,0.0,None,0.0,0,2024-08-01,-0.8660254037844384,-0.5000000000000004,SW_monsoon,0.0,0,None,0.0,0,None,0.0,0,None
Trincomalee|National Park,2024,9,Trincomalee,National Park,0.0,0.0,0.0,0.0,0.0,0.0,0.0,0.0,0.0,0.0,0.0,0.0,0.0,0.0,0.0,0.0,None,0.0,0,2024-09-01,-1.0,-1.8369701987210297e-16,SW_monsoon,0.0,0,None,0.0,0,None,0.0,0,None
Trincomalee|National Park,2024,10,Trincomalee,National Park,0.0,0.0,0.0,0.0,0.0,0.0,0.0,0.0,0.0,0.0,0.0,0.0,0.0,0.0,0.0,0.0,None,0.0,0,2024-10-01,-0.8660254037844386,0.5000000000000001,Inter_OctNov,0.0,0,None,0.0,0,None,0.0,0,None
Trincomalee|National Park,2024,11,Trincomalee,National Park,0.0,0.0,0.0,0.0,0.0,0.0,0.0,0.0,0.0,0.0,0.0,0.0,0.0,0.0,0.0,0.0,None,0.0,0,2024-11-01,-0.5000000000000004,0.8660254037844384,Inter_OctNov,0.0,0,None,0.0,0,None,0.0,0,None
Trincomalee|National Park,2024,12,Trincomalee,National Park,0.0,0.0,0.0,0.0,0.0,0.0,0.0,0.0,0.0,0.0,0.0,0.0,0.0,0.0,0.0,0.0,None,0.0,0,2024-12-01,-2.4492935982947064e-16,1.0,NE_monsoon,0.0,0,None,0.0,0,None,0.0,0,None
Trincomalee|Pigeon Island,2022,1,Trincomalee,Pigeon Island,0.0,0.0,0.0,0.0,0.0,0.0,0.0,0.0,0.0,0.0,0.0,0.0,0.0,0.0,0.0,0.0,None,0.0,0,2022-01-01,0.49999999999999994,0.8660254037844387,NE_monsoon,0.0,0,None,0.0,0,None,0.0,0,None
Trincomalee|Pigeon Island,2022,2,Trincomalee,Pigeon Island,0.0,0.0,0.0,0.0,0.0,0.0,0.0,0.0,0.0,0.0,0.0,0.0,0.0,0.0,0.0,0.0,None,0.0,0,2022-02-01,0.8660254037844386,0.5000000000000001,NE_monsoon,0.0,0,None,0.0,0,None,0.0,0,None
Trincomalee|Pigeon Island,2022,3,Trincomalee,Pigeon Island,0.0,0.0,0.0,0.0,0.0,0.0,0.0,0.0,0.0,0.0,0.0,0.0,0.0,0.0,0.0,0.0,None,0.0,0,2022-03-01,1.0,6.123233995736766e-17,Inter_MarApr,0.0,0,None,0.0,0,None,0.0,0,None
Trincomalee|Pigeon Island,2022,4,Trincomalee,Pigeon Island,0.0,0.0,0.0,0.0,0.0,0.0,0.0,0.0,0.0,0.0,0.0,0.0,0.0,0.0,0.0,0.0,None,0.0,0,2022-04-01,0.8660254037844387,-0.4999999999999998,Inter_MarApr,0.0,0,None,0.0,0,None,0.0,0,None
Trincomalee|Pigeon Island,2022,5,Trincomalee,Pigeon Island,0.0,0.0,0.0,0.0,0.0,0.0,0.0,0.0,0.0,0.0,0.0,0.0,0.0,0.0,0.0,0.0,None,0.0,0,2022-05-01,0.49999999999999994,-0.8660254037844387,SW_monsoon,0.0,0,None,0.0,0,None,0.0,0,None
Trincomalee|Pigeon Island,2022,6,Trincomalee,Pigeon Island,0.0,0.0,0.0,0.0,0.0,0.0,0.0,0.0,0.0,0.0,0.0,0.0,0.0,0.0,0.0,0.0,None,0.0,0,2022-06-01,1.2246467991473532e-16,-1.0,SW_monsoon,0.0,0,None,0.0,0,None,0.0,0,None
Trincomalee|Pigeon Island,2022,7,Trincomalee,Pigeon Island,0.0,0.0,0.0,0.0,0.0,0.0,0.0,0.0,0.0,0.0,0.0,0.0,0.0,0.0,0.0,0.0,None,0.0,0,2022-07-01,-0.4999999999999997,-0.8660254037844388,SW_monsoon,0.0,0,None,0.0,0,None,0.0,0,None
Trincomalee|Pigeon Island,2022,8,Trincomalee,Pigeon Island,0.0,0.0,0.0,0.0,0.0,0.0,0.0,0.0,0.0,0.0,0.0,0.0,0.0,0.0,0.0,0.0,None,0.0,0,2022-08-01,-0.8660254037844384,-0.5000000000000004,SW_monsoon,0.0,0,None,0.0,0,None,0.0,0,None
Trincomalee|Pigeon Island,2022,9,Trincomalee,Pigeon Island,0.0,0.0,0.0,0.0,0.0,0.0,0.0,0.0,0.0,0.0,0.0,0.0,0.0,0.0,0.0,0.0,None,0.0,0,2022-09-01,-1.0,-1.8369701987210297e-16,SW_monsoon,0.0,0,None,0.0,0,None,0.0,0,None
Trincomalee|Pigeon Island,2022,10,Trincomalee,Pigeon Island,0.0,0.0,0.0,0.0,0.0,0.0,0.0,0.0,0.0,0.0,0.0,0.0,0.0,0.0,0.0,0.0,None,0.0,0,2022-10-01,-0.8660254037844386,0.5000000000000001,Inter_OctNov,0.0,0,None,0.0,0,None,0.0,0,None
Trincomalee|Pigeon Island,2022,11,Trincomalee,Pigeon Island,0.0,0.0,0.0,0.0,0.0,0.0,0.0,0.0,0.0,0.0,0.0,0.0,0.0,0.0,0.0,0.0,None,0.0,0,2022-11-01,-0.5000000000000004,0.8660254037844384,Inter_OctNov,0.0,0,None,0.0,0,None,0.0,0,None
Trincomalee|Pigeon Island,2022,12,Trincomalee,Pigeon Island,0.0,0.0,0.0,0.0,0.0,0.0,0.0,0.0,0.0,0.0,0.0,0.0,0.0,0.0,0.0,0.0,None,0.0,0,2022-12-01,-2.4492935982947064e-16,1.0,NE_monsoon,0.0,0,None,0.0,0,None,0.0,0,None
Trincomalee|Pigeon Island,2023,1,Trincomalee,Pigeon Island,0.0,0.0,0.0,0.0,0.0,0.0,0.0,0.0,0.0,0.0,0.0,0.0,0.0,0.0,0.0,0.0,None,0.0,0,2023-01-01,0.49999999999999994,0.8660254037844387,NE_monsoon,0.0,0,None,0.0,0,None,0.0,0,None
Trincomalee|Pigeon Island,2023,2,Trincomalee,Pigeon Island,0.0,0.0,0.0,0.0,0.0,0.0,0.0,0.0,0.0,0.0,0.0,0.0,0.0,0.0,0.0,0.0,None,0.0,0,2023-02-01,0.8660254037844386,0.5000000000000001,NE_monsoon,0.0,0,None,0.0,0,None,0.0,0,None
Trincomalee|Pigeon Island,2023,3,Trincomalee,Pigeon Island,0.0,0.0,0.0,0.0,0.0,0.0,0.0,0.0,0.0,0.0,0.0,0.0,0.0,0.0,0.0,0.0,None,0.0,0,2023-03-01,1.0,6.123233995736766e-17,Inter_MarApr,0.0,0,None,0.0,0,None,0.0,0,None
Trincomalee|Pigeon Island,2023,4,Trincomalee,Pigeon Island,0.0,0.0,0.0,0.0,0.0,0.0,0.0,0.0,0.0,0.0,0.0,0.0,0.0,0.0,0.0,0.0,None,0.0,0,2023-04-01,0.8660254037844387,-0.4999999999999998,Inter_MarApr,0.0,0,None,0.0,0,None,0.0,0,None
Trincomalee|Pigeon Island,2023,5,Trincomalee,Pigeon Island,0.0,0.0,0.0,0.0,0.0,0.0,0.0,0.0,0.0,0.0,0.0,0.0,0.0,0.0,0.0,0.0,None,0.0,0,2023-05-01,0.49999999999999994,-0.8660254037844387,SW_monsoon,0.0,0,None,0.0,0,None,0.0,0,None
Trincomalee|Pigeon Island,2023,6,Trincomalee,Pigeon Island,0.0,0.0,0.0,0.0,0.0,0.0,0.0,0.0,0.0,0.0,0.0,0.0,0.0,0.0,0.0,0.0,None,0.0,0,2023-06-01,1.2246467991473532e-16,-1.0,SW_monsoon,0.0,0,None,0.0,0,None,0.0,0,None
Trincomalee|Pigeon Island,2023,7,Trincomalee,Pigeon Island,0.0,0.0,0.0,0.0,0.0,0.0,0.0,0.0,0.0,0.0,0.0,0.0,0.0,0.0,0.0,0.0,None,0.0,0,2023-07-01,-0.4999999999999997,-0.8660254037844388,SW_monsoon,0.0,0,None,0.0,0,None,0.0,0,None
Trincomalee|Pigeon Island,2023,8,Trincomalee,Pigeon Island,0.0,0.0,0.0,0.0,0.0,0.0,0.0,0.0,0.0,0.0,0.0,0.0,0.0,0.0,0.0,0.0,None,0.0,0,2023-08-01,-0.8660254037844384,-0.5000000000000004,SW_monsoon,0.0,0,None,0.0,0,None,0.0,0,None
Trincomalee|Pigeon Island,2023,9,Trincomalee,Pigeon Island,0.0,0.0,0.0,0.0,0.0,0.0,0.0,0.0,0.0,0.0,0.0,0.0,0.0,0.0,0.0,0.0,None,0.0,0,2023-09-01,-1.0,-1.8369701987210297e-16,SW_monsoon,0.0,0,None,0.0,0,None,0.0,0,None
Trincomalee|Pigeon Island,2023,10,Trincomalee,Pigeon Island,0.0,0.0,0.0,0.0,0.0,0.0,0.0,0.0,0.0,0.0,0.0,0.0,0.0,0.0,0.0,0.0,None,0.0,0,2023-10-01,-0.8660254037844386,0.5000000000000001,Inter_OctNov,0.0,0,None,0.0,0,None,0.0,0,None
Trincomalee|Pigeon Island,2023,11,Trincomalee,Pigeon Island,0.0,0.0,0.0,0.0,0.0,0.0,0.0,0.0,0.0,0.0,0.0,0.0,0.0,0.0,0.0,0.0,None,0.0,0,2023-11-01,-0.5000000000000004,0.8660254037844384,Inter_OctNov,0.0,0,None,0.0,0,None,0.0,0,None
Trincomalee|Pigeon Island,2023,12,Trincomalee,Pigeon Island,0.0,0.0,0.0,0.0,0.0,0.0,0.0,0.0,0.0,0.0,0.0,0.0,0.0,0.0,0.0,0.0,None,0.0,0,2023-12-01,-2.4492935982947064e-16,1.0,NE_monsoon,0.0,0,None,0.0,0,None,0.0,0,None
Trincomalee|Pigeon Island,2024,1,Trincomalee,Pigeon Island,0.0,0.0,0.0,0.0,0.0,0.0,0.0,0.0,0.0,0.0,0.0,0.0,0.0,0.0,0.0,0.0,None,0.0,0,2024-01-01,0.49999999999999994,0.8660254037844387,NE_monsoon,0.0,0,None,0.0,0,None,0.0,0,None
Trincomalee|Pigeon Island,2024,2,Trincomalee,Pigeon Island,0.0,0.0,0.0,0.0,0.0,0.0,0.0,0.0,0.0,0.0,0.0,0.0,0.0,0.0,0.0,0.0,None,0.0,0,2024-02-01,0.8660254037844386,0.5000000000000001,NE_monsoon,0.0,0,None,0.0,0,None,0.0,0,None
Trincomalee|Pigeon Island,2024,3,Trincomalee,Pigeon Island,0.0,0.0,0.0,0.0,0.0,0.0,0.0,0.0,0.0,0.0,0.0,0.0,0.0,0.0,0.0,0.0,None,0.0,0,2024-03-01,1.0,6.123233995736766e-17,Inter_MarApr,0.0,0,None,0.0,0,None,0.0,0,None
Trincomalee|Pigeon Island,2024,4,Trincomalee,Pigeon Island,0.0,0.0,0.0,0.0,0.0,0.0,0.0,0.0,0.0,0.0,0.0,1.0,0.0,0.0,0.0,0.0,Meat/Egg Trade,1.0,1,2024-04-01,0.8660254037844387,-0.4999999999999998,Inter_MarApr,0.0,0,None,0.0,0,None,0.0,0,None
Trincomalee|Pigeon Island,2024,5,Trincomalee,Pigeon Island,0.0,0.0,0.0,0.0,0.0,0.0,0.0,0.0,0.0,0.0,0.0,0.0,0.0,0.0,0.0,0.0,None,0.0,0,2024-05-01,0.49999999999999994,-0.8660254037844387,SW_monsoon,1.0,1,Meat/Egg Trade,0.0,0,None,0.0,0,None
Trincomalee|Pigeon Island,2024,6,Trincomalee,Pigeon Island,0.0,0.0,0.0,0.0,0.0,0.0,0.0,0.0,0.0,0.0,0.0,0.0,0.0,0.0,0.0,0.0,None,0.0,0,2024-06-01,1.2246467991473532e-16,-1.0,SW_monsoon,0.0,0,None,1.0,1,Meat/Egg Trade,0.0,0,None
Trincomalee|Pigeon Island,2024,7,Trincomalee,Pigeon Island,0.0,0.0,0.0,0.0,0.0,0.0,0.0,0.0,0.0,0.0,0.0,0.0,0.0,0.0,0.0,0.0,None,0.0,0,2024-07-01,-0.4999999999999997,-0.8660254037844388,SW_monsoon,0.0,0,None,0.0,0,None,1.0,1,Meat/Egg Trade
Trincomalee|Pigeon Island,2024,8,Trincomalee,Pigeon Island,0.0,0.0,0.0,0.0,0.0,0.0,0.0,0.0,0.0,0.0,0.0,0.0,0.0,0.0,0.0,0.0,None,0.0,0,2024-08-01,-0.8660254037844384,-0.5000000000000004,SW_monsoon,0.0,0,None,0.0,0,None,0.0,0,None
Trincomalee|Pigeon Island,2024,9,Trincomalee,Pigeon Island,0.0,0.0,0.0,0.0,0.0,0.0,0.0,0.0,0.0,0.0,0.0,0.0,0.0,0.0,0.0,0.0,None,0.0,0,2024-09-01,-1.0,-1.8369701987210297e-16,SW_monsoon,0.0,0,None,0.0,0,None,0.0,0,None
Trincomalee|Pigeon Island,2024,10,Trincomalee,Pigeon Island,0.0,0.0,0.0,0.0,0.0,0.0,0.0,0.0,0.0,0.0,0.0,0.0,0.0,0.0,0.0,0.0,None,0.0,0,2024-10-01,-0.8660254037844386,0.5000000000000001,Inter_OctNov,0.0,0,None,0.0,0,None,0.0,0,None
Trincomalee|Pigeon Island,2024,11,Trincomalee,Pigeon Island,0.0,0.0,0.0,0.0,0.0,0.0,0.0,0.0,0.0,0.0,0.0,0.0,0.0,0.0,0.0,0.0,None,0.0,0,2024-11-01,-0.5000000000000004,0.8660254037844384,Inter_OctNov,0.0,0,None,0.0,0,None,0.0,0,None
Trincomalee|Pigeon Island,2024,12,Trincomalee,Pigeon Island,0.0,0.0,0.0,0.0,0.0,0.0,0.0,0.0,0.0,0.0,0.0,0.0,0.0,0.0,0.0,0.0,None,0.0,0,2024-12-01,-2.4492935982947064e-16,1.0,NE_monsoon,0.0,0,None,0.0,0,None,0.0,0,None
Trincomalee|Sanctuary,2022,1,Trincomalee,Sanctuary,0.0,0.0,0.0,0.0,0.0,0.0,0.0,0.0,0.0,0.0,0.0,0.0,0.0,0.0,0.0,0.0,None,0.0,0,2022-01-01,0.49999999999999994,0.8660254037844387,NE_monsoon,0.0,0,None,0.0,0,None,0.0,0,None
Trincomalee|Sanctuary,2022,2,Trincomalee,Sanctuary,0.0,0.0,0.0,0.0,0.0,0.0,0.0,0.0,0.0,0.0,0.0,0.0,0.0,0.0,0.0,0.0,None,0.0,0,2022-02-01,0.8660254037844386,0.5000000000000001,NE_monsoon,0.0,0,None,0.0,0,None,0.0,0,None
Trincomalee|Sanctuary,2022,3,Trincomalee,Sanctuary,0.0,0.0,0.0,0.0,0.0,0.0,0.0,0.0,0.0,0.0,0.0,0.0,0.0,0.0,0.0,0.0,None,0.0,0,2022-03-01,1.0,6.123233995736766e-17,Inter_MarApr,0.0,0,None,0.0,0,None,0.0,0,None
Trincomalee|Sanctuary,2022,4,Trincomalee,Sanctuary,0.0,0.0,0.0,0.0,0.0,0.0,0.0,0.0,0.0,0.0,0.0,0.0,0.0,0.0,0.0,0.0,None,0.0,0,2022-04-01,0.8660254037844387,-0.4999999999999998,Inter_MarApr,0.0,0,None,0.0,0,None,0.0,0,None
Trincomalee|Sanctuary,2022,5,Trincomalee,Sanctuary,0.0,0.0,0.0,0.0,0.0,0.0,0.0,0.0,0.0,0.0,0.0,0.0,0.0,0.0,0.0,0.0,None,0.0,0,2022-05-01,0.49999999999999994,-0.8660254037844387,SW_monsoon,0.0,0,None,0.0,0,None,0.0,0,None
Trincomalee|Sanctuary,2022,6,Trincomalee,Sanctuary,0.0,0.0,0.0,0.0,0.0,0.0,0.0,0.0,0.0,0.0,0.0,0.0,0.0,0.0,0.0,0.0,None,0.0,0,2022-06-01,1.2246467991473532e-16,-1.0,SW_monsoon,0.0,0,None,0.0,0,None,0.0,0,None
Trincomalee|Sanctuary,2022,7,Trincomalee,Sanctuary,0.0,0.0,0.0,0.0,0.0,0.0,0.0,0.0,0.0,0.0,0.0,0.0,0.0,0.0,0.0,0.0,None,0.0,0,2022-07-01,-0.4999999999999997,-0.8660254037844388,SW_monsoon,0.0,0,None,0.0,0,None,0.0,0,None
Trincomalee|Sanctuary,2022,8,Trincomalee,Sanctuary,0.0,0.0,0.0,0.0,0.0,0.0,0.0,0.0,0.0,0.0,0.0,0.0,0.0,0.0,0.0,0.0,None,0.0,0,2022-08-01,-0.8660254037844384,-0.5000000000000004,SW_monsoon,0.0,0,None,0.0,0,None,0.0,0,None
Trincomalee|Sanctuary,2022,9,Trincomalee,Sanctuary,0.0,0.0,0.0,0.0,0.0,0.0,0.0,0.0,0.0,0.0,0.0,0.0,0.0,0.0,0.0,0.0,None,0.0,0,2022-09-01,-1.0,-1.8369701987210297e-16,SW_monsoon,0.0,0,None,0.0,0,None,0.0,0,None
Trincomalee|Sanctuary,2022,10,Trincomalee,Sanctuary,0.0,0.0,0.0,0.0,0.0,0.0,0.0,0.0,0.0,0.0,0.0,0.0,0.0,0.0,0.0,0.0,None,0.0,0,2022-10-01,-0.8660254037844386,0.5000000000000001,Inter_OctNov,0.0,0,None,0.0,0,None,0.0,0,None
Trincomalee|Sanctuary,2022,11,Trincomalee,Sanctuary,0.0,0.0,0.0,0.0,0.0,0.0,0.0,0.0,0.0,0.0,0.0,0.0,0.0,0.0,0.0,0.0,None,0.0,0,2022-11-01,-0.5000000000000004,0.8660254037844384,Inter_OctNov,0.0,0,None,0.0,0,None,0.0,0,None
Trincomalee|Sanctuary,2022,12,Trincomalee,Sanctuary,0.0,0.0,0.0,0.0,0.0,0.0,0.0,0.0,0.0,0.0,0.0,0.0,0.0,0.0,0.0,0.0,None,0.0,0,2022-12-01,-2.4492935982947064e-16,1.0,NE_monsoon,0.0,0,None,0.0,0,None,0.0,0,None
Trincomalee|Sanctuary,2023,1,Trincomalee,Sanctuary,0.0,0.0,0.0,0.0,0.0,0.0,0.0,0.0,0.0,0.0,0.0,0.0,0.0,0.0,0.0,0.0,None,0.0,0,2023-01-01,0.49999999999999994,0.8660254037844387,NE_monsoon,0.0,0,None,0.0,0,None,0.0,0,None
Trincomalee|Sanctuary,2023,2,Trincomalee,Sanctuary,0.0,0.0,0.0,0.0,0.0,0.0,0.0,0.0,0.0,0.0,0.0,0.0,0.0,0.0,0.0,0.0,None,0.0,0,2023-02-01,0.8660254037844386,0.5000000000000001,NE_monsoon,0.0,0,None,0.0,0,None,0.0,0,None
Trincomalee|Sanctuary,2023,3,Trincomalee,Sanctuary,0.0,0.0,0.0,0.0,0.0,0.0,0.0,0.0,0.0,0.0,0.0,0.0,0.0,0.0,0.0,0.0,None,0.0,0,2023-03-01,1.0,6.123233995736766e-17,Inter_MarApr,0.0,0,None,0.0,0,None,0.0,0,None
Trincomalee|Sanctuary,2023,4,Trincomalee,Sanctuary,0.0,0.0,0.0,0.0,0.0,0.0,0.0,0.0,0.0,0.0,0.0,0.0,0.0,0.0,0.0,0.0,None,0.0,0,2023-04-01,0.8660254037844387,-0.4999999999999998,Inter_MarApr,0.0,0,None,0.0,0,None,0.0,0,None
Trincomalee|Sanctuary,2023,5,Trincomalee,Sanctuary,0.0,0.0,0.0,0.0,0.0,0.0,0.0,0.0,0.0,0.0,0.0,0.0,0.0,3.0,0.0,0.0,Other,3.0,1,2023-05-01,0.49999999999999994,-0.8660254037844387,SW_monsoon,0.0,0,None,0.0,0,None,0.0,0,None
Trincomalee|Sanctuary,2023,6,Trincomalee,Sanctuary,0.0,0.0,0.0,0.0,0.0,0.0,0.0,0.0,0.0,0.0,0.0,0.0,0.0,0.0,0.0,0.0,None,0.0,0,2023-06-01,1.2246467991473532e-16,-1.0,SW_monsoon,3.0,1,Other,0.0,0,None,0.0,0,None
Trincomalee|Sanctuary,2023,7,Trincomalee,Sanctuary,0.0,0.0,0.0,0.0,0.0,0.0,0.0,0.0,0.0,0.0,0.0,0.0,0.0,0.0,0.0,0.0,None,0.0,0,2023-07-01,-0.4999999999999997,-0.8660254037844388,SW_monsoon,0.0,0,None,3.0,1,Other,0.0,0,None
Trincomalee|Sanctuary,2023,8,Trincomalee,Sanctuary,0.0,0.0,0.0,0.0,0.0,0.0,0.0,0.0,0.0,0.0,0.0,0.0,0.0,0.0,0.0,0.0,None,0.0,0,2023-08-01,-0.8660254037844384,-0.5000000000000004,SW_monsoon,0.0,0,None,0.0,0,None,3.0,1,Other
Trincomalee|Sanctuary,2023,9,Trincomalee,Sanctuary,0.0,0.0,0.0,0.0,0.0,0.0,0.0,0.0,0.0,0.0,0.0,0.0,0.0,0.0,0.0,0.0,None,0.0,0,2023-09-01,-1.0,-1.8369701987210297e-16,SW_monsoon,0.0,0,None,0.0,0,None,0.0,0,None
Trincomalee|Sanctuary,2023,10,Trincomalee,Sanctuary,0.0,0.0,0.0,0.0,0.0,0.0,0.0,0.0,0.0,0.0,0.0,0.0,0.0,0.0,0.0,0.0,None,0.0,0,2023-10-01,-0.8660254037844386,0.5000000000000001,Inter_OctNov,0.0,0,None,0.0,0,None,0.0,0,None
Trincomalee|Sanctuary,2023,11,Trincomalee,Sanctuary,0.0,0.0,0.0,0.0,0.0,0.0,0.0,0.0,0.0,0.0,0.0,0.0,0.0,0.0,0.0,0.0,None,0.0,0,2023-11-01,-0.5000000000000004,0.8660254037844384,Inter_OctNov,0.0,0,None,0.0,0,None,0.0,0,None
Trincomalee|Sanctuary,2023,12,Trincomalee,Sanctuary,0.0,0.0,0.0,0.0,0.0,0.0,0.0,0.0,0.0,0.0,0.0,0.0,0.0,0.0,0.0,0.0,None,0.0,0,2023-12-01,-2.4492935982947064e-16,1.0,NE_monsoon,0.0,0,None,0.0,0,None,0.0,0,None
Trincomalee|Sanctuary,2024,1,Trincomalee,Sanctuary,0.0,0.0,0.0,0.0,0.0,0.0,0.0,0.0,0.0,0.0,0.0,0.0,0.0,0.0,0.0,0.0,None,0.0,0,2024-01-01,0.49999999999999994,0.8660254037844387,NE_monsoon,0.0,0,None,0.0,0,None,0.0,0,None
Trincomalee|Sanctuary,2024,2,Trincomalee,Sanctuary,0.0,0.0,0.0,0.0,0.0,0.0,0.0,0.0,0.0,0.0,0.0,0.0,0.0,0.0,0.0,0.0,None,0.0,0,2024-02-01,0.8660254037844386,0.5000000000000001,NE_monsoon,0.0,0,None,0.0,0,None,0.0,0,None
Trincomalee|Sanctuary,2024,3,Trincomalee,Sanctuary,0.0,0.0,0.0,0.0,0.0,0.0,0.0,0.0,0.0,0.0,0.0,0.0,0.0,0.0,0.0,0.0,None,0.0,0,2024-03-01,1.0,6.123233995736766e-17,Inter_MarApr,0.0,0,None,0.0,0,None,0.0,0,None
Trincomalee|Sanctuary,2024,4,Trincomalee,Sanctuary,0.0,0.0,0.0,0.0,0.0,0.0,0.0,0.0,0.0,0.0,0.0,0.0,0.0,0.0,0.0,0.0,None,0.0,0,2024-04-01,0.8660254037844387,-0.4999999999999998,Inter_MarApr,0.0,0,None,0.0,0,None,0.0,0,None
Trincomalee|Sanctuary,2024,5,Trincomalee,Sanctuary,0.0,0.0,0.0,0.0,0.0,0.0,0.0,0.0,0.0,0.0,0.0,0.0,0.0,0.0,0.0,0.0,None,0.0,0,2024-05-01,0.49999999999999994,-0.8660254037844387,SW_monsoon,0.0,0,None,0.0,0,None,0.0,0,None
Trincomalee|Sanctuary,2024,6,Trincomalee,Sanctuary,0.0,0.0,0.0,0.0,0.0,0.0,0.0,0.0,0.0,0.0,0.0,0.0,0.0,0.0,0.0,0.0,None,0.0,0,2024-06-01,1.2246467991473532e-16,-1.0,SW_monsoon,0.0,0,None,0.0,0,None,0.0,0,None
Trincomalee|Sanctuary,2024,7,Trincomalee,Sanctuary,0.0,0.0,0.0,0.0,0.0,0.0,0.0,0.0,0.0,0.0,0.0,0.0,0.0,0.0,0.0,0.0,None,0.0,0,2024-07-01,-0.4999999999999997,-0.8660254037844388,SW_monsoon,0.0,0,None,0.0,0,None,0.0,0,None
Trincomalee|Sanctuary,2024,8,Trincomalee,Sanctuary,0.0,0.0,0.0,0.0,0.0,0.0,0.0,0.0,0.0,0.0,0.0,0.0,0.0,0.0,0.0,0.0,None,0.0,0,2024-08-01,-0.8660254037844384,-0.5000000000000004,SW_monsoon,0.0,0,None,0.0,0,None,0.0,0,None
Trincomalee|Sanctuary,2024,9,Trincomalee,Sanctuary,0.0,0.0,0.0,0.0,0.0,0.0,0.0,0.0,0.0,0.0,0.0,0.0,0.0,0.0,0.0,0.0,None,0.0,0,2024-09-01,-1.0,-1.8369701987210297e-16,SW_monsoon,0.0,0,None,0.0,0,None,0.0,0,None
Trincomalee|Sanctuary,2024,10,Trincomalee,Sanctuary,0.0,0.0,0.0,0.0,0.0,0.0,0.0,0.0,0.0,0.0,0.0,0.0,0.0,0.0,0.0,0.0,None,0.0,0,2024-10-01,-0.8660254037844386,0.5000000000000001,Inter_OctNov,0.0,0,None,0.0,0,None,0.0,0,None
Trincomalee|Sanctuary,2024,11,Trincomalee,Sanctuary,0.0,0.0,0.0,0.0,0.0,14.0,0.0,0.0,0.0,0.0,0.0,0.0,0.0,0.0,0.0,0.0,Encroachment/Land,14.0,1,2024-11-01,-0.5000000000000004,0.8660254037844384,Inter_OctNov,0.0,0,None,0.0,0,None,0.0,0,None
Trincomalee|Sanctuary,2024,12,Trincomalee,Sanctuary,0.0,0.0,0.0,0.0,0.0,0.0,0.0,0.0,0.0,0.0,0.0,0.0,0.0,0.0,0.0,0.0,None,0.0,0,2024-12-01,-2.4492935982947064e-16,1.0,NE_monsoon,14.0,1,Encroachment/Land,0.0,0,None,0.0,0,None
Trincomalee|Trincomalee,2022,1,Trincomalee,Trincomalee,0.0,0.0,0.0,0.0,0.0,0.0,0.0,0.0,0.0,0.0,0.0,0.0,0.0,0.0,0.0,0.0,None,0.0,0,2022-01-01,0.49999999999999994,0.8660254037844387,NE_monsoon,0.0,0,None,0.0,0,None,0.0,0,None
Trincomalee|Trincomalee,2022,2,Trincomalee,Trincomalee,0.0,0.0,0.0,0.0,0.0,0.0,0.0,0.0,0.0,0.0,0.0,0.0,0.0,0.0,0.0,0.0,None,0.0,0,2022-02-01,0.8660254037844386,0.5000000000000001,NE_monsoon,0.0,0,None,0.0,0,None,0.0,0,None
Trincomalee|Trincomalee,2022,3,Trincomalee,Trincomalee,0.0,0.0,0.0,0.0,0.0,0.0,0.0,0.0,0.0,0.0,0.0,0.0,0.0,0.0,0.0,0.0,None,0.0,0,2022-03-01,1.0,6.123233995736766e-17,Inter_MarApr,0.0,0,None,0.0,0,None,0.0,0,None
Trincomalee|Trincomalee,2022,4,Trincomalee,Trincomalee,0.0,0.0,0.0,0.0,0.0,0.0,0.0,0.0,0.0,0.0,0.0,0.0,0.0,0.0,0.0,0.0,None,0.0,0,2022-04-01,0.8660254037844387,-0.4999999999999998,Inter_MarApr,0.0,0,None,0.0,0,None,0.0,0,None
Trincomalee|Trincomalee,2022,5,Trincomalee,Trincomalee,0.0,0.0,0.0,0.0,0.0,0.0,0.0,0.0,0.0,0.0,0.0,0.0,0.0,0.0,0.0,0.0,None,0.0,0,2022-05-01,0.49999999999999994,-0.8660254037844387,SW_monsoon,0.0,0,None,0.0,0,None,0.0,0,None
Trincomalee|Trincomalee,2022,6,Trincomalee,Trincomalee,0.0,0.0,0.0,0.0,0.0,0.0,0.0,0.0,0.0,0.0,0.0,0.0,0.0,0.0,0.0,0.0,None,0.0,0,2022-06-01,1.2246467991473532e-16,-1.0,SW_monsoon,0.0,0,None,0.0,0,None,0.0,0,None
Trincomalee|Trincomalee,2022,7,Trincomalee,Trincomalee,0.0,0.0,0.0,0.0,0.0,0.0,0.0,0.0,0.0,0.0,0.0,0.0,0.0,0.0,0.0,0.0,None,0.0,0,2022-07-01,-0.4999999999999997,-0.8660254037844388,SW_monsoon,0.0,0,None,0.0,0,None,0.0,0,None
Trincomalee|Trincomalee,2022,8,Trincomalee,Trincomalee,0.0,0.0,0.0,0.0,0.0,0.0,0.0,0.0,0.0,0.0,0.0,0.0,0.0,0.0,0.0,0.0,None,0.0,0,2022-08-01,-0.8660254037844384,-0.5000000000000004,SW_monsoon,0.0,0,None,0.0,0,None,0.0,0,None
Trincomalee|Trincomalee,2022,9,Trincomalee,Trincomalee,0.0,0.0,0.0,0.0,0.0,0.0,0.0,0.0,0.0,0.0,0.0,0.0,0.0,0.0,0.0,0.0,None,0.0,0,2022-09-01,-1.0,-1.8369701987210297e-16,SW_monsoon,0.0,0,None,0.0,0,None,0.0,0,None
Trincomalee|Trincomalee,2022,10,Trincomalee,Trincomalee,0.0,0.0,0.0,0.0,0.0,0.0,0.0,0.0,0.0,0.0,0.0,0.0,0.0,0.0,0.0,0.0,None,0.0,0,2022-10-01,-0.8660254037844386,0.5000000000000001,Inter_OctNov,0.0,0,None,0.0,0,None,0.0,0,None
Trincomalee|Trincomalee,2022,11,Trincomalee,Trincomalee,0.0,0.0,0.0,0.0,0.0,0.0,0.0,0.0,0.0,0.0,0.0,0.0,0.0,0.0,0.0,0.0,None,0.0,0,2022-11-01,-0.5000000000000004,0.8660254037844384,Inter_OctNov,0.0,0,None,0.0,0,None,0.0,0,None
Trincomalee|Trincomalee,2022,12,Trincomalee,Trincomalee,0.0,0.0,0.0,0.0,0.0,0.0,0.0,0.0,0.0,0.0,0.0,0.0,0.0,0.0,0.0,0.0,None,0.0,0,2022-12-01,-2.4492935982947064e-16,1.0,NE_monsoon,0.0,0,None,0.0,0,None,0.0,0,None
Trincomalee|Trincomalee,2023,1,Trincomalee,Trincomalee,5.0,0.0,0.0,0.0,0.0,0.0,0.0,9.0,0.0,0.0,0.0,6.0,0.0,0.0,0.0,1.0,Hunting/Killing,21.0,1,2023-01-01,0.49999999999999994,0.8660254037844387,NE_monsoon,0.0,0,None,0.0,0,None,0.0,0,None
Trincomalee|Trincomalee,2023,2,Trincomalee,Trincomalee,0.0,0.0,0.0,0.0,0.0,0.0,0.0,0.0,0.0,0.0,0.0,0.0,0.0,0.0,0.0,0.0,None,0.0,0,2023-02-01,0.8660254037844386,0.5000000000000001,NE_monsoon,21.0,1,Hunting/Killing,0.0,0,None,0.0,0,None
Trincomalee|Trincomalee,2023,3,Trincomalee,Trincomalee,9.0,0.0,0.0,0.0,0.0,0.0,0.0,0.0,0.0,0.0,15.0,20.0,0.0,0.0,0.0,1.0,Meat/Egg Trade,45.0,1,2023-03-01,1.0,6.123233995736766e-17,Inter_MarApr,0.0,0,None,21.0,1,Hunting/Killing,0.0,0,None
Trincomalee|Trincomalee,2023,4,Trincomalee,Trincomalee,10.0,0.0,0.0,0.0,0.0,0.0,0.0,0.0,0.0,0.0,0.0,0.0,0.0,0.0,0.0,0.0,Animal Death/Injury,10.0,1,2023-04-01,0.8660254037844387,-0.4999999999999998,Inter_MarApr,45.0,1,Meat/Egg Trade,0.0,0,None,21.0,1,Hunting/Killing
Trincomalee|Trincomalee,2023,5,Trincomalee,Trincomalee,0.0,0.0,0.0,0.0,0.0,0.0,0.0,0.0,0.0,0.0,0.0,0.0,0.0,0.0,0.0,0.0,None,0.0,0,2023-05-01,0.49999999999999994,-0.8660254037844387,SW_monsoon,10.0,1,Animal Death/Injury,45.0,1,Meat/Egg Trade,0.0,0,None
Trincomalee|Trincomalee,2023,6,Trincomalee,Trincomalee,0.0,0.0,0.0,0.0,0.0,0.0,0.0,0.0,0.0,0.0,0.0,0.0,0.0,0.0,0.0,1.0,Weapons/Traps,1.0,1,2023-06-01,1.2246467991473532e-16,-1.0,SW_monsoon,0.0,0,None,10.0,1,Animal Death/Injury,45.0,1,Meat/Egg Trade
Trincomalee|Trincomalee,2023,7,Trincomalee,Trincomalee,0.0,0.0,0.0,0.0,0.0,0.0,0.0,0.0,0.0,0.0,0.0,1.0,0.0,0.0,0.0,0.0,Meat/Egg Trade,1.0,1,2023-07-01,-0.4999999999999997,-0.8660254037844388,SW_monsoon,1.0,1,Weapons/Traps,0.0,0,None,10.0,1,Animal Death/Injury
Trincomalee|Trincomalee,2023,8,Trincomalee,Trincomalee,0.0,0.0,0.0,0.0,0.0,0.0,0.0,0.0,0.0,0.0,0.0,0.0,0.0,0.0,0.0,0.0,None,0.0,0,2023-08-01,-0.8660254037844384,-0.5000000000000004,SW_monsoon,1.0,1,Meat/Egg Trade,1.0,1,Weapons/Traps,0.0,0,None
Trincomalee|Trincomalee,2023,9,Trincomalee,Trincomalee,0.0,0.0,0.0,3.0,0.0,0.0,0.0,0.0,0.0,0.0,0.0,10.0,3.0,5.0,0.0,0.0,Meat/Egg Trade,21.0,1,2023-09-01,-1.0,-1.8369701987210297e-16,SW_monsoon,0.0,0,None,1.0,1,Meat/Egg Trade,1.0,1,Weapons/Traps
Trincomalee|Trincomalee,2023,10,Trincomalee,Trincomalee,0.0,0.0,0.0,0.0,0.0,0.0,0.0,0.0,0.0,0.0,0.0,0.0,0.0,0.0,0.0,0.0,None,0.0,0,2023-10-01,-0.8660254037844386,0.5000000000000001,Inter_OctNov,21.0,1,Meat/Egg Trade,0.0,0,None,1.0,1,Meat/Egg Trade
Trincomalee|Trincomalee,2023,11,Trincomalee,Trincomalee,0.0,0.0,2.0,0.0,0.0,0.0,0.0,0.0,0.0,0.0,0.0,0.0,0.0,1.0,0.0,0.0,Animal Possession,3.0,1,2023-11-01,-0.5000000000000004,0.8660254037844384,Inter_OctNov,0.0,0,None,21.0,1,Meat/Egg Trade,0.0,0,None
Trincomalee|Trincomalee,2023,12,Trincomalee,Trincomalee,5.0,0.0,6.0,0.0,0.0,0.0,0.0,0.0,0.0,0.0,0.0,0.0,7.0,0.0,0.0,1.0,Mining,19.0,1,2023-12-01,-2.4492935982947064e-16,1.0,NE_monsoon,3.0,1,Animal Possession,0.0,0,None,21.0,1,Meat/Egg Trade
Trincomalee|Trincomalee,2024,1,Trincomalee,Trincomalee,0.0,0.0,0.0,0.0,0.0,0.0,0.0,0.0,0.0,0.0,0.0,4.0,0.0,9.0,0.0,2.0,Meat/Egg Trade,15.0,1,2024-01-01,0.49999999999999994,0.8660254037844387,NE_monsoon,19.0,1,Mining,3.0,1,Animal Possession,0.0,0,None
Trincomalee|Trincomalee,2024,2,Trincomalee,Trincomalee,0.0,0.0,0.0,0.0,0.0,0.0,0.0,0.0,0.0,0.0,0.0,0.0,0.0,0.0,0.0,0.0,None,0.0,0,2024-02-01,0.8660254037844386,0.5000000000000001,NE_monsoon,15.0,1,Meat/Egg Trade,19.0,1,Mining,3.0,1,Animal Possession
Trincomalee|Trincomalee,2024,3,Trincomalee,Trincomalee,0.0,0.0,0.0,0.0,0.0,0.0,0.0,0.0,0.0,0.0,0.0,1.0,0.0,2.0,0.0,0.0,Meat/Egg Trade,3.0,1,2024-03-01,1.0,6.123233995736766e-17,Inter_MarApr,0.0,0,None,15.0,1,Meat/Egg Trade,19.0,1,Mining
Trincomalee|Trincomalee,2024,4,Trincomalee,Trincomalee,0.0,0.0,0.0,0.0,0.0,0.0,0.0,5.0,0.0,0.0,0.0,0.0,0.0,3.0,0.0,2.0,Hunting/Killing,10.0,1,2024-04-01,0.8660254037844387,-0.4999999999999998,Inter_MarApr,3.0,1,Meat/Egg Trade,0.0,0,None,15.0,1,Meat/Egg Trade
Trincomalee|Trincomalee,2024,5,Trincomalee,Trincomalee,0.0,0.0,0.0,0.0,0.0,0.0,0.0,0.0,0.0,0.0,1.0,2.0,0.0,0.0,0.0,0.0,Meat/Egg Trade,3.0,1,2024-05-01,0.49999999999999994,-0.8660254037844387,SW_monsoon,10.0,1,Hunting/Killing,3.0,1,Meat/Egg Trade,0.0,0,None
Trincomalee|Trincomalee,2024,6,Trincomalee,Trincomalee,0.0,0.0,0.0,0.0,0.0,7.0,0.0,0.0,0.0,0.0,0.0,8.0,0.0,0.0,0.0,7.0,Meat/Egg Trade,22.0,1,2024-06-01,1.2246467991473532e-16,-1.0,SW_monsoon,3.0,1,Meat/Egg Trade,10.0,1,Hunting/Killing,3.0,1,Meat/Egg Trade
Trincomalee|Trincomalee,2024,7,Trincomalee,Trincomalee,0.0,0.0,1.0,0.0,0.0,0.0,0.0,0.0,0.0,0.0,0.0,0.0,0.0,0.0,0.0,0.0,Animal Possession,1.0,1,2024-07-01,-0.4999999999999997,-0.8660254037844388,SW_monsoon,22.0,1,Meat/Egg Trade,3.0,1,Meat/Egg Trade,10.0,1,Hunting/Killing
Trincomalee|Trincomalee,2024,8,Trincomalee,Trincomalee,0.0,0.0,0.0,0.0,0.0,0.0,0.0,0.0,0.0,0.0,0.0,2.0,0.0,0.0,0.0,1.0,Meat/Egg Trade,3.0,1,2024-08-01,-0.8660254037844384,-0.5000000000000004,SW_monsoon,1.0,1,Animal Possession,22.0,1,Meat/Egg Trade,3.0,1,Meat/Egg Trade
Trincomalee|Trincomalee,2024,9,Trincomalee,Trincomalee,0.0,0.0,0.0,0.0,0.0,0.0,0.0,0.0,0.0,0.0,0.0,0.0,0.0,0.0,0.0,0.0,None,0.0,0,2024-09-01,-1.0,-1.8369701987210297e-16,SW_monsoon,3.0,1,Meat/Egg Trade,1.0,1,Animal Possession,22.0,1,Meat/Egg Trade
Trincomalee|Trincomalee,2024,10,Trincomalee,Trincomalee,0.0,0.0,0.0,0.0,0.0,0.0,0.0,0.0,0.0,0.0,0.0,0.0,0.0,0.0,0.0,0.0,None,0.0,0,2024-10-01,-0.8660254037844386,0.5000000000000001,Inter_OctNov,0.0,0,None,3.0,1,Meat/Egg Trade,1.0,1,Animal Possession
Trincomalee|Trincomalee,2024,11,Trincomalee,Trincomalee,0.0,0.0,0.0,0.0,0.0,0.0,0.0,0.0,0.0,0.0,0.0,0.0,0.0,0.0,0.0,0.0,None,0.0,0,2024-11-01,-0.5000000000000004,0.8660254037844384,Inter_OctNov,0.0,0,None,0.0,0,None,3.0,1,Meat/Egg Trade
Trincomalee|Trincomalee,2024,12,Trincomalee,Trincomalee,0.0,0.0,0.0,0.0,0.0,0.0,0.0,0.0,0.0,0.0,0.0,0.0,0.0,0.0,0.0,0.0,None,0.0,0,2024-12-01,-2.4492935982947064e-16,1.0,NE_monsoon,0.0,0,None,0.0,0,None,0.0,0,None
Trincomalee|Unknown,2022,1,Trincomalee,Unknown,0.0,0.0,0.0,0.0,0.0,0.0,0.0,0.0,0.0,0.0,0.0,0.0,0.0,3.0,0.0,0.0,Other,3.0,1,2022-01-01,0.49999999999999994,0.8660254037844387,NE_monsoon,0.0,0,None,0.0,0,None,0.0,0,None
Trincomalee|Unknown,2022,2,Trincomalee,Unknown,0.0,0.0,0.0,0.0,0.0,0.0,0.0,0.0,0.0,0.0,0.0,0.0,0.0,1.0,0.0,0.0,Other,1.0,1,2022-02-01,0.8660254037844386,0.5000000000000001,NE_monsoon,3.0,1,Other,0.0,0,None,0.0,0,None
Trincomalee|Unknown,2022,3,Trincomalee,Unknown,0.0,0.0,0.0,0.0,0.0,0.0,0.0,0.0,0.0,0.0,0.0,0.0,0.0,6.0,0.0,0.0,Other,6.0,1,2022-03-01,1.0,6.123233995736766e-17,Inter_MarApr,1.0,1,Other,3.0,1,Other,0.0,0,None
Trincomalee|Unknown,2022,4,Trincomalee,Unknown,0.0,0.0,0.0,0.0,0.0,0.0,0.0,0.0,0.0,0.0,0.0,0.0,0.0,6.0,0.0,0.0,Other,6.0,1,2022-04-01,0.8660254037844387,-0.4999999999999998,Inter_MarApr,6.0,1,Other,1.0,1,Other,3.0,1,Other
Trincomalee|Unknown,2022,5,Trincomalee,Unknown,0.0,0.0,0.0,0.0,0.0,0.0,0.0,0.0,0.0,0.0,0.0,0.0,0.0,1.0,0.0,0.0,Other,1.0,1,2022-05-01,0.49999999999999994,-0.8660254037844387,SW_monsoon,6.0,1,Other,6.0,1,Other,1.0,1,Other
Trincomalee|Unknown,2022,6,Trincomalee,Unknown,0.0,0.0,0.0,0.0,0.0,0.0,0.0,0.0,0.0,0.0,0.0,0.0,0.0,91.0,0.0,0.0,Other,91.0,1,2022-06-01,1.2246467991473532e-16,-1.0,SW_monsoon,1.0,1,Other,6.0,1,Other,6.0,1,Other
Trincomalee|Unknown,2022,7,Trincomalee,Unknown,0.0,0.0,0.0,0.0,0.0,0.0,0.0,0.0,0.0,0.0,0.0,0.0,0.0,0.0,0.0,0.0,None,0.0,0,2022-07-01,-0.4999999999999997,-0.8660254037844388,SW_monsoon,91.0,1,Other,1.0,1,Other,6.0,1,Other
Trincomalee|Unknown,2022,8,Trincomalee,Unknown,0.0,0.0,0.0,0.0,0.0,0.0,0.0,0.0,0.0,0.0,0.0,0.0,0.0,0.0,0.0,0.0,None,0.0,0,2022-08-01,-0.8660254037844384,-0.5000000000000004,SW_monsoon,0.0,0,None,91.0,1,Other,1.0,1,Other
Trincomalee|Unknown,2022,9,Trincomalee,Unknown,0.0,0.0,0.0,0.0,0.0,0.0,0.0,0.0,0.0,0.0,0.0,0.0,0.0,0.0,0.0,0.0,None,0.0,0,2022-09-01,-1.0,-1.8369701987210297e-16,SW_monsoon,0.0,0,None,0.0,0,None,91.0,1,Other
Trincomalee|Unknown,2022,10,Trincomalee,Unknown,0.0,0.0,0.0,0.0,0.0,0.0,0.0,0.0,0.0,0.0,0.0,0.0,0.0,0.0,0.0,0.0,None,0.0,0,2022-10-01,-0.8660254037844386,0.5000000000000001,Inter_OctNov,0.0,0,None,0.0,0,None,0.0,0,None
Trincomalee|Unknown,2022,11,Trincomalee,Unknown,0.0,0.0,0.0,0.0,0.0,0.0,0.0,0.0,0.0,0.0,0.0,0.0,0.0,0.0,0.0,0.0,None,0.0,0,2022-11-01,-0.5000000000000004,0.8660254037844384,Inter_OctNov,0.0,0,None,0.0,0,None,0.0,0,None
Trincomalee|Unknown,2022,12,Trincomalee,Unknown,0.0,0.0,0.0,0.0,0.0,0.0,0.0,0.0,0.0,0.0,0.0,0.0,0.0,0.0,0.0,0.0,None,0.0,0,2022-12-01,-2.4492935982947064e-16,1.0,NE_monsoon,0.0,0,None,0.0,0,None,0.0,0,None
Trincomalee|Unknown,2023,1,Trincomalee,Unknown,0.0,0.0,0.0,0.0,0.0,0.0,0.0,0.0,0.0,0.0,0.0,0.0,0.0,0.0,0.0,0.0,None,0.0,0,2023-01-01,0.49999999999999994,0.8660254037844387,NE_monsoon,0.0,0,None,0.0,0,None,0.0,0,None
Trincomalee|Unknown,2023,2,Trincomalee,Unknown,0.0,0.0,0.0,0.0,0.0,0.0,0.0,0.0,0.0,0.0,0.0,0.0,0.0,0.0,0.0,0.0,None,0.0,0,2023-02-01,0.8660254037844386,0.5000000000000001,NE_monsoon,0.0,0,None,0.0,0,None,0.0,0,None
Trincomalee|Unknown,2023,3,Trincomalee,Unknown,0.0,0.0,0.0,0.0,0.0,0.0,0.0,0.0,0.0,0.0,0.0,0.0,0.0,0.0,0.0,0.0,None,0.0,0,2023-03-01,1.0,6.123233995736766e-17,Inter_MarApr,0.0,0,None,0.0,0,None,0.0,0,None
Trincomalee|Unknown,2023,4,Trincomalee,Unknown,0.0,0.0,0.0,0.0,0.0,0.0,0.0,0.0,0.0,0.0,0.0,0.0,0.0,0.0,0.0,0.0,None,0.0,0,2023-04-01,0.8660254037844387,-0.4999999999999998,Inter_MarApr,0.0,0,None,0.0,0,None,0.0,0,None
Trincomalee|Unknown,2023,5,Trincomalee,Unknown,0.0,0.0,0.0,0.0,0.0,0.0,0.0,0.0,0.0,0.0,0.0,0.0,0.0,0.0,0.0,1.0,Weapons/Traps,1.0,1,2023-05-01,0.49999999999999994,-0.8660254037844387,SW_monsoon,0.0,0,None,0.0,0,None,0.0,0,None
Trincomalee|Unknown,2023,6,Trincomalee,Unknown,0.0,0.0,0.0,0.0,0.0,0.0,0.0,0.0,0.0,0.0,0.0,0.0,0.0,0.0,0.0,0.0,None,0.0,0,2023-06-01,1.2246467991473532e-16,-1.0,SW_monsoon,1.0,1,Weapons/Traps,0.0,0,None,0.0,0,None
Trincomalee|Unknown,2023,7,Trincomalee,Unknown,0.0,0.0,0.0,0.0,0.0,0.0,0.0,0.0,0.0,0.0,0.0,0.0,0.0,0.0,0.0,0.0,None,0.0,0,2023-07-01,-0.4999999999999997,-0.8660254037844388,SW_monsoon,0.0,0,None,1.0,1,Weapons/Traps,0.0,0,None
Trincomalee|Unknown,2023,8,Trincomalee,Unknown,0.0,0.0,0.0,0.0,0.0,0.0,0.0,0.0,0.0,0.0,0.0,0.0,0.0,0.0,0.0,0.0,None,0.0,0,2023-08-01,-0.8660254037844384,-0.5000000000000004,SW_monsoon,0.0,0,None,0.0,0,None,1.0,1,Weapons/Traps
Trincomalee|Unknown,2023,9,Trincomalee,Unknown,0.0,0.0,0.0,0.0,0.0,0.0,0.0,0.0,0.0,0.0,0.0,0.0,0.0,0.0,0.0,0.0,None,0.0,0,2023-09-01,-1.0,-1.8369701987210297e-16,SW_monsoon,0.0,0,None,0.0,0,None,0.0,0,None
Trincomalee|Unknown,2023,10,Trincomalee,Unknown,0.0,0.0,0.0,0.0,0.0,0.0,0.0,0.0,0.0,0.0,0.0,0.0,0.0,0.0,0.0,0.0,None,0.0,0,2023-10-01,-0.8660254037844386,0.5000000000000001,Inter_OctNov,0.0,0,None,0.0,0,None,0.0,0,None
Trincomalee|Unknown,2023,11,Trincomalee,Unknown,0.0,0.0,0.0,0.0,0.0,0.0,0.0,0.0,0.0,0.0,0.0,0.0,0.0,0.0,0.0,0.0,None,0.0,0,2023-11-01,-0.5000000000000004,0.8660254037844384,Inter_OctNov,0.0,0,None,0.0,0,None,0.0,0,None
Trincomalee|Unknown,2023,12,Trincomalee,Unknown,0.0,0.0,0.0,0.0,0.0,0.0,0.0,0.0,0.0,0.0,0.0,0.0,0.0,0.0,0.0,0.0,None,0.0,0,2023-12-01,-2.4492935982947064e-16,1.0,NE_monsoon,0.0,0,None,0.0,0,None,0.0,0,None
Trincomalee|Unknown,2024,1,Trincomalee,Unknown,0.0,0.0,0.0,0.0,0.0,0.0,0.0,0.0,0.0,0.0,0.0,0.0,0.0,0.0,0.0,0.0,None,0.0,0,2024-01-01,0.49999999999999994,0.8660254037844387,NE_monsoon,0.0,0,None,0.0,0,None,0.0,0,None
Trincomalee|Unknown,2024,2,Trincomalee,Unknown,0.0,0.0,0.0,0.0,0.0,0.0,0.0,0.0,0.0,0.0,0.0,0.0,0.0,0.0,0.0,0.0,None,0.0,0,2024-02-01,0.8660254037844386,0.5000000000000001,NE_monsoon,0.0,0,None,0.0,0,None,0.0,0,None
Trincomalee|Unknown,2024,3,Trincomalee,Unknown,0.0,0.0,0.0,0.0,0.0,0.0,0.0,0.0,0.0,0.0,0.0,0.0,0.0,0.0,0.0,0.0,None,0.0,0,2024-03-01,1.0,6.123233995736766e-17,Inter_MarApr,0.0,0,None,0.0,0,None,0.0,0,None
Trincomalee|Unknown,2024,4,Trincomalee,Unknown,0.0,0.0,0.0,0.0,0.0,0.0,0.0,0.0,0.0,0.0,0.0,0.0,0.0,0.0,0.0,0.0,None,0.0,0,2024-04-01,0.8660254037844387,-0.4999999999999998,Inter_MarApr,0.0,0,None,0.0,0,None,0.0,0,None
Trincomalee|Unknown,2024,5,Trincomalee,Unknown,0.0,0.0,0.0,0.0,0.0,0.0,0.0,0.0,0.0,0.0,0.0,0.0,0.0,0.0,0.0,0.0,None,0.0,0,2024-05-01,0.49999999999999994,-0.8660254037844387,SW_monsoon,0.0,0,None,0.0,0,None,0.0,0,None
Trincomalee|Unknown,2024,6,Trincomalee,Unknown,0.0,0.0,0.0,0.0,0.0,0.0,0.0,0.0,0.0,0.0,0.0,0.0,0.0,0.0,0.0,0.0,None,0.0,0,2024-06-01,1.2246467991473532e-16,-1.0,SW_monsoon,0.0,0,None,0.0,0,None,0.0,0,None
Trincomalee|Unknown,2024,7,Trincomalee,Unknown,0.0,0.0,0.0,0.0,0.0,0.0,0.0,0.0,0.0,0.0,0.0,0.0,0.0,0.0,0.0,0.0,None,0.0,0,2024-07-01,-0.4999999999999997,-0.8660254037844388,SW_monsoon,0.0,0,None,0.0,0,None,0.0,0,None
Trincomalee|Unknown,2024,8,Trincomalee,Unknown,0.0,0.0,0.0,0.0,0.0,0.0,0.0,0.0,0.0,0.0,0.0,0.0,0.0,0.0,0.0,0.0,None,0.0,0,2024-08-01,-0.8660254037844384,-0.5000000000000004,SW_monsoon,0.0,0,None,0.0,0,None,0.0,0,None
Trincomalee|Unknown,2024,9,Trincomalee,Unknown,0.0,0.0,0.0,0.0,0.0,0.0,0.0,0.0,0.0,0.0,0.0,0.0,0.0,0.0,0.0,0.0,None,0.0,0,2024-09-01,-1.0,-1.8369701987210297e-16,SW_monsoon,0.0,0,None,0.0,0,None,0.0,0,None
Trincomalee|Unknown,2024,10,Trincomalee,Unknown,0.0,0.0,0.0,0.0,0.0,0.0,0.0,0.0,0.0,0.0,0.0,0.0,0.0,0.0,0.0,0.0,None,0.0,0,2024-10-01,-0.8660254037844386,0.5000000000000001,Inter_OctNov,0.0,0,None,0.0,0,None,0.0,0,None
Trincomalee|Unknown,2024,11,Trincomalee,Unknown,0.0,0.0,0.0,0.0,0.0,0.0,0.0,0.0,0.0,0.0,0.0,0.0,0.0,1.0,0.0,0.0,Other,1.0,1,2024-11-01,-0.5000000000000004,0.8660254037844384,Inter_OctNov,0.0,0,None,0.0,0,None,0.0,0,None
Trincomalee|Unknown,2024,12,Trincomalee,Unknown,0.0,0.0,2.0,0.0,0.0,0.0,0.0,0.0,0.0,0.0,0.0,4.0,0.0,4.0,0.0,0.0,Meat/Egg Trade,10.0,1,2024-12-01,-2.4492935982947064e-16,1.0,NE_monsoon,1.0,1,Other,0.0,0,None,0.0,0,None
Uwa|Gal Oya NP,2022,1,Uwa,Gal Oya NP,0.0,0.0,0.0,0.0,0.0,0.0,0.0,0.0,0.0,0.0,0.0,0.0,0.0,0.0,0.0,0.0,None,0.0,0,2022-01-01,0.49999999999999994,0.8660254037844387,NE_monsoon,0.0,0,None,0.0,0,None,0.0,0,None
Uwa|Gal Oya NP,2022,2,Uwa,Gal Oya NP,0.0,0.0,0.0,0.0,0.0,0.0,0.0,0.0,0.0,0.0,0.0,0.0,0.0,0.0,0.0,0.0,None,0.0,0,2022-02-01,0.8660254037844386,0.5000000000000001,NE_monsoon,0.0,0,None,0.0,0,None,0.0,0,None
Uwa|Gal Oya NP,2022,3,Uwa,Gal Oya NP,0.0,0.0,0.0,0.0,0.0,0.0,0.0,0.0,0.0,0.0,0.0,0.0,0.0,0.0,0.0,0.0,None,0.0,0,2022-03-01,1.0,6.123233995736766e-17,Inter_MarApr,0.0,0,None,0.0,0,None,0.0,0,None
Uwa|Gal Oya NP,2022,4,Uwa,Gal Oya NP,0.0,0.0,0.0,0.0,0.0,0.0,0.0,0.0,0.0,0.0,0.0,0.0,0.0,0.0,0.0,0.0,None,0.0,0,2022-04-01,0.8660254037844387,-0.4999999999999998,Inter_MarApr,0.0,0,None,0.0,0,None,0.0,0,None
Uwa|Gal Oya NP,2022,5,Uwa,Gal Oya NP,0.0,0.0,0.0,0.0,0.0,0.0,0.0,0.0,0.0,0.0,0.0,0.0,0.0,0.0,0.0,0.0,None,0.0,0,2022-05-01,0.49999999999999994,-0.8660254037844387,SW_monsoon,0.0,0,None,0.0,0,None,0.0,0,None
Uwa|Gal Oya NP,2022,6,Uwa,Gal Oya NP,0.0,0.0,0.0,0.0,0.0,0.0,0.0,0.0,0.0,0.0,0.0,0.0,0.0,0.0,0.0,0.0,None,0.0,0,2022-06-01,1.2246467991473532e-16,-1.0,SW_monsoon,0.0,0,None,0.0,0,None,0.0,0,None
Uwa|Gal Oya NP,2022,7,Uwa,Gal Oya NP,0.0,0.0,0.0,0.0,0.0,0.0,0.0,0.0,0.0,0.0,0.0,0.0,0.0,0.0,0.0,0.0,None,0.0,0,2022-07-01,-0.4999999999999997,-0.8660254037844388,SW_monsoon,0.0,0,None,0.0,0,None,0.0,0,None
Uwa|Gal Oya NP,2022,8,Uwa,Gal Oya NP,0.0,0.0,0.0,0.0,0.0,0.0,0.0,0.0,0.0,0.0,0.0,0.0,0.0,0.0,0.0,0.0,None,0.0,0,2022-08-01,-0.8660254037844384,-0.5000000000000004,SW_monsoon,0.0,0,None,0.0,0,None,0.0,0,None
Uwa|Gal Oya NP,2022,9,Uwa,Gal Oya NP,0.0,0.0,0.0,0.0,0.0,0.0,0.0,0.0,0.0,0.0,0.0,0.0,0.0,0.0,0.0,0.0,None,0.0,0,2022-09-01,-1.0,-1.8369701987210297e-16,SW_monsoon,0.0,0,None,0.0,0,None,0.0,0,None
Uwa|Gal Oya NP,2022,10,Uwa,Gal Oya NP,0.0,0.0,0.0,0.0,0.0,0.0,0.0,0.0,0.0,0.0,0.0,0.0,0.0,0.0,0.0,0.0,None,0.0,0,2022-10-01,-0.8660254037844386,0.5000000000000001,Inter_OctNov,0.0,0,None,0.0,0,None,0.0,0,None
Uwa|Gal Oya NP,2022,11,Uwa,Gal Oya NP,0.0,0.0,0.0,0.0,0.0,0.0,0.0,0.0,0.0,0.0,0.0,0.0,0.0,0.0,0.0,0.0,None,0.0,0,2022-11-01,-0.5000000000000004,0.8660254037844384,Inter_OctNov,0.0,0,None,0.0,0,None,0.0,0,None
Uwa|Gal Oya NP,2022,12,Uwa,Gal Oya NP,0.0,0.0,0.0,0.0,0.0,0.0,0.0,0.0,0.0,0.0,0.0,0.0,0.0,0.0,0.0,0.0,None,0.0,0,2022-12-01,-2.4492935982947064e-16,1.0,NE_monsoon,0.0,0,None,0.0,0,None,0.0,0,None
Uwa|Gal Oya NP,2023,1,Uwa,Gal Oya NP,8.0,12.0,0.0,0.0,0.0,0.0,0.0,0.0,88.0,0.0,0.0,0.0,0.0,0.0,0.0,0.0,Illegal Entry,108.0,1,2023-01-01,0.49999999999999994,0.8660254037844387,NE_monsoon,0.0,0,None,0.0,0,None,0.0,0,None
Uwa|Gal Oya NP,2023,2,Uwa,Gal Oya NP,0.0,0.0,0.0,0.0,0.0,0.0,0.0,0.0,0.0,0.0,0.0,0.0,0.0,0.0,0.0,0.0,None,0.0,0,2023-02-01,0.8660254037844386,0.5000000000000001,NE_monsoon,108.0,1,Illegal Entry,0.0,0,None,0.0,0,None
Uwa|Gal Oya NP,2023,3,Uwa,Gal Oya NP,0.0,0.0,0.0,0.0,0.0,0.0,0.0,0.0,0.0,0.0,0.0,0.0,0.0,0.0,0.0,0.0,None,0.0,0,2023-03-01,1.0,6.123233995736766e-17,Inter_MarApr,0.0,0,None,108.0,1,Illegal Entry,0.0,0,None
Uwa|Gal Oya NP,2023,4,Uwa,Gal Oya NP,0.0,0.0,0.0,0.0,0.0,0.0,0.0,0.0,0.0,0.0,0.0,0.0,0.0,0.0,0.0,0.0,None,0.0,0,2023-04-01,0.8660254037844387,-0.4999999999999998,Inter_MarApr,0.0,0,None,0.0,0,None,108.0,1,Illegal Entry
Uwa|Gal Oya NP,2023,5,Uwa,Gal Oya NP,23.0,0.0,0.0,0.0,0.0,0.0,0.0,0.0,10.0,0.0,0.0,0.0,0.0,0.0,0.0,0.0,Animal Death/Injury,33.0,1,2023-05-01,0.49999999999999994,-0.8660254037844387,SW_monsoon,0.0,0,None,0.0,0,None,0.0,0,None
Uwa|Gal Oya NP,2023,6,Uwa,Gal Oya NP,0.0,0.0,0.0,0.0,0.0,0.0,0.0,0.0,0.0,0.0,0.0,9.0,0.0,0.0,0.0,18.0,Weapons/Traps,27.0,1,2023-06-01,1.2246467991473532e-16,-1.0,SW_monsoon,33.0,1,Animal Death/Injury,0.0,0,None,0.0,0,None
Uwa|Gal Oya NP,2023,7,Uwa,Gal Oya NP,0.0,0.0,0.0,0.0,0.0,0.0,0.0,0.0,24.0,0.0,0.0,0.0,0.0,29.0,0.0,0.0,Illegal Entry,53.0,1,2023-07-01,-0.4999999999999997,-0.8660254037844388,SW_monsoon,27.0,1,Weapons/Traps,33.0,1,Animal Death/Injury,0.0,0,None
Uwa|Gal Oya NP,2023,8,Uwa,Gal Oya NP,0.0,0.0,0.0,0.0,0.0,0.0,0.0,0.0,0.0,0.0,0.0,30.0,0.0,33.0,0.0,34.0,Weapons/Traps,97.0,1,2023-08-01,-0.8660254037844384,-0.5000000000000004,SW_monsoon,53.0,1,Illegal Entry,27.0,1,Weapons/Traps,33.0,1,Animal Death/Injury
Uwa|Gal Oya NP,2023,9,Uwa,Gal Oya NP,0.0,0.0,0.0,0.0,0.0,0.0,0.0,0.0,0.0,0.0,0.0,0.0,0.0,1.0,0.0,5.0,Weapons/Traps,6.0,1,2023-09-01,-1.0,-1.8369701987210297e-16,SW_monsoon,97.0,1,Weapons/Traps,53.0,1,Illegal Entry,27.0,1,Weapons/Traps
Uwa|Gal Oya NP,2023,10,Uwa,Gal Oya NP,0.0,0.0,0.0,0.0,0.0,0.0,0.0,0.0,0.0,0.0,0.0,0.0,0.0,0.0,0.0,0.0,None,0.0,0,2023-10-01,-0.8660254037844386,0.5000000000000001,Inter_OctNov,6.0,1,Weapons/Traps,97.0,1,Weapons/Traps,53.0,1,Illegal Entry
Uwa|Gal Oya NP,2023,11,Uwa,Gal Oya NP,0.0,0.0,0.0,0.0,0.0,0.0,0.0,0.0,0.0,0.0,0.0,0.0,0.0,0.0,0.0,0.0,None,0.0,0,2023-11-01,-0.5000000000000004,0.8660254037844384,Inter_OctNov,0.0,0,None,6.0,1,Weapons/Traps,97.0,1,Weapons/Traps
Uwa|Gal Oya NP,2023,12,Uwa,Gal Oya NP,0.0,0.0,0.0,0.0,0.0,0.0,0.0,0.0,0.0,0.0,0.0,0.0,0.0,0.0,0.0,0.0,None,0.0,0,2023-12-01,-2.4492935982947064e-16,1.0,NE_monsoon,0.0,0,None,0.0,0,None,6.0,1,Weapons/Traps
Uwa|Gal Oya NP,2024,1,Uwa,Gal Oya NP,0.0,0.0,0.0,0.0,0.0,0.0,0.0,0.0,0.0,0.0,0.0,0.0,0.0,0.0,0.0,0.0,None,0.0,0,2024-01-01,0.49999999999999994,0.8660254037844387,NE_monsoon,0.0,0,None,0.0,0,None,0.0,0,None
Uwa|Gal Oya NP,2024,2,Uwa,Gal Oya NP,0.0,0.0,0.0,0.0,0.0,0.0,0.0,0.0,0.0,0.0,0.0,0.0,0.0,0.0,0.0,0.0,None,0.0,0,2024-02-01,0.8660254037844386,0.5000000000000001,NE_monsoon,0.0,0,None,0.0,0,None,0.0,0,None
Uwa|Gal Oya NP,2024,3,Uwa,Gal Oya NP,0.0,0.0,0.0,0.0,0.0,0.0,0.0,0.0,0.0,0.0,0.0,0.0,0.0,0.0,0.0,0.0,None,0.0,0,2024-03-01,1.0,6.123233995736766e-17,Inter_MarApr,0.0,0,None,0.0,0,None,0.0,0,None
Uwa|Gal Oya NP,2024,4,Uwa,Gal Oya NP,0.0,0.0,0.0,0.0,0.0,2.0,0.0,0.0,0.0,0.0,0.0,3.0,0.0,0.0,0.0,0.0,Meat/Egg Trade,5.0,1,2024-04-01,0.8660254037844387,-0.4999999999999998,Inter_MarApr,0.0,0,None,0.0,0,None,0.0,0,None
Uwa|Gal Oya NP,2024,5,Uwa,Gal Oya NP,0.0,0.0,0.0,0.0,0.0,0.0,0.0,0.0,8.0,0.0,0.0,0.0,0.0,10.0,0.0,7.0,Illegal Entry,25.0,1,2024-05-01,0.49999999999999994,-0.8660254037844387,SW_monsoon,5.0,1,Meat/Egg Trade,0.0,0,None,0.0,0,None
Uwa|Gal Oya NP,2024,6,Uwa,Gal Oya NP,0.0,0.0,0.0,0.0,0.0,0.0,0.0,0.0,0.0,114.0,0.0,0.0,0.0,17.0,0.0,12.0,Illegal Fishing,143.0,1,2024-06-01,1.2246467991473532e-16,-1.0,SW_monsoon,25.0,1,Illegal Entry,5.0,1,Meat/Egg Trade,0.0,0,None
Uwa|Gal Oya NP,2024,7,Uwa,Gal Oya NP,0.0,0.0,0.0,0.0,0.0,0.0,0.0,0.0,0.0,0.0,0.0,0.0,0.0,0.0,0.0,0.0,None,0.0,0,2024-07-01,-0.4999999999999997,-0.8660254037844388,SW_monsoon,143.0,1,Illegal Fishing,25.0,1,Illegal Entry,5.0,1,Meat/Egg Trade
Uwa|Gal Oya NP,2024,8,Uwa,Gal Oya NP,0.0,0.0,0.0,0.0,0.0,0.0,0.0,0.0,0.0,0.0,0.0,0.0,0.0,0.0,0.0,0.0,None,0.0,0,2024-08-01,-0.8660254037844384,-0.5000000000000004,SW_monsoon,0.0,0,None,143.0,1,Illegal Fishing,25.0,1,Illegal Entry
Uwa|Gal Oya NP,2024,9,Uwa,Gal Oya NP,0.0,0.0,0.0,0.0,0.0,0.0,0.0,0.0,0.0,0.0,0.0,0.0,0.0,0.0,0.0,0.0,None,0.0,0,2024-09-01,-1.0,-1.8369701987210297e-16,SW_monsoon,0.0,0,None,0.0,0,None,143.0,1,Illegal Fishing
Uwa|Gal Oya NP,2024,10,Uwa,Gal Oya NP,0.0,0.0,0.0,0.0,0.0,0.0,0.0,0.0,0.0,0.0,0.0,0.0,0.0,0.0,0.0,0.0,None,0.0,0,2024-10-01,-0.8660254037844386,0.5000000000000001,Inter_OctNov,0.0,0,None,0.0,0,None,0.0,0,None
Uwa|Gal Oya NP,2024,11,Uwa,Gal Oya NP,0.0,0.0,0.0,0.0,0.0,0.0,0.0,0.0,0.0,0.0,0.0,0.0,0.0,0.0,0.0,0.0,None,0.0,0,2024-11-01,-0.5000000000000004,0.8660254037844384,Inter_OctNov,0.0,0,None,0.0,0,None,0.0,0,None
Uwa|Gal Oya NP,2024,12,Uwa,Gal Oya NP,0.0,0.0,0.0,0.0,0.0,0.0,0.0,0.0,0.0,0.0,0.0,0.0,0.0,0.0,0.0,0.0,None,0.0,0,2024-12-01,-2.4492935982947064e-16,1.0,NE_monsoon,0.0,0,None,0.0,0,None,0.0,0,None
Uwa|Lunugamwehera NP,2022,1,Uwa,Lunugamwehera NP,0.0,0.0,0.0,0.0,0.0,0.0,0.0,0.0,0.0,0.0,0.0,0.0,0.0,0.0,0.0,0.0,None,0.0,0,2022-01-01,0.49999999999999994,0.8660254037844387,NE_monsoon,0.0,0,None,0.0,0,None,0.0,0,None
Uwa|Lunugamwehera NP,2022,2,Uwa,Lunugamwehera NP,0.0,0.0,0.0,0.0,0.0,0.0,0.0,0.0,0.0,0.0,0.0,0.0,0.0,0.0,0.0,0.0,None,0.0,0,2022-02-01,0.8660254037844386,0.5000000000000001,NE_monsoon,0.0,0,None,0.0,0,None,0.0,0,None
Uwa|Lunugamwehera NP,2022,3,Uwa,Lunugamwehera NP,0.0,0.0,0.0,0.0,0.0,0.0,0.0,0.0,0.0,0.0,0.0,0.0,0.0,0.0,0.0,0.0,None,0.0,0,2022-03-01,1.0,6.123233995736766e-17,Inter_MarApr,0.0,0,None,0.0,0,None,0.0,0,None
Uwa|Lunugamwehera NP,2022,4,Uwa,Lunugamwehera NP,0.0,0.0,0.0,0.0,0.0,0.0,0.0,0.0,0.0,0.0,0.0,0.0,0.0,0.0,0.0,0.0,None,0.0,0,2022-04-01,0.8660254037844387,-0.4999999999999998,Inter_MarApr,0.0,0,None,0.0,0,None,0.0,0,None
Uwa|Lunugamwehera NP,2022,5,Uwa,Lunugamwehera NP,0.0,0.0,0.0,0.0,0.0,0.0,0.0,0.0,0.0,0.0,0.0,0.0,0.0,0.0,0.0,0.0,None,0.0,0,2022-05-01,0.49999999999999994,-0.8660254037844387,SW_monsoon,0.0,0,None,0.0,0,None,0.0,0,None
Uwa|Lunugamwehera NP,2022,6,Uwa,Lunugamwehera NP,0.0,0.0,0.0,0.0,0.0,0.0,0.0,0.0,0.0,0.0,0.0,0.0,0.0,0.0,0.0,0.0,None,0.0,0,2022-06-01,1.2246467991473532e-16,-1.0,SW_monsoon,0.0,0,None,0.0,0,None,0.0,0,None
Uwa|Lunugamwehera NP,2022,7,Uwa,Lunugamwehera NP,0.0,0.0,0.0,0.0,0.0,0.0,0.0,0.0,0.0,0.0,0.0,0.0,0.0,0.0,0.0,0.0,None,0.0,0,2022-07-01,-0.4999999999999997,-0.8660254037844388,SW_monsoon,0.0,0,None,0.0,0,None,0.0,0,None
Uwa|Lunugamwehera NP,2022,8,Uwa,Lunugamwehera NP,0.0,0.0,0.0,0.0,0.0,0.0,0.0,0.0,0.0,0.0,0.0,0.0,0.0,0.0,0.0,0.0,None,0.0,0,2022-08-01,-0.8660254037844384,-0.5000000000000004,SW_monsoon,0.0,0,None,0.0,0,None,0.0,0,None
Uwa|Lunugamwehera NP,2022,9,Uwa,Lunugamwehera NP,0.0,0.0,0.0,0.0,0.0,0.0,0.0,0.0,0.0,0.0,0.0,0.0,0.0,0.0,0.0,0.0,None,0.0,0,2022-09-01,-1.0,-1.8369701987210297e-16,SW_monsoon,0.0,0,None,0.0,0,None,0.0,0,None
Uwa|Lunugamwehera NP,2022,10,Uwa,Lunugamwehera NP,0.0,0.0,0.0,0.0,0.0,0.0,0.0,0.0,0.0,0.0,0.0,0.0,0.0,0.0,0.0,0.0,None,0.0,0,2022-10-01,-0.8660254037844386,0.5000000000000001,Inter_OctNov,0.0,0,None,0.0,0,None,0.0,0,None
Uwa|Lunugamwehera NP,2022,11,Uwa,Lunugamwehera NP,0.0,0.0,0.0,0.0,0.0,0.0,0.0,0.0,0.0,0.0,0.0,0.0,0.0,0.0,0.0,0.0,None,0.0,0,2022-11-01,-0.5000000000000004,0.8660254037844384,Inter_OctNov,0.0,0,None,0.0,0,None,0.0,0,None
Uwa|Lunugamwehera NP,2022,12,Uwa,Lunugamwehera NP,0.0,0.0,0.0,0.0,0.0,0.0,0.0,0.0,0.0,0.0,0.0,0.0,0.0,0.0,0.0,0.0,None,0.0,0,2022-12-01,-2.4492935982947064e-16,1.0,NE_monsoon,0.0,0,None,0.0,0,None,0.0,0,None
Uwa|Lunugamwehera NP,2023,1,Uwa,Lunugamwehera NP,0.0,0.0,0.0,0.0,0.0,0.0,0.0,0.0,26.0,0.0,0.0,0.0,0.0,0.0,0.0,2.0,Illegal Entry,28.0,1,2023-01-01,0.49999999999999994,0.8660254037844387,NE_monsoon,0.0,0,None,0.0,0,None,0.0,0,None
Uwa|Lunugamwehera NP,2023,2,Uwa,Lunugamwehera NP,0.0,0.0,0.0,9.0,0.0,0.0,0.0,0.0,21.0,0.0,0.0,12.0,0.0,0.0,0.0,0.0,Illegal Entry,42.0,1,2023-02-01,0.8660254037844386,0.5000000000000001,NE_monsoon,28.0,1,Illegal Entry,0.0,0,None,0.0,0,None
Uwa|Lunugamwehera NP,2023,3,Uwa,Lunugamwehera NP,23.0,0.0,0.0,3.0,0.0,0.0,0.0,0.0,22.0,0.0,0.0,0.0,0.0,0.0,0.0,9.0,Animal Death/Injury,57.0,1,2023-03-01,1.0,6.123233995736766e-17,Inter_MarApr,42.0,1,Illegal Entry,28.0,1,Illegal Entry,0.0,0,None
Uwa|Lunugamwehera NP,2023,4,Uwa,Lunugamwehera NP,7.0,0.0,0.0,0.0,0.0,0.0,0.0,0.0,3.0,0.0,1.0,6.0,0.0,0.0,0.0,0.0,Animal Death/Injury,17.0,1,2023-04-01,0.8660254037844387,-0.4999999999999998,Inter_MarApr,57.0,1,Animal Death/Injury,42.0,1,Illegal Entry,28.0,1,Illegal Entry
Uwa|Lunugamwehera NP,2023,5,Uwa,Lunugamwehera NP,0.0,0.0,0.0,0.0,0.0,0.0,0.0,0.0,7.0,0.0,0.0,0.0,0.0,0.0,0.0,16.0,Weapons/Traps,23.0,1,2023-05-01,0.49999999999999994,-0.8660254037844387,SW_monsoon,17.0,1,Animal Death/Injury,57.0,1,Animal Death/Injury,42.0,1,Illegal Entry
Uwa|Lunugamwehera NP,2023,6,Uwa,Lunugamwehera NP,12.0,0.0,0.0,0.0,0.0,0.0,0.0,0.0,19.0,0.0,0.0,18.0,0.0,0.0,0.0,15.0,Illegal Entry,64.0,1,2023-06-01,1.2246467991473532e-16,-1.0,SW_monsoon,23.0,1,Weapons/Traps,17.0,1,Animal Death/Injury,57.0,1,Animal Death/Injury
Uwa|Lunugamwehera NP,2023,7,Uwa,Lunugamwehera NP,0.0,0.0,0.0,0.0,0.0,0.0,0.0,0.0,15.0,0.0,0.0,0.0,0.0,0.0,0.0,15.0,Illegal Entry,30.0,1,2023-07-01,-0.4999999999999997,-0.8660254037844388,SW_monsoon,64.0,1,Illegal Entry,23.0,1,Weapons/Traps,17.0,1,Animal Death/Injury
Uwa|Lunugamwehera NP,2023,8,Uwa,Lunugamwehera NP,19.0,0.0,0.0,21.0,0.0,0.0,0.0,0.0,84.0,0.0,0.0,0.0,0.0,0.0,0.0,4.0,Illegal Entry,128.0,1,2023-08-01,-0.8660254037844384,-0.5000000000000004,SW_monsoon,30.0,1,Illegal Entry,64.0,1,Illegal Entry,23.0,1,Weapons/Traps
Uwa|Lunugamwehera NP,2023,9,Uwa,Lunugamwehera NP,24.0,0.0,0.0,0.0,0.0,0.0,0.0,0.0,19.0,0.0,0.0,0.0,0.0,0.0,0.0,6.0,Animal Death/Injury,49.0,1,2023-09-01,-1.0,-1.8369701987210297e-16,SW_monsoon,128.0,1,Illegal Entry,30.0,1,Illegal Entry,64.0,1,Illegal Entry
Uwa|Lunugamwehera NP,2023,10,Uwa,Lunugamwehera NP,0.0,0.0,0.0,0.0,0.0,0.0,0.0,0.0,0.0,0.0,0.0,0.0,0.0,0.0,0.0,0.0,None,0.0,0,2023-10-01,-0.8660254037844386,0.5000000000000001,Inter_OctNov,49.0,1,Animal Death/Injury,128.0,1,Illegal Entry,30.0,1,Illegal Entry
Uwa|Lunugamwehera NP,2023,11,Uwa,Lunugamwehera NP,18.0,0.0,13.0,0.0,0.0,0.0,0.0,0.0,0.0,0.0,0.0,0.0,0.0,0.0,0.0,17.0,Animal Death/Injury,48.0,1,2023-11-01,-0.5000000000000004,0.8660254037844384,Inter_OctNov,0.0,0,None,49.0,1,Animal Death/Injury,128.0,1,Illegal Entry
Uwa|Lunugamwehera NP,2023,12,Uwa,Lunugamwehera NP,0.0,0.0,0.0,0.0,0.0,0.0,0.0,0.0,0.0,0.0,0.0,0.0,0.0,0.0,0.0,0.0,None,0.0,0,2023-12-01,-2.4492935982947064e-16,1.0,NE_monsoon,48.0,1,Animal Death/Injury,0.0,0,None,49.0,1,Animal Death/Injury
Uwa|Lunugamwehera NP,2024,1,Uwa,Lunugamwehera NP,0.0,0.0,0.0,0.0,0.0,0.0,0.0,0.0,6.0,0.0,0.0,0.0,0.0,0.0,0.0,0.0,Illegal Entry,6.0,1,2024-01-01,0.49999999999999994,0.8660254037844387,NE_monsoon,0.0,0,None,48.0,1,Animal Death/Injury,0.0,0,None
Uwa|Lunugamwehera NP,2024,2,Uwa,Lunugamwehera NP,0.0,0.0,0.0,0.0,0.0,0.0,0.0,0.0,14.0,0.0,0.0,0.0,0.0,8.0,0.0,16.0,Weapons/Traps,38.0,1,2024-02-01,0.8660254037844386,0.5000000000000001,NE_monsoon,6.0,1,Illegal Entry,0.0,0,None,48.0,1,Animal Death/Injury
Uwa|Lunugamwehera NP,2024,3,Uwa,Lunugamwehera NP,0.0,0.0,0.0,0.0,0.0,0.0,0.0,5.0,20.0,0.0,0.0,6.0,0.0,0.0,0.0,0.0,Illegal Entry,31.0,1,2024-03-01,1.0,6.123233995736766e-17,Inter_MarApr,38.0,1,Weapons/Traps,6.0,1,Illegal Entry,0.0,0,None
Uwa|Lunugamwehera NP,2024,4,Uwa,Lunugamwehera NP,0.0,0.0,0.0,0.0,0.0,0.0,0.0,0.0,0.0,0.0,0.0,0.0,0.0,0.0,0.0,0.0,None,0.0,0,2024-04-01,0.8660254037844387,-0.4999999999999998,Inter_MarApr,31.0,1,Illegal Entry,38.0,1,Weapons/Traps,6.0,1,Illegal Entry
Uwa|Lunugamwehera NP,2024,5,Uwa,Lunugamwehera NP,0.0,0.0,0.0,0.0,0.0,0.0,0.0,0.0,3.0,0.0,0.0,14.0,0.0,0.0,0.0,4.0,Meat/Egg Trade,21.0,1,2024-05-01,0.49999999999999994,-0.8660254037844387,SW_monsoon,0.0,0,None,31.0,1,Illegal Entry,38.0,1,Weapons/Traps
Uwa|Lunugamwehera NP,2024,6,Uwa,Lunugamwehera NP,0.0,0.0,0.0,0.0,0.0,0.0,0.0,4.0,0.0,0.0,0.0,0.0,0.0,63.0,0.0,0.0,Hunting/Killing,67.0,1,2024-06-01,1.2246467991473532e-16,-1.0,SW_monsoon,21.0,1,Meat/Egg Trade,0.0,0,None,31.0,1,Illegal Entry
Uwa|Lunugamwehera NP,2024,7,Uwa,Lunugamwehera NP,0.0,0.0,0.0,0.0,0.0,0.0,0.0,0.0,0.0,0.0,0.0,0.0,0.0,0.0,0.0,0.0,None,0.0,0,2024-07-01,-0.4999999999999997,-0.8660254037844388,SW_monsoon,67.0,1,Hunting/Killing,21.0,1,Meat/Egg Trade,0.0,0,None
Uwa|Lunugamwehera NP,2024,8,Uwa,Lunugamwehera NP,0.0,0.0,0.0,0.0,0.0,0.0,0.0,0.0,0.0,0.0,0.0,0.0,0.0,0.0,0.0,0.0,None,0.0,0,2024-08-01,-0.8660254037844384,-0.5000000000000004,SW_monsoon,0.0,0,None,67.0,1,Hunting/Killing,21.0,1,Meat/Egg Trade
Uwa|Lunugamwehera NP,2024,9,Uwa,Lunugamwehera NP,0.0,0.0,0.0,0.0,0.0,0.0,0.0,0.0,0.0,0.0,0.0,0.0,0.0,0.0,0.0,0.0,None,0.0,0,2024-09-01,-1.0,-1.8369701987210297e-16,SW_monsoon,0.0,0,None,0.0,0,None,67.0,1,Hunting/Killing
Uwa|Lunugamwehera NP,2024,10,Uwa,Lunugamwehera NP,0.0,0.0,0.0,0.0,0.0,0.0,0.0,0.0,0.0,0.0,0.0,0.0,0.0,0.0,0.0,0.0,None,0.0,0,2024-10-01,-0.8660254037844386,0.5000000000000001,Inter_OctNov,0.0,0,None,0.0,0,None,0.0,0,None
Uwa|Lunugamwehera NP,2024,11,Uwa,Lunugamwehera NP,0.0,0.0,0.0,0.0,0.0,0.0,0.0,0.0,7.0,0.0,0.0,0.0,0.0,14.0,0.0,0.0,Illegal Entry,21.0,1,2024-11-01,-0.5000000000000004,0.8660254037844384,Inter_OctNov,0.0,0,None,0.0,0,None,0.0,0,None
Uwa|Lunugamwehera NP,2024,12,Uwa,Lunugamwehera NP,0.0,0.0,0.0,0.0,0.0,0.0,0.0,0.0,0.0,0.0,0.0,0.0,0.0,0.0,0.0,0.0,None,0.0,0,2024-12-01,-2.4492935982947064e-16,1.0,NE_monsoon,21.0,1,Illegal Entry,0.0,0,None,0.0,0,None
Uwa|National Park,2022,1,Uwa,National Park,0.0,0.0,0.0,0.0,0.0,0.0,0.0,0.0,0.0,0.0,0.0,0.0,0.0,0.0,0.0,0.0,None,0.0,0,2022-01-01,0.49999999999999994,0.8660254037844387,NE_monsoon,0.0,0,None,0.0,0,None,0.0,0,None
Uwa|National Park,2022,2,Uwa,National Park,0.0,0.0,0.0,0.0,0.0,0.0,0.0,0.0,0.0,0.0,0.0,0.0,0.0,0.0,0.0,0.0,None,0.0,0,2022-02-01,0.8660254037844386,0.5000000000000001,NE_monsoon,0.0,0,None,0.0,0,None,0.0,0,None
Uwa|National Park,2022,3,Uwa,National Park,0.0,0.0,0.0,0.0,0.0,0.0,0.0,0.0,0.0,0.0,0.0,0.0,0.0,0.0,0.0,0.0,None,0.0,0,2022-03-01,1.0,6.123233995736766e-17,Inter_MarApr,0.0,0,None,0.0,0,None,0.0,0,None
Uwa|National Park,2022,4,Uwa,National Park,0.0,0.0,0.0,0.0,0.0,0.0,0.0,0.0,0.0,0.0,0.0,0.0,0.0,0.0,0.0,0.0,None,0.0,0,2022-04-01,0.8660254037844387,-0.4999999999999998,Inter_MarApr,0.0,0,None,0.0,0,None,0.0,0,None
Uwa|National Park,2022,5,Uwa,National Park,0.0,0.0,0.0,0.0,0.0,0.0,0.0,0.0,0.0,0.0,0.0,0.0,0.0,0.0,0.0,0.0,None,0.0,0,2022-05-01,0.49999999999999994,-0.8660254037844387,SW_monsoon,0.0,0,None,0.0,0,None,0.0,0,None
Uwa|National Park,2022,6,Uwa,National Park,0.0,0.0,0.0,0.0,0.0,0.0,0.0,0.0,0.0,0.0,0.0,0.0,0.0,0.0,0.0,0.0,None,0.0,0,2022-06-01,1.2246467991473532e-16,-1.0,SW_monsoon,0.0,0,None,0.0,0,None,0.0,0,None
Uwa|National Park,2022,7,Uwa,National Park,0.0,0.0,0.0,0.0,0.0,0.0,0.0,0.0,0.0,0.0,0.0,0.0,0.0,0.0,0.0,0.0,None,0.0,0,2022-07-01,-0.4999999999999997,-0.8660254037844388,SW_monsoon,0.0,0,None,0.0,0,None,0.0,0,None
Uwa|National Park,2022,8,Uwa,National Park,0.0,0.0,0.0,0.0,0.0,0.0,0.0,0.0,0.0,0.0,0.0,0.0,0.0,0.0,0.0,0.0,None,0.0,0,2022-08-01,-0.8660254037844384,-0.5000000000000004,SW_monsoon,0.0,0,None,0.0,0,None,0.0,0,None
Uwa|National Park,2022,9,Uwa,National Park,0.0,0.0,0.0,0.0,0.0,0.0,0.0,0.0,0.0,0.0,0.0,0.0,0.0,0.0,0.0,0.0,None,0.0,0,2022-09-01,-1.0,-1.8369701987210297e-16,SW_monsoon,0.0,0,None,0.0,0,None,0.0,0,None
Uwa|National Park,2022,10,Uwa,National Park,0.0,0.0,0.0,0.0,0.0,0.0,0.0,0.0,0.0,0.0,0.0,0.0,0.0,0.0,0.0,0.0,None,0.0,0,2022-10-01,-0.8660254037844386,0.5000000000000001,Inter_OctNov,0.0,0,None,0.0,0,None,0.0,0,None
Uwa|National Park,2022,11,Uwa,National Park,0.0,0.0,0.0,0.0,0.0,0.0,0.0,0.0,0.0,0.0,0.0,0.0,0.0,0.0,0.0,0.0,None,0.0,0,2022-11-01,-0.5000000000000004,0.8660254037844384,Inter_OctNov,0.0,0,None,0.0,0,None,0.0,0,None
Uwa|National Park,2022,12,Uwa,National Park,0.0,0.0,0.0,0.0,0.0,0.0,0.0,0.0,0.0,0.0,0.0,0.0,0.0,0.0,0.0,0.0,None,0.0,0,2022-12-01,-2.4492935982947064e-16,1.0,NE_monsoon,0.0,0,None,0.0,0,None,0.0,0,None
Uwa|National Park,2023,1,Uwa,National Park,0.0,0.0,0.0,0.0,0.0,0.0,0.0,0.0,0.0,0.0,0.0,0.0,0.0,0.0,0.0,0.0,None,0.0,0,2023-01-01,0.49999999999999994,0.8660254037844387,NE_monsoon,0.0,0,None,0.0,0,None,0.0,0,None
Uwa|National Park,2023,2,Uwa,National Park,0.0,0.0,0.0,0.0,0.0,0.0,0.0,0.0,0.0,0.0,0.0,0.0,0.0,0.0,0.0,0.0,None,0.0,0,2023-02-01,0.8660254037844386,0.5000000000000001,NE_monsoon,0.0,0,None,0.0,0,None,0.0,0,None
Uwa|National Park,2023,3,Uwa,National Park,0.0,0.0,0.0,0.0,0.0,0.0,0.0,0.0,78.0,0.0,0.0,0.0,0.0,0.0,0.0,0.0,Illegal Entry,78.0,1,2023-03-01,1.0,6.123233995736766e-17,Inter_MarApr,0.0,0,None,0.0,0,None,0.0,0,None
Uwa|National Park,2023,4,Uwa,National Park,8.0,0.0,0.0,0.0,0.0,0.0,0.0,0.0,12.0,0.0,0.0,0.0,0.0,0.0,0.0,11.0,Illegal Entry,31.0,1,2023-04-01,0.8660254037844387,-0.4999999999999998,Inter_MarApr,78.0,1,Illegal Entry,0.0,0,None,0.0,0,None
Uwa|National Park,2023,5,Uwa,National Park,0.0,0.0,0.0,0.0,0.0,0.0,0.0,0.0,32.0,0.0,0.0,0.0,0.0,15.0,0.0,0.0,Illegal Entry,47.0,1,2023-05-01,0.49999999999999994,-0.8660254037844387,SW_monsoon,31.0,1,Illegal Entry,78.0,1,Illegal Entry,0.0,0,None
Uwa|National Park,2023,6,Uwa,National Park,0.0,0.0,0.0,0.0,0.0,0.0,0.0,0.0,12.0,0.0,0.0,0.0,0.0,0.0,0.0,11.0,Illegal Entry,23.0,1,2023-06-01,1.2246467991473532e-16,-1.0,SW_monsoon,47.0,1,Illegal Entry,31.0,1,Illegal Entry,78.0,1,Illegal Entry
Uwa|National Park,2023,7,Uwa,National Park,0.0,0.0,0.0,0.0,0.0,0.0,0.0,0.0,6.0,0.0,0.0,0.0,0.0,0.0,0.0,2.0,Illegal Entry,8.0,1,2023-07-01,-0.4999999999999997,-0.8660254037844388,SW_monsoon,23.0,1,Illegal Entry,47.0,1,Illegal Entry,31.0,1,Illegal Entry
Uwa|National Park,2023,8,Uwa,National Park,0.0,0.0,0.0,0.0,0.0,0.0,0.0,0.0,248.0,31.0,0.0,0.0,0.0,0.0,0.0,22.0,Illegal Entry,301.0,1,2023-08-01,-0.8660254037844384,-0.5000000000000004,SW_monsoon,8.0,1,Illegal Entry,23.0,1,Illegal Entry,47.0,1,Illegal Entry
Uwa|National Park,2023,9,Uwa,National Park,0.0,0.0,0.0,0.0,0.0,0.0,0.0,0.0,0.0,0.0,0.0,0.0,0.0,0.0,0.0,0.0,None,0.0,0,2023-09-01,-1.0,-1.8369701987210297e-16,SW_monsoon,301.0,1,Illegal Entry,8.0,1,Illegal Entry,23.0,1,Illegal Entry
Uwa|National Park,2023,10,Uwa,National Park,0.0,0.0,0.0,0.0,0.0,0.0,0.0,0.0,0.0,0.0,0.0,0.0,0.0,0.0,0.0,0.0,None,0.0,0,2023-10-01,-0.8660254037844386,0.5000000000000001,Inter_OctNov,0.0,0,None,301.0,1,Illegal Entry,8.0,1,Illegal Entry
Uwa|National Park,2023,11,Uwa,National Park,0.0,0.0,0.0,0.0,0.0,0.0,0.0,0.0,38.0,0.0,0.0,0.0,0.0,0.0,0.0,0.0,Illegal Entry,38.0,1,2023-11-01,-0.5000000000000004,0.8660254037844384,Inter_OctNov,0.0,0,None,0.0,0,None,301.0,1,Illegal Entry
Uwa|National Park,2023,12,Uwa,National Park,0.0,0.0,0.0,0.0,0.0,0.0,0.0,0.0,0.0,0.0,0.0,0.0,0.0,1.0,0.0,0.0,Other,1.0,1,2023-12-01,-2.4492935982947064e-16,1.0,NE_monsoon,38.0,1,Illegal Entry,0.0,0,None,0.0,0,None
Uwa|National Park,2024,1,Uwa,National Park,0.0,0.0,0.0,0.0,0.0,0.0,0.0,0.0,0.0,0.0,0.0,0.0,0.0,0.0,0.0,0.0,None,0.0,0,2024-01-01,0.49999999999999994,0.8660254037844387,NE_monsoon,1.0,1,Other,38.0,1,Illegal Entry,0.0,0,None
Uwa|National Park,2024,2,Uwa,National Park,0.0,0.0,0.0,0.0,0.0,0.0,0.0,0.0,0.0,0.0,0.0,0.0,0.0,0.0,0.0,0.0,None,0.0,0,2024-02-01,0.8660254037844386,0.5000000000000001,NE_monsoon,0.0,0,None,1.0,1,Other,38.0,1,Illegal Entry
Uwa|National Park,2024,3,Uwa,National Park,0.0,0.0,0.0,0.0,0.0,0.0,0.0,0.0,0.0,0.0,0.0,0.0,0.0,0.0,0.0,7.0,Weapons/Traps,7.0,1,2024-03-01,1.0,6.123233995736766e-17,Inter_MarApr,0.0,0,None,0.0,0,None,1.0,1,Other
Uwa|National Park,2024,4,Uwa,National Park,0.0,0.0,0.0,0.0,0.0,0.0,0.0,0.0,0.0,0.0,0.0,0.0,0.0,0.0,0.0,0.0,None,0.0,0,2024-04-01,0.8660254037844387,-0.4999999999999998,Inter_MarApr,7.0,1,Weapons/Traps,0.0,0,None,0.0,0,None
Uwa|National Park,2024,5,Uwa,National Park,0.0,0.0,0.0,0.0,0.0,0.0,0.0,0.0,0.0,0.0,0.0,0.0,0.0,0.0,0.0,0.0,None,0.0,0,2024-05-01,0.49999999999999994,-0.8660254037844387,SW_monsoon,0.0,0,None,7.0,1,Weapons/Traps,0.0,0,None
Uwa|National Park,2024,6,Uwa,National Park,0.0,0.0,0.0,0.0,0.0,0.0,0.0,0.0,92.0,0.0,0.0,0.0,0.0,24.0,0.0,0.0,Illegal Entry,116.0,1,2024-06-01,1.2246467991473532e-16,-1.0,SW_monsoon,0.0,0,None,0.0,0,None,7.0,1,Weapons/Traps
Uwa|National Park,2024,7,Uwa,National Park,0.0,0.0,0.0,0.0,0.0,0.0,0.0,0.0,0.0,0.0,0.0,0.0,0.0,0.0,0.0,0.0,None,0.0,0,2024-07-01,-0.4999999999999997,-0.8660254037844388,SW_monsoon,116.0,1,Illegal Entry,0.0,0,None,0.0,0,None
Uwa|National Park,2024,8,Uwa,National Park,0.0,0.0,0.0,0.0,0.0,0.0,0.0,0.0,0.0,0.0,0.0,0.0,0.0,0.0,0.0,0.0,None,0.0,0,2024-08-01,-0.8660254037844384,-0.5000000000000004,SW_monsoon,0.0,0,None,116.0,1,Illegal Entry,0.0,0,None
Uwa|National Park,2024,9,Uwa,National Park,0.0,0.0,0.0,0.0,0.0,0.0,0.0,0.0,0.0,0.0,0.0,0.0,0.0,0.0,0.0,0.0,None,0.0,0,2024-09-01,-1.0,-1.8369701987210297e-16,SW_monsoon,0.0,0,None,0.0,0,None,116.0,1,Illegal Entry
Uwa|National Park,2024,10,Uwa,National Park,0.0,0.0,0.0,0.0,0.0,0.0,0.0,0.0,0.0,0.0,0.0,0.0,0.0,0.0,0.0,0.0,None,0.0,0,2024-10-01,-0.8660254037844386,0.5000000000000001,Inter_OctNov,0.0,0,None,0.0,0,None,0.0,0,None
Uwa|National Park,2024,11,Uwa,National Park,0.0,0.0,0.0,0.0,0.0,0.0,0.0,0.0,14.0,0.0,0.0,0.0,0.0,0.0,0.0,0.0,Illegal Entry,14.0,1,2024-11-01,-0.5000000000000004,0.8660254037844384,Inter_OctNov,0.0,0,None,0.0,0,None,0.0,0,None
Uwa|National Park,2024,12,Uwa,National Park,0.0,0.0,0.0,0.0,0.0,0.0,0.0,0.0,0.0,0.0,0.0,0.0,0.0,0.0,0.0,0.0,None,0.0,0,2024-12-01,-2.4492935982947064e-16,1.0,NE_monsoon,14.0,1,Illegal Entry,0.0,0,None,0.0,0,None
Uwa|Out of Protected Area,2022,1,Uwa,Out of Protected Area,0.0,0.0,0.0,0.0,0.0,0.0,0.0,0.0,0.0,0.0,0.0,0.0,0.0,0.0,0.0,0.0,None,0.0,0,2022-01-01,0.49999999999999994,0.8660254037844387,NE_monsoon,0.0,0,None,0.0,0,None,0.0,0,None
Uwa|Out of Protected Area,2022,2,Uwa,Out of Protected Area,0.0,0.0,0.0,0.0,0.0,0.0,0.0,0.0,0.0,0.0,0.0,0.0,0.0,0.0,0.0,0.0,None,0.0,0,2022-02-01,0.8660254037844386,0.5000000000000001,NE_monsoon,0.0,0,None,0.0,0,None,0.0,0,None
Uwa|Out of Protected Area,2022,3,Uwa,Out of Protected Area,0.0,0.0,0.0,0.0,0.0,0.0,0.0,0.0,0.0,0.0,0.0,0.0,0.0,0.0,0.0,0.0,None,0.0,0,2022-03-01,1.0,6.123233995736766e-17,Inter_MarApr,0.0,0,None,0.0,0,None,0.0,0,None
Uwa|Out of Protected Area,2022,4,Uwa,Out of Protected Area,0.0,0.0,0.0,0.0,0.0,0.0,0.0,0.0,0.0,0.0,0.0,0.0,0.0,0.0,0.0,0.0,None,0.0,0,2022-04-01,0.8660254037844387,-0.4999999999999998,Inter_MarApr,0.0,0,None,0.0,0,None,0.0,0,None
Uwa|Out of Protected Area,2022,5,Uwa,Out of Protected Area,0.0,0.0,0.0,0.0,0.0,0.0,0.0,0.0,0.0,0.0,0.0,0.0,0.0,0.0,0.0,23.0,Weapons/Traps,23.0,1,2022-05-01,0.49999999999999994,-0.8660254037844387,SW_monsoon,0.0,0,None,0.0,0,None,0.0,0,None
Uwa|Out of Protected Area,2022,6,Uwa,Out of Protected Area,0.0,0.0,0.0,0.0,0.0,0.0,0.0,0.0,0.0,0.0,0.0,0.0,0.0,0.0,0.0,0.0,None,0.0,0,2022-06-01,1.2246467991473532e-16,-1.0,SW_monsoon,23.0,1,Weapons/Traps,0.0,0,None,0.0,0,None
Uwa|Out of Protected Area,2022,7,Uwa,Out of Protected Area,0.0,0.0,0.0,0.0,0.0,0.0,0.0,0.0,0.0,0.0,0.0,0.0,0.0,0.0,0.0,0.0,None,0.0,0,2022-07-01,-0.4999999999999997,-0.8660254037844388,SW_monsoon,0.0,0,None,23.0,1,Weapons/Traps,0.0,0,None
Uwa|Out of Protected Area,2022,8,Uwa,Out of Protected Area,0.0,0.0,0.0,0.0,0.0,0.0,0.0,0.0,0.0,0.0,0.0,0.0,0.0,0.0,0.0,0.0,None,0.0,0,2022-08-01,-0.8660254037844384,-0.5000000000000004,SW_monsoon,0.0,0,None,0.0,0,None,23.0,1,Weapons/Traps
Uwa|Out of Protected Area,2022,9,Uwa,Out of Protected Area,0.0,0.0,0.0,0.0,0.0,0.0,0.0,0.0,0.0,0.0,0.0,0.0,0.0,0.0,0.0,0.0,None,0.0,0,2022-09-01,-1.0,-1.8369701987210297e-16,SW_monsoon,0.0,0,None,0.0,0,None,0.0,0,None
Uwa|Out of Protected Area,2022,10,Uwa,Out of Protected Area,0.0,0.0,0.0,0.0,0.0,0.0,0.0,0.0,0.0,0.0,0.0,0.0,0.0,0.0,0.0,0.0,None,0.0,0,2022-10-01,-0.8660254037844386,0.5000000000000001,Inter_OctNov,0.0,0,None,0.0,0,None,0.0,0,None
Uwa|Out of Protected Area,2022,11,Uwa,Out of Protected Area,0.0,0.0,0.0,0.0,0.0,0.0,0.0,0.0,0.0,0.0,0.0,0.0,0.0,0.0,0.0,0.0,None,0.0,0,2022-11-01,-0.5000000000000004,0.8660254037844384,Inter_OctNov,0.0,0,None,0.0,0,None,0.0,0,None
Uwa|Out of Protected Area,2022,12,Uwa,Out of Protected Area,0.0,0.0,0.0,0.0,0.0,0.0,0.0,0.0,0.0,0.0,0.0,0.0,0.0,0.0,0.0,0.0,None,0.0,0,2022-12-01,-2.4492935982947064e-16,1.0,NE_monsoon,0.0,0,None,0.0,0,None,0.0,0,None
Uwa|Out of Protected Area,2023,1,Uwa,Out of Protected Area,0.0,0.0,0.0,0.0,0.0,0.0,0.0,0.0,0.0,0.0,0.0,0.0,0.0,0.0,0.0,0.0,None,0.0,0,2023-01-01,0.49999999999999994,0.8660254037844387,NE_monsoon,0.0,0,None,0.0,0,None,0.0,0,None
Uwa|Out of Protected Area,2023,2,Uwa,Out of Protected Area,0.0,0.0,0.0,0.0,0.0,0.0,0.0,0.0,0.0,0.0,0.0,0.0,0.0,0.0,0.0,0.0,None,0.0,0,2023-02-01,0.8660254037844386,0.5000000000000001,NE_monsoon,0.0,0,None,0.0,0,None,0.0,0,None
Uwa|Out of Protected Area,2023,3,Uwa,Out of Protected Area,0.0,0.0,0.0,0.0,0.0,0.0,0.0,0.0,0.0,0.0,0.0,0.0,0.0,0.0,0.0,0.0,None,0.0,0,2023-03-01,1.0,6.123233995736766e-17,Inter_MarApr,0.0,0,None,0.0,0,None,0.0,0,None
Uwa|Out of Protected Area,2023,4,Uwa,Out of Protected Area,0.0,0.0,0.0,0.0,0.0,0.0,0.0,0.0,0.0,0.0,0.0,0.0,0.0,0.0,0.0,0.0,None,0.0,0,2023-04-01,0.8660254037844387,-0.4999999999999998,Inter_MarApr,0.0,0,None,0.0,0,None,0.0,0,None
Uwa|Out of Protected Area,2023,5,Uwa,Out of Protected Area,0.0,0.0,0.0,0.0,0.0,0.0,0.0,0.0,0.0,0.0,0.0,0.0,0.0,0.0,0.0,0.0,None,0.0,0,2023-05-01,0.49999999999999994,-0.8660254037844387,SW_monsoon,0.0,0,None,0.0,0,None,0.0,0,None
Uwa|Out of Protected Area,2023,6,Uwa,Out of Protected Area,0.0,0.0,0.0,0.0,0.0,0.0,0.0,0.0,0.0,0.0,0.0,0.0,0.0,0.0,0.0,0.0,None,0.0,0,2023-06-01,1.2246467991473532e-16,-1.0,SW_monsoon,0.0,0,None,0.0,0,None,0.0,0,None
Uwa|Out of Protected Area,2023,7,Uwa,Out of Protected Area,0.0,0.0,0.0,0.0,0.0,0.0,0.0,0.0,0.0,0.0,0.0,0.0,0.0,0.0,0.0,0.0,None,0.0,0,2023-07-01,-0.4999999999999997,-0.8660254037844388,SW_monsoon,0.0,0,None,0.0,0,None,0.0,0,None
Uwa|Out of Protected Area,2023,8,Uwa,Out of Protected Area,0.0,0.0,0.0,0.0,0.0,0.0,0.0,0.0,0.0,0.0,0.0,0.0,0.0,0.0,0.0,0.0,None,0.0,0,2023-08-01,-0.8660254037844384,-0.5000000000000004,SW_monsoon,0.0,0,None,0.0,0,None,0.0,0,None
Uwa|Out of Protected Area,2023,9,Uwa,Out of Protected Area,0.0,0.0,0.0,0.0,0.0,0.0,0.0,0.0,0.0,0.0,0.0,0.0,0.0,0.0,0.0,0.0,None,0.0,0,2023-09-01,-1.0,-1.8369701987210297e-16,SW_monsoon,0.0,0,None,0.0,0,None,0.0,0,None
Uwa|Out of Protected Area,2023,10,Uwa,Out of Protected Area,0.0,0.0,0.0,0.0,0.0,0.0,0.0,0.0,0.0,0.0,0.0,0.0,0.0,0.0,0.0,0.0,None,0.0,0,2023-10-01,-0.8660254037844386,0.5000000000000001,Inter_OctNov,0.0,0,None,0.0,0,None,0.0,0,None
Uwa|Out of Protected Area,2023,11,Uwa,Out of Protected Area,0.0,0.0,0.0,0.0,0.0,0.0,0.0,0.0,0.0,0.0,0.0,0.0,0.0,0.0,0.0,0.0,None,0.0,0,2023-11-01,-0.5000000000000004,0.8660254037844384,Inter_OctNov,0.0,0,None,0.0,0,None,0.0,0,None
Uwa|Out of Protected Area,2023,12,Uwa,Out of Protected Area,0.0,0.0,0.0,0.0,0.0,0.0,0.0,0.0,0.0,0.0,0.0,0.0,0.0,0.0,0.0,0.0,None,0.0,0,2023-12-01,-2.4492935982947064e-16,1.0,NE_monsoon,0.0,0,None,0.0,0,None,0.0,0,None
Uwa|Out of Protected Area,2024,1,Uwa,Out of Protected Area,0.0,0.0,0.0,0.0,0.0,0.0,0.0,0.0,0.0,0.0,0.0,0.0,0.0,0.0,0.0,0.0,None,0.0,0,2024-01-01,0.49999999999999994,0.8660254037844387,NE_monsoon,0.0,0,None,0.0,0,None,0.0,0,None
Uwa|Out of Protected Area,2024,2,Uwa,Out of Protected Area,0.0,0.0,0.0,0.0,0.0,0.0,0.0,0.0,0.0,0.0,0.0,0.0,0.0,0.0,0.0,0.0,None,0.0,0,2024-02-01,0.8660254037844386,0.5000000000000001,NE_monsoon,0.0,0,None,0.0,0,None,0.0,0,None
Uwa|Out of Protected Area,2024,3,Uwa,Out of Protected Area,0.0,0.0,0.0,0.0,0.0,0.0,0.0,0.0,0.0,0.0,0.0,0.0,0.0,0.0,0.0,0.0,None,0.0,0,2024-03-01,1.0,6.123233995736766e-17,Inter_MarApr,0.0,0,None,0.0,0,None,0.0,0,None
Uwa|Out of Protected Area,2024,4,Uwa,Out of Protected Area,0.0,0.0,0.0,0.0,0.0,0.0,0.0,0.0,0.0,0.0,0.0,0.0,0.0,0.0,0.0,0.0,None,0.0,0,2024-04-01,0.8660254037844387,-0.4999999999999998,Inter_MarApr,0.0,0,None,0.0,0,None,0.0,0,None
Uwa|Out of Protected Area,2024,5,Uwa,Out of Protected Area,0.0,0.0,0.0,0.0,0.0,0.0,0.0,0.0,0.0,0.0,0.0,0.0,0.0,0.0,0.0,0.0,None,0.0,0,2024-05-01,0.49999999999999994,-0.8660254037844387,SW_monsoon,0.0,0,None,0.0,0,None,0.0,0,None
Uwa|Out of Protected Area,2024,6,Uwa,Out of Protected Area,0.0,0.0,0.0,0.0,0.0,0.0,0.0,0.0,0.0,0.0,0.0,0.0,0.0,0.0,0.0,0.0,None,0.0,0,2024-06-01,1.2246467991473532e-16,-1.0,SW_monsoon,0.0,0,None,0.0,0,None,0.0,0,None
Uwa|Out of Protected Area,2024,7,Uwa,Out of Protected Area,0.0,0.0,0.0,0.0,0.0,0.0,0.0,0.0,0.0,0.0,0.0,0.0,0.0,0.0,0.0,0.0,None,0.0,0,2024-07-01,-0.4999999999999997,-0.8660254037844388,SW_monsoon,0.0,0,None,0.0,0,None,0.0,0,None
Uwa|Out of Protected Area,2024,8,Uwa,Out of Protected Area,0.0,0.0,0.0,0.0,0.0,0.0,0.0,0.0,0.0,0.0,0.0,0.0,0.0,0.0,0.0,0.0,None,0.0,0,2024-08-01,-0.8660254037844384,-0.5000000000000004,SW_monsoon,0.0,0,None,0.0,0,None,0.0,0,None
Uwa|Out of Protected Area,2024,9,Uwa,Out of Protected Area,0.0,0.0,0.0,0.0,0.0,0.0,0.0,0.0,0.0,0.0,0.0,0.0,0.0,0.0,0.0,0.0,None,0.0,0,2024-09-01,-1.0,-1.8369701987210297e-16,SW_monsoon,0.0,0,None,0.0,0,None,0.0,0,None
Uwa|Out of Protected Area,2024,10,Uwa,Out of Protected Area,0.0,0.0,0.0,0.0,0.0,0.0,0.0,0.0,0.0,0.0,0.0,0.0,0.0,0.0,0.0,0.0,None,0.0,0,2024-10-01,-0.8660254037844386,0.5000000000000001,Inter_OctNov,0.0,0,None,0.0,0,None,0.0,0,None
Uwa|Out of Protected Area,2024,11,Uwa,Out of Protected Area,0.0,0.0,0.0,0.0,0.0,0.0,0.0,0.0,0.0,0.0,0.0,0.0,0.0,0.0,0.0,0.0,None,0.0,0,2024-11-01,-0.5000000000000004,0.8660254037844384,Inter_OctNov,0.0,0,None,0.0,0,None,0.0,0,None
Uwa|Out of Protected Area,2024,12,Uwa,Out of Protected Area,0.0,0.0,0.0,0.0,0.0,0.0,0.0,0.0,0.0,0.0,0.0,0.0,0.0,0.0,0.0,0.0,None,0.0,0,2024-12-01,-2.4492935982947064e-16,1.0,NE_monsoon,0.0,0,None,0.0,0,None,0.0,0,None
Uwa|Sanctuary,2022,1,Uwa,Sanctuary,0.0,0.0,0.0,0.0,0.0,0.0,0.0,0.0,0.0,0.0,0.0,0.0,0.0,0.0,0.0,0.0,None,0.0,0,2022-01-01,0.49999999999999994,0.8660254037844387,NE_monsoon,0.0,0,None,0.0,0,None,0.0,0,None
Uwa|Sanctuary,2022,2,Uwa,Sanctuary,0.0,0.0,0.0,0.0,0.0,0.0,0.0,0.0,0.0,0.0,0.0,0.0,0.0,0.0,0.0,0.0,None,0.0,0,2022-02-01,0.8660254037844386,0.5000000000000001,NE_monsoon,0.0,0,None,0.0,0,None,0.0,0,None
Uwa|Sanctuary,2022,3,Uwa,Sanctuary,0.0,0.0,0.0,0.0,0.0,0.0,0.0,0.0,0.0,0.0,0.0,0.0,0.0,0.0,0.0,0.0,None,0.0,0,2022-03-01,1.0,6.123233995736766e-17,Inter_MarApr,0.0,0,None,0.0,0,None,0.0,0,None
Uwa|Sanctuary,2022,4,Uwa,Sanctuary,0.0,0.0,0.0,0.0,0.0,0.0,0.0,0.0,0.0,0.0,0.0,0.0,0.0,0.0,0.0,0.0,None,0.0,0,2022-04-01,0.8660254037844387,-0.4999999999999998,Inter_MarApr,0.0,0,None,0.0,0,None,0.0,0,None
Uwa|Sanctuary,2022,5,Uwa,Sanctuary,0.0,0.0,0.0,0.0,0.0,0.0,0.0,0.0,0.0,0.0,0.0,0.0,0.0,0.0,0.0,0.0,None,0.0,0,2022-05-01,0.49999999999999994,-0.8660254037844387,SW_monsoon,0.0,0,None,0.0,0,None,0.0,0,None
Uwa|Sanctuary,2022,6,Uwa,Sanctuary,0.0,0.0,0.0,0.0,0.0,0.0,0.0,0.0,0.0,0.0,0.0,0.0,0.0,0.0,0.0,0.0,None,0.0,0,2022-06-01,1.2246467991473532e-16,-1.0,SW_monsoon,0.0,0,None,0.0,0,None,0.0,0,None
Uwa|Sanctuary,2022,7,Uwa,Sanctuary,0.0,0.0,0.0,0.0,0.0,0.0,0.0,0.0,0.0,0.0,0.0,0.0,0.0,0.0,0.0,0.0,None,0.0,0,2022-07-01,-0.4999999999999997,-0.8660254037844388,SW_monsoon,0.0,0,None,0.0,0,None,0.0,0,None
Uwa|Sanctuary,2022,8,Uwa,Sanctuary,0.0,0.0,0.0,0.0,0.0,0.0,0.0,0.0,0.0,0.0,0.0,0.0,0.0,0.0,0.0,0.0,None,0.0,0,2022-08-01,-0.8660254037844384,-0.5000000000000004,SW_monsoon,0.0,0,None,0.0,0,None,0.0,0,None
Uwa|Sanctuary,2022,9,Uwa,Sanctuary,0.0,0.0,0.0,0.0,0.0,0.0,0.0,0.0,0.0,0.0,0.0,0.0,0.0,0.0,0.0,0.0,None,0.0,0,2022-09-01,-1.0,-1.8369701987210297e-16,SW_monsoon,0.0,0,None,0.0,0,None,0.0,0,None
Uwa|Sanctuary,2022,10,Uwa,Sanctuary,0.0,0.0,0.0,0.0,0.0,0.0,0.0,0.0,0.0,0.0,0.0,0.0,0.0,0.0,0.0,0.0,None,0.0,0,2022-10-01,-0.8660254037844386,0.5000000000000001,Inter_OctNov,0.0,0,None,0.0,0,None,0.0,0,None
Uwa|Sanctuary,2022,11,Uwa,Sanctuary,0.0,0.0,0.0,0.0,0.0,0.0,0.0,0.0,0.0,0.0,0.0,0.0,0.0,0.0,0.0,0.0,None,0.0,0,2022-11-01,-0.5000000000000004,0.8660254037844384,Inter_OctNov,0.0,0,None,0.0,0,None,0.0,0,None
Uwa|Sanctuary,2022,12,Uwa,Sanctuary,0.0,0.0,0.0,0.0,0.0,0.0,0.0,0.0,0.0,0.0,0.0,0.0,0.0,0.0,0.0,0.0,None,0.0,0,2022-12-01,-2.4492935982947064e-16,1.0,NE_monsoon,0.0,0,None,0.0,0,None,0.0,0,None
Uwa|Sanctuary,2023,1,Uwa,Sanctuary,0.0,0.0,0.0,0.0,0.0,0.0,0.0,0.0,0.0,0.0,0.0,0.0,0.0,0.0,0.0,0.0,None,0.0,0,2023-01-01,0.49999999999999994,0.8660254037844387,NE_monsoon,0.0,0,None,0.0,0,None,0.0,0,None
Uwa|Sanctuary,2023,2,Uwa,Sanctuary,0.0,0.0,0.0,0.0,0.0,0.0,0.0,0.0,0.0,0.0,0.0,0.0,0.0,0.0,0.0,0.0,None,0.0,0,2023-02-01,0.8660254037844386,0.5000000000000001,NE_monsoon,0.0,0,None,0.0,0,None,0.0,0,None
Uwa|Sanctuary,2023,3,Uwa,Sanctuary,0.0,0.0,0.0,0.0,0.0,0.0,0.0,0.0,0.0,0.0,0.0,0.0,0.0,0.0,0.0,0.0,None,0.0,0,2023-03-01,1.0,6.123233995736766e-17,Inter_MarApr,0.0,0,None,0.0,0,None,0.0,0,None
Uwa|Sanctuary,2023,4,Uwa,Sanctuary,0.0,0.0,0.0,0.0,0.0,0.0,0.0,0.0,0.0,0.0,0.0,0.0,0.0,0.0,0.0,0.0,None,0.0,0,2023-04-01,0.8660254037844387,-0.4999999999999998,Inter_MarApr,0.0,0,None,0.0,0,None,0.0,0,None
Uwa|Sanctuary,2023,5,Uwa,Sanctuary,0.0,0.0,0.0,0.0,0.0,0.0,0.0,0.0,0.0,0.0,0.0,0.0,0.0,0.0,0.0,0.0,None,0.0,0,2023-05-01,0.49999999999999994,-0.8660254037844387,SW_monsoon,0.0,0,None,0.0,0,None,0.0,0,None
Uwa|Sanctuary,2023,6,Uwa,Sanctuary,0.0,0.0,0.0,0.0,0.0,0.0,0.0,0.0,0.0,0.0,0.0,0.0,0.0,0.0,0.0,0.0,None,0.0,0,2023-06-01,1.2246467991473532e-16,-1.0,SW_monsoon,0.0,0,None,0.0,0,None,0.0,0,None
Uwa|Sanctuary,2023,7,Uwa,Sanctuary,0.0,0.0,0.0,0.0,0.0,0.0,0.0,0.0,0.0,0.0,0.0,0.0,0.0,0.0,0.0,0.0,None,0.0,0,2023-07-01,-0.4999999999999997,-0.8660254037844388,SW_monsoon,0.0,0,None,0.0,0,None,0.0,0,None
Uwa|Sanctuary,2023,8,Uwa,Sanctuary,0.0,0.0,0.0,0.0,0.0,0.0,0.0,0.0,0.0,0.0,0.0,0.0,0.0,0.0,0.0,0.0,None,0.0,0,2023-08-01,-0.8660254037844384,-0.5000000000000004,SW_monsoon,0.0,0,None,0.0,0,None,0.0,0,None
Uwa|Sanctuary,2023,9,Uwa,Sanctuary,0.0,0.0,0.0,0.0,0.0,0.0,0.0,0.0,0.0,0.0,0.0,0.0,0.0,0.0,0.0,0.0,None,0.0,0,2023-09-01,-1.0,-1.8369701987210297e-16,SW_monsoon,0.0,0,None,0.0,0,None,0.0,0,None
Uwa|Sanctuary,2023,10,Uwa,Sanctuary,0.0,0.0,0.0,0.0,0.0,0.0,0.0,0.0,0.0,0.0,0.0,0.0,0.0,0.0,0.0,0.0,None,0.0,0,2023-10-01,-0.8660254037844386,0.5000000000000001,Inter_OctNov,0.0,0,None,0.0,0,None,0.0,0,None
Uwa|Sanctuary,2023,11,Uwa,Sanctuary,0.0,0.0,0.0,0.0,0.0,0.0,0.0,0.0,0.0,0.0,0.0,0.0,0.0,0.0,0.0,0.0,None,0.0,0,2023-11-01,-0.5000000000000004,0.8660254037844384,Inter_OctNov,0.0,0,None,0.0,0,None,0.0,0,None
Uwa|Sanctuary,2023,12,Uwa,Sanctuary,0.0,0.0,0.0,0.0,0.0,0.0,0.0,0.0,0.0,0.0,0.0,0.0,0.0,0.0,0.0,0.0,None,0.0,0,2023-12-01,-2.4492935982947064e-16,1.0,NE_monsoon,0.0,0,None,0.0,0,None,0.0,0,None
Uwa|Sanctuary,2024,1,Uwa,Sanctuary,0.0,0.0,0.0,0.0,0.0,0.0,0.0,0.0,0.0,0.0,0.0,0.0,0.0,0.0,0.0,0.0,None,0.0,0,2024-01-01,0.49999999999999994,0.8660254037844387,NE_monsoon,0.0,0,None,0.0,0,None,0.0,0,None
Uwa|Sanctuary,2024,2,Uwa,Sanctuary,0.0,0.0,0.0,0.0,0.0,0.0,0.0,0.0,0.0,0.0,0.0,0.0,0.0,0.0,0.0,0.0,None,0.0,0,2024-02-01,0.8660254037844386,0.5000000000000001,NE_monsoon,0.0,0,None,0.0,0,None,0.0,0,None
Uwa|Sanctuary,2024,3,Uwa,Sanctuary,0.0,0.0,0.0,0.0,0.0,0.0,0.0,0.0,0.0,0.0,0.0,0.0,0.0,0.0,0.0,0.0,None,0.0,0,2024-03-01,1.0,6.123233995736766e-17,Inter_MarApr,0.0,0,None,0.0,0,None,0.0,0,None
Uwa|Sanctuary,2024,4,Uwa,Sanctuary,0.0,0.0,0.0,0.0,0.0,0.0,0.0,0.0,0.0,0.0,0.0,0.0,0.0,5.0,0.0,0.0,Other,5.0,1,2024-04-01,0.8660254037844387,-0.4999999999999998,Inter_MarApr,0.0,0,None,0.0,0,None,0.0,0,None
Uwa|Sanctuary,2024,5,Uwa,Sanctuary,0.0,0.0,0.0,0.0,0.0,0.0,0.0,0.0,0.0,0.0,0.0,0.0,0.0,0.0,0.0,0.0,None,0.0,0,2024-05-01,0.49999999999999994,-0.8660254037844387,SW_monsoon,5.0,1,Other,0.0,0,None,0.0,0,None
Uwa|Sanctuary,2024,6,Uwa,Sanctuary,0.0,0.0,0.0,0.0,0.0,0.0,0.0,0.0,0.0,0.0,0.0,0.0,0.0,0.0,0.0,0.0,None,0.0,0,2024-06-01,1.2246467991473532e-16,-1.0,SW_monsoon,0.0,0,None,5.0,1,Other,0.0,0,None
Uwa|Sanctuary,2024,7,Uwa,Sanctuary,0.0,0.0,0.0,0.0,0.0,0.0,0.0,0.0,0.0,0.0,0.0,0.0,0.0,0.0,0.0,0.0,None,0.0,0,2024-07-01,-0.4999999999999997,-0.8660254037844388,SW_monsoon,0.0,0,None,0.0,0,None,5.0,1,Other
Uwa|Sanctuary,2024,8,Uwa,Sanctuary,0.0,0.0,0.0,0.0,0.0,0.0,0.0,0.0,0.0,0.0,0.0,0.0,0.0,0.0,0.0,0.0,None,0.0,0,2024-08-01,-0.8660254037844384,-0.5000000000000004,SW_monsoon,0.0,0,None,0.0,0,None,0.0,0,None
Uwa|Sanctuary,2024,9,Uwa,Sanctuary,0.0,0.0,0.0,0.0,0.0,0.0,0.0,0.0,0.0,0.0,0.0,0.0,0.0,0.0,0.0,0.0,None,0.0,0,2024-09-01,-1.0,-1.8369701987210297e-16,SW_monsoon,0.0,0,None,0.0,0,None,0.0,0,None
Uwa|Sanctuary,2024,10,Uwa,Sanctuary,0.0,0.0,0.0,0.0,0.0,0.0,0.0,0.0,0.0,0.0,0.0,0.0,0.0,0.0,0.0,0.0,None,0.0,0,2024-10-01,-0.8660254037844386,0.5000000000000001,Inter_OctNov,0.0,0,None,0.0,0,None,0.0,0,None
Uwa|Sanctuary,2024,11,Uwa,Sanctuary,0.0,0.0,0.0,0.0,0.0,0.0,0.0,0.0,0.0,0.0,0.0,0.0,0.0,0.0,0.0,0.0,None,0.0,0,2024-11-01,-0.5000000000000004,0.8660254037844384,Inter_OctNov,0.0,0,None,0.0,0,None,0.0,0,None
Uwa|Sanctuary,2024,12,Uwa,Sanctuary,0.0,0.0,0.0,0.0,0.0,0.0,0.0,0.0,0.0,0.0,0.0,0.0,0.0,0.0,0.0,0.0,None,0.0,0,2024-12-01,-2.4492935982947064e-16,1.0,NE_monsoon,0.0,0,None,0.0,0,None,0.0,0,None
Uwa|Sand/Mineral/Any Mining,2022,1,Uwa,Sand/Mineral/Any Mining,0.0,0.0,0.0,0.0,0.0,0.0,0.0,0.0,0.0,0.0,0.0,0.0,0.0,0.0,0.0,0.0,None,0.0,0,2022-01-01,0.49999999999999994,0.8660254037844387,NE_monsoon,0.0,0,None,0.0,0,None,0.0,0,None
Uwa|Sand/Mineral/Any Mining,2022,2,Uwa,Sand/Mineral/Any Mining,0.0,0.0,0.0,0.0,0.0,0.0,0.0,0.0,0.0,0.0,0.0,0.0,0.0,0.0,0.0,0.0,None,0.0,0,2022-02-01,0.8660254037844386,0.5000000000000001,NE_monsoon,0.0,0,None,0.0,0,None,0.0,0,None
Uwa|Sand/Mineral/Any Mining,2022,3,Uwa,Sand/Mineral/Any Mining,0.0,0.0,0.0,0.0,0.0,0.0,0.0,0.0,0.0,0.0,0.0,0.0,0.0,0.0,0.0,0.0,None,0.0,0,2022-03-01,1.0,6.123233995736766e-17,Inter_MarApr,0.0,0,None,0.0,0,None,0.0,0,None
Uwa|Sand/Mineral/Any Mining,2022,4,Uwa,Sand/Mineral/Any Mining,0.0,0.0,0.0,0.0,0.0,0.0,0.0,0.0,0.0,0.0,0.0,0.0,0.0,0.0,0.0,0.0,None,0.0,0,2022-04-01,0.8660254037844387,-0.4999999999999998,Inter_MarApr,0.0,0,None,0.0,0,None,0.0,0,None
Uwa|Sand/Mineral/Any Mining,2022,5,Uwa,Sand/Mineral/Any Mining,0.0,0.0,0.0,0.0,0.0,0.0,0.0,0.0,0.0,0.0,0.0,0.0,0.0,0.0,0.0,0.0,None,0.0,0,2022-05-01,0.49999999999999994,-0.8660254037844387,SW_monsoon,0.0,0,None,0.0,0,None,0.0,0,None
Uwa|Sand/Mineral/Any Mining,2022,6,Uwa,Sand/Mineral/Any Mining,0.0,0.0,0.0,0.0,0.0,0.0,0.0,0.0,0.0,0.0,0.0,0.0,0.0,0.0,0.0,0.0,None,0.0,0,2022-06-01,1.2246467991473532e-16,-1.0,SW_monsoon,0.0,0,None,0.0,0,None,0.0,0,None
Uwa|Sand/Mineral/Any Mining,2022,7,Uwa,Sand/Mineral/Any Mining,0.0,0.0,0.0,0.0,0.0,0.0,0.0,0.0,0.0,0.0,0.0,0.0,0.0,0.0,0.0,0.0,None,0.0,0,2022-07-01,-0.4999999999999997,-0.8660254037844388,SW_monsoon,0.0,0,None,0.0,0,None,0.0,0,None
Uwa|Sand/Mineral/Any Mining,2022,8,Uwa,Sand/Mineral/Any Mining,0.0,0.0,0.0,0.0,0.0,0.0,0.0,0.0,0.0,0.0,0.0,0.0,0.0,0.0,0.0,0.0,None,0.0,0,2022-08-01,-0.8660254037844384,-0.5000000000000004,SW_monsoon,0.0,0,None,0.0,0,None,0.0,0,None
Uwa|Sand/Mineral/Any Mining,2022,9,Uwa,Sand/Mineral/Any Mining,0.0,0.0,0.0,0.0,0.0,0.0,0.0,0.0,0.0,0.0,0.0,0.0,0.0,0.0,0.0,0.0,None,0.0,0,2022-09-01,-1.0,-1.8369701987210297e-16,SW_monsoon,0.0,0,None,0.0,0,None,0.0,0,None
Uwa|Sand/Mineral/Any Mining,2022,10,Uwa,Sand/Mineral/Any Mining,0.0,0.0,0.0,0.0,0.0,0.0,0.0,0.0,0.0,0.0,0.0,0.0,0.0,0.0,0.0,0.0,None,0.0,0,2022-10-01,-0.8660254037844386,0.5000000000000001,Inter_OctNov,0.0,0,None,0.0,0,None,0.0,0,None
Uwa|Sand/Mineral/Any Mining,2022,11,Uwa,Sand/Mineral/Any Mining,0.0,0.0,0.0,0.0,0.0,0.0,0.0,0.0,0.0,0.0,0.0,0.0,0.0,0.0,0.0,0.0,None,0.0,0,2022-11-01,-0.5000000000000004,0.8660254037844384,Inter_OctNov,0.0,0,None,0.0,0,None,0.0,0,None
Uwa|Sand/Mineral/Any Mining,2022,12,Uwa,Sand/Mineral/Any Mining,0.0,0.0,0.0,0.0,0.0,0.0,0.0,0.0,0.0,0.0,0.0,0.0,0.0,0.0,0.0,0.0,None,0.0,0,2022-12-01,-2.4492935982947064e-16,1.0,NE_monsoon,0.0,0,None,0.0,0,None,0.0,0,None
Uwa|Sand/Mineral/Any Mining,2023,1,Uwa,Sand/Mineral/Any Mining,0.0,0.0,0.0,0.0,0.0,0.0,0.0,0.0,190.0,0.0,0.0,0.0,0.0,0.0,0.0,0.0,Illegal Entry,190.0,1,2023-01-01,0.49999999999999994,0.8660254037844387,NE_monsoon,0.0,0,None,0.0,0,None,0.0,0,None
Uwa|Sand/Mineral/Any Mining,2023,2,Uwa,Sand/Mineral/Any Mining,0.0,0.0,0.0,0.0,0.0,0.0,0.0,0.0,9.0,0.0,0.0,0.0,0.0,0.0,0.0,0.0,Illegal Entry,9.0,1,2023-02-01,0.8660254037844386,0.5000000000000001,NE_monsoon,190.0,1,Illegal Entry,0.0,0,None,0.0,0,None
Uwa|Sand/Mineral/Any Mining,2023,3,Uwa,Sand/Mineral/Any Mining,0.0,0.0,0.0,0.0,0.0,0.0,0.0,0.0,0.0,0.0,0.0,0.0,0.0,0.0,0.0,0.0,None,0.0,0,2023-03-01,1.0,6.123233995736766e-17,Inter_MarApr,9.0,1,Illegal Entry,190.0,1,Illegal Entry,0.0,0,None
Uwa|Sand/Mineral/Any Mining,2023,4,Uwa,Sand/Mineral/Any Mining,0.0,0.0,0.0,0.0,0.0,0.0,0.0,0.0,0.0,0.0,0.0,0.0,0.0,0.0,0.0,0.0,None,0.0,0,2023-04-01,0.8660254037844387,-0.4999999999999998,Inter_MarApr,0.0,0,None,9.0,1,Illegal Entry,190.0,1,Illegal Entry
Uwa|Sand/Mineral/Any Mining,2023,5,Uwa,Sand/Mineral/Any Mining,0.0,0.0,0.0,0.0,0.0,0.0,0.0,0.0,0.0,0.0,0.0,0.0,0.0,0.0,0.0,0.0,None,0.0,0,2023-05-01,0.49999999999999994,-0.8660254037844387,SW_monsoon,0.0,0,None,0.0,0,None,9.0,1,Illegal Entry
Uwa|Sand/Mineral/Any Mining,2023,6,Uwa,Sand/Mineral/Any Mining,0.0,0.0,0.0,0.0,0.0,0.0,0.0,0.0,5.0,0.0,0.0,0.0,0.0,0.0,0.0,0.0,Illegal Entry,5.0,1,2023-06-01,1.2246467991473532e-16,-1.0,SW_monsoon,0.0,0,None,0.0,0,None,0.0,0,None
Uwa|Sand/Mineral/Any Mining,2023,7,Uwa,Sand/Mineral/Any Mining,0.0,0.0,0.0,0.0,0.0,0.0,0.0,0.0,0.0,0.0,0.0,0.0,0.0,0.0,0.0,0.0,None,0.0,0,2023-07-01,-0.4999999999999997,-0.8660254037844388,SW_monsoon,5.0,1,Illegal Entry,0.0,0,None,0.0,0,None
Uwa|Sand/Mineral/Any Mining,2023,8,Uwa,Sand/Mineral/Any Mining,0.0,0.0,0.0,0.0,0.0,0.0,0.0,0.0,0.0,0.0,0.0,0.0,0.0,0.0,0.0,0.0,None,0.0,0,2023-08-01,-0.8660254037844384,-0.5000000000000004,SW_monsoon,0.0,0,None,5.0,1,Illegal Entry,0.0,0,None
Uwa|Sand/Mineral/Any Mining,2023,9,Uwa,Sand/Mineral/Any Mining,0.0,0.0,0.0,0.0,0.0,0.0,0.0,0.0,0.0,0.0,0.0,0.0,0.0,0.0,0.0,0.0,None,0.0,0,2023-09-01,-1.0,-1.8369701987210297e-16,SW_monsoon,0.0,0,None,0.0,0,None,5.0,1,Illegal Entry
Uwa|Sand/Mineral/Any Mining,2023,10,Uwa,Sand/Mineral/Any Mining,0.0,0.0,0.0,0.0,0.0,0.0,0.0,0.0,0.0,0.0,0.0,0.0,0.0,0.0,0.0,0.0,None,0.0,0,2023-10-01,-0.8660254037844386,0.5000000000000001,Inter_OctNov,0.0,0,None,0.0,0,None,0.0,0,None
Uwa|Sand/Mineral/Any Mining,2023,11,Uwa,Sand/Mineral/Any Mining,0.0,0.0,0.0,0.0,0.0,0.0,0.0,0.0,0.0,0.0,0.0,0.0,0.0,21.0,0.0,0.0,Other,21.0,1,2023-11-01,-0.5000000000000004,0.8660254037844384,Inter_OctNov,0.0,0,None,0.0,0,None,0.0,0,None
Uwa|Sand/Mineral/Any Mining,2023,12,Uwa,Sand/Mineral/Any Mining,0.0,0.0,0.0,0.0,0.0,0.0,0.0,0.0,0.0,0.0,0.0,0.0,0.0,0.0,0.0,0.0,None,0.0,0,2023-12-01,-2.4492935982947064e-16,1.0,NE_monsoon,21.0,1,Other,0.0,0,None,0.0,0,None
Uwa|Sand/Mineral/Any Mining,2024,1,Uwa,Sand/Mineral/Any Mining,0.0,0.0,0.0,0.0,0.0,0.0,0.0,0.0,0.0,0.0,0.0,0.0,0.0,0.0,0.0,0.0,None,0.0,0,2024-01-01,0.49999999999999994,0.8660254037844387,NE_monsoon,0.0,0,None,21.0,1,Other,0.0,0,None
Uwa|Sand/Mineral/Any Mining,2024,2,Uwa,Sand/Mineral/Any Mining,0.0,0.0,0.0,0.0,0.0,0.0,0.0,0.0,0.0,0.0,0.0,0.0,0.0,0.0,0.0,0.0,None,0.0,0,2024-02-01,0.8660254037844386,0.5000000000000001,NE_monsoon,0.0,0,None,0.0,0,None,21.0,1,Other
Uwa|Sand/Mineral/Any Mining,2024,3,Uwa,Sand/Mineral/Any Mining,0.0,0.0,0.0,0.0,0.0,0.0,0.0,0.0,0.0,0.0,0.0,0.0,0.0,0.0,0.0,0.0,None,0.0,0,2024-03-01,1.0,6.123233995736766e-17,Inter_MarApr,0.0,0,None,0.0,0,None,0.0,0,None
Uwa|Sand/Mineral/Any Mining,2024,4,Uwa,Sand/Mineral/Any Mining,0.0,0.0,0.0,0.0,0.0,0.0,0.0,0.0,0.0,0.0,0.0,0.0,0.0,0.0,0.0,0.0,None,0.0,0,2024-04-01,0.8660254037844387,-0.4999999999999998,Inter_MarApr,0.0,0,None,0.0,0,None,0.0,0,None
Uwa|Sand/Mineral/Any Mining,2024,5,Uwa,Sand/Mineral/Any Mining,0.0,0.0,0.0,0.0,0.0,0.0,0.0,0.0,0.0,0.0,0.0,0.0,0.0,0.0,0.0,0.0,None,0.0,0,2024-05-01,0.49999999999999994,-0.8660254037844387,SW_monsoon,0.0,0,None,0.0,0,None,0.0,0,None
Uwa|Sand/Mineral/Any Mining,2024,6,Uwa,Sand/Mineral/Any Mining,0.0,0.0,0.0,0.0,0.0,0.0,0.0,0.0,0.0,0.0,0.0,0.0,0.0,0.0,0.0,0.0,None,0.0,0,2024-06-01,1.2246467991473532e-16,-1.0,SW_monsoon,0.0,0,None,0.0,0,None,0.0,0,None
Uwa|Sand/Mineral/Any Mining,2024,7,Uwa,Sand/Mineral/Any Mining,0.0,0.0,0.0,0.0,0.0,0.0,0.0,0.0,0.0,0.0,0.0,0.0,0.0,0.0,0.0,0.0,None,0.0,0,2024-07-01,-0.4999999999999997,-0.8660254037844388,SW_monsoon,0.0,0,None,0.0,0,None,0.0,0,None
Uwa|Sand/Mineral/Any Mining,2024,8,Uwa,Sand/Mineral/Any Mining,0.0,0.0,0.0,0.0,0.0,0.0,0.0,0.0,0.0,0.0,0.0,0.0,0.0,0.0,0.0,0.0,None,0.0,0,2024-08-01,-0.8660254037844384,-0.5000000000000004,SW_monsoon,0.0,0,None,0.0,0,None,0.0,0,None
Uwa|Sand/Mineral/Any Mining,2024,9,Uwa,Sand/Mineral/Any Mining,0.0,0.0,0.0,0.0,0.0,0.0,0.0,0.0,0.0,0.0,0.0,0.0,0.0,0.0,0.0,0.0,None,0.0,0,2024-09-01,-1.0,-1.8369701987210297e-16,SW_monsoon,0.0,0,None,0.0,0,None,0.0,0,None
Uwa|Sand/Mineral/Any Mining,2024,10,Uwa,Sand/Mineral/Any Mining,0.0,0.0,0.0,0.0,0.0,0.0,0.0,0.0,0.0,0.0,0.0,0.0,0.0,0.0,0.0,0.0,None,0.0,0,2024-10-01,-0.8660254037844386,0.5000000000000001,Inter_OctNov,0.0,0,None,0.0,0,None,0.0,0,None
Uwa|Sand/Mineral/Any Mining,2024,11,Uwa,Sand/Mineral/Any Mining,0.0,0.0,0.0,0.0,0.0,0.0,0.0,0.0,0.0,0.0,0.0,0.0,0.0,0.0,0.0,0.0,None,0.0,0,2024-11-01,-0.5000000000000004,0.8660254037844384,Inter_OctNov,0.0,0,None,0.0,0,None,0.0,0,None
Uwa|Sand/Mineral/Any Mining,2024,12,Uwa,Sand/Mineral/Any Mining,0.0,0.0,0.0,0.0,0.0,0.0,0.0,0.0,0.0,0.0,0.0,0.0,0.0,0.0,0.0,0.0,None,0.0,0,2024-12-01,-2.4492935982947064e-16,1.0,NE_monsoon,0.0,0,None,0.0,0,None,0.0,0,None
Uwa|Unknown,2022,1,Uwa,Unknown,0.0,0.0,0.0,0.0,0.0,0.0,0.0,0.0,0.0,0.0,0.0,0.0,0.0,0.0,0.0,0.0,None,0.0,0,2022-01-01,0.49999999999999994,0.8660254037844387,NE_monsoon,0.0,0,None,0.0,0,None,0.0,0,None
Uwa|Unknown,2022,2,Uwa,Unknown,0.0,0.0,0.0,0.0,0.0,0.0,0.0,0.0,0.0,0.0,0.0,0.0,0.0,0.0,0.0,0.0,None,0.0,0,2022-02-01,0.8660254037844386,0.5000000000000001,NE_monsoon,0.0,0,None,0.0,0,None,0.0,0,None
Uwa|Unknown,2022,3,Uwa,Unknown,0.0,0.0,0.0,0.0,0.0,0.0,0.0,0.0,0.0,0.0,0.0,0.0,0.0,0.0,0.0,0.0,None,0.0,0,2022-03-01,1.0,6.123233995736766e-17,Inter_MarApr,0.0,0,None,0.0,0,None,0.0,0,None
Uwa|Unknown,2022,4,Uwa,Unknown,0.0,0.0,0.0,0.0,0.0,0.0,0.0,0.0,0.0,0.0,0.0,0.0,0.0,63.0,0.0,0.0,Other,63.0,1,2022-04-01,0.8660254037844387,-0.4999999999999998,Inter_MarApr,0.0,0,None,0.0,0,None,0.0,0,None
Uwa|Unknown,2022,5,Uwa,Unknown,0.0,0.0,0.0,0.0,0.0,0.0,0.0,0.0,0.0,0.0,0.0,0.0,0.0,23.0,0.0,0.0,Other,23.0,1,2022-05-01,0.49999999999999994,-0.8660254037844387,SW_monsoon,63.0,1,Other,0.0,0,None,0.0,0,None
Uwa|Unknown,2022,6,Uwa,Unknown,0.0,0.0,0.0,0.0,0.0,0.0,0.0,0.0,0.0,0.0,0.0,0.0,0.0,0.0,0.0,0.0,None,0.0,0,2022-06-01,1.2246467991473532e-16,-1.0,SW_monsoon,23.0,1,Other,63.0,1,Other,0.0,0,None
Uwa|Unknown,2022,7,Uwa,Unknown,0.0,0.0,0.0,0.0,0.0,0.0,0.0,0.0,0.0,0.0,0.0,0.0,0.0,0.0,0.0,0.0,None,0.0,0,2022-07-01,-0.4999999999999997,-0.8660254037844388,SW_monsoon,0.0,0,None,23.0,1,Other,63.0,1,Other
Uwa|Unknown,2022,8,Uwa,Unknown,0.0,0.0,0.0,0.0,0.0,0.0,0.0,0.0,0.0,0.0,0.0,0.0,0.0,0.0,0.0,0.0,None,0.0,0,2022-08-01,-0.8660254037844384,-0.5000000000000004,SW_monsoon,0.0,0,None,0.0,0,None,23.0,1,Other
Uwa|Unknown,2022,9,Uwa,Unknown,0.0,0.0,0.0,0.0,0.0,0.0,0.0,0.0,0.0,0.0,0.0,0.0,0.0,0.0,0.0,0.0,None,0.0,0,2022-09-01,-1.0,-1.8369701987210297e-16,SW_monsoon,0.0,0,None,0.0,0,None,0.0,0,None
Uwa|Unknown,2022,10,Uwa,Unknown,0.0,0.0,0.0,0.0,0.0,0.0,0.0,0.0,0.0,0.0,0.0,0.0,0.0,0.0,0.0,0.0,None,0.0,0,2022-10-01,-0.8660254037844386,0.5000000000000001,Inter_OctNov,0.0,0,None,0.0,0,None,0.0,0,None
Uwa|Unknown,2022,11,Uwa,Unknown,0.0,0.0,0.0,0.0,0.0,0.0,0.0,0.0,0.0,0.0,0.0,0.0,0.0,0.0,0.0,0.0,None,0.0,0,2022-11-01,-0.5000000000000004,0.8660254037844384,Inter_OctNov,0.0,0,None,0.0,0,None,0.0,0,None
Uwa|Unknown,2022,12,Uwa,Unknown,0.0,0.0,0.0,0.0,0.0,0.0,0.0,0.0,0.0,0.0,0.0,0.0,0.0,0.0,0.0,0.0,None,0.0,0,2022-12-01,-2.4492935982947064e-16,1.0,NE_monsoon,0.0,0,None,0.0,0,None,0.0,0,None
Uwa|Unknown,2023,1,Uwa,Unknown,0.0,17.0,0.0,0.0,0.0,0.0,0.0,0.0,0.0,0.0,0.0,0.0,0.0,0.0,0.0,63.0,Weapons/Traps,80.0,1,2023-01-01,0.49999999999999994,0.8660254037844387,NE_monsoon,0.0,0,None,0.0,0,None,0.0,0,None
Uwa|Unknown,2023,2,Uwa,Unknown,0.0,0.0,0.0,0.0,0.0,0.0,0.0,0.0,8.0,0.0,0.0,8.0,0.0,0.0,0.0,0.0,Illegal Entry,16.0,1,2023-02-01,0.8660254037844386,0.5000000000000001,NE_monsoon,80.0,1,Weapons/Traps,0.0,0,None,0.0,0,None
Uwa|Unknown,2023,3,Uwa,Unknown,0.0,0.0,0.0,0.0,0.0,0.0,0.0,0.0,1.0,0.0,0.0,33.0,0.0,0.0,0.0,79.0,Weapons/Traps,113.0,1,2023-03-01,1.0,6.123233995736766e-17,Inter_MarApr,16.0,1,Illegal Entry,80.0,1,Weapons/Traps,0.0,0,None
Uwa|Unknown,2023,4,Uwa,Unknown,0.0,0.0,0.0,0.0,6.0,0.0,0.0,0.0,0.0,0.0,0.0,10.0,0.0,5.0,0.0,9.0,Meat/Egg Trade,30.0,1,2023-04-01,0.8660254037844387,-0.4999999999999998,Inter_MarApr,113.0,1,Weapons/Traps,16.0,1,Illegal Entry,80.0,1,Weapons/Traps
Uwa|Unknown,2023,5,Uwa,Unknown,11.0,0.0,0.0,0.0,0.0,0.0,0.0,0.0,1.0,0.0,0.0,12.0,0.0,0.0,0.0,0.0,Meat/Egg Trade,24.0,1,2023-05-01,0.49999999999999994,-0.8660254037844387,SW_monsoon,30.0,1,Meat/Egg Trade,113.0,1,Weapons/Traps,16.0,1,Illegal Entry
Uwa|Unknown,2023,6,Uwa,Unknown,0.0,16.0,0.0,0.0,0.0,0.0,0.0,0.0,13.0,0.0,0.0,0.0,0.0,0.0,0.0,0.0,Animal Parts Trade,29.0,1,2023-06-01,1.2246467991473532e-16,-1.0,SW_monsoon,24.0,1,Meat/Egg Trade,30.0,1,Meat/Egg Trade,113.0,1,Weapons/Traps
Uwa|Unknown,2023,7,Uwa,Unknown,0.0,0.0,0.0,0.0,0.0,0.0,0.0,0.0,0.0,0.0,0.0,0.0,0.0,0.0,0.0,11.0,Weapons/Traps,11.0,1,2023-07-01,-0.4999999999999997,-0.8660254037844388,SW_monsoon,29.0,1,Animal Parts Trade,24.0,1,Meat/Egg Trade,30.0,1,Meat/Egg Trade
Uwa|Unknown,2023,8,Uwa,Unknown,18.0,0.0,0.0,0.0,0.0,0.0,0.0,8.0,0.0,0.0,0.0,11.0,0.0,0.0,0.0,0.0,Animal Death/Injury,37.0,1,2023-08-01,-0.8660254037844384,-0.5000000000000004,SW_monsoon,11.0,1,Weapons/Traps,29.0,1,Animal Parts Trade,24.0,1,Meat/Egg Trade
Uwa|Unknown,2023,9,Uwa,Unknown,0.0,0.0,0.0,0.0,0.0,0.0,0.0,0.0,0.0,0.0,3.0,14.0,0.0,4.0,0.0,15.0,Weapons/Traps,36.0,1,2023-09-01,-1.0,-1.8369701987210297e-16,SW_monsoon,37.0,1,Animal Death/Injury,11.0,1,Weapons/Traps,29.0,1,Animal Parts Trade
Uwa|Unknown,2023,10,Uwa,Unknown,0.0,0.0,0.0,0.0,0.0,0.0,0.0,0.0,0.0,0.0,0.0,0.0,0.0,0.0,0.0,0.0,None,0.0,0,2023-10-01,-0.8660254037844386,0.5000000000000001,Inter_OctNov,36.0,1,Weapons/Traps,37.0,1,Animal Death/Injury,11.0,1,Weapons/Traps
Uwa|Unknown,2023,11,Uwa,Unknown,19.0,0.0,0.0,0.0,0.0,0.0,0.0,0.0,5.0,0.0,4.0,34.0,0.0,41.0,0.0,5.0,Meat/Egg Trade,108.0,1,2023-11-01,-0.5000000000000004,0.8660254037844384,Inter_OctNov,0.0,0,None,36.0,1,Weapons/Traps,37.0,1,Animal Death/Injury
Uwa|Unknown,2023,12,Uwa,Unknown,0.0,0.0,0.0,0.0,0.0,0.0,0.0,0.0,12.0,2.0,0.0,21.0,0.0,21.0,0.0,9.0,Meat/Egg Trade,65.0,1,2023-12-01,-2.4492935982947064e-16,1.0,NE_monsoon,108.0,1,Meat/Egg Trade,0.0,0,None,36.0,1,Weapons/Traps
Uwa|Unknown,2024,1,Uwa,Unknown,0.0,0.0,0.0,0.0,0.0,0.0,0.0,0.0,9.0,0.0,0.0,48.0,0.0,14.0,0.0,14.0,Meat/Egg Trade,85.0,1,2024-01-01,0.49999999999999994,0.8660254037844387,NE_monsoon,65.0,1,Meat/Egg Trade,108.0,1,Meat/Egg Trade,0.0,0,None
Uwa|Unknown,2024,2,Uwa,Unknown,0.0,0.0,13.0,0.0,0.0,0.0,0.0,0.0,0.0,0.0,12.0,6.0,0.0,11.0,0.0,14.0,Weapons/Traps,56.0,1,2024-02-01,0.8660254037844386,0.5000000000000001,NE_monsoon,85.0,1,Meat/Egg Trade,65.0,1,Meat/Egg Trade,108.0,1,Meat/Egg Trade
Uwa|Unknown,2024,3,Uwa,Unknown,0.0,0.0,1.0,0.0,0.0,0.0,0.0,0.0,0.0,0.0,0.0,4.0,0.0,0.0,0.0,0.0,Meat/Egg Trade,5.0,1,2024-03-01,1.0,6.123233995736766e-17,Inter_MarApr,56.0,1,Weapons/Traps,85.0,1,Meat/Egg Trade,65.0,1,Meat/Egg Trade
Uwa|Unknown,2024,4,Uwa,Unknown,0.0,0.0,0.0,0.0,0.0,0.0,0.0,0.0,0.0,0.0,0.0,8.0,0.0,13.0,0.0,0.0,Meat/Egg Trade,21.0,1,2024-04-01,0.8660254037844387,-0.4999999999999998,Inter_MarApr,5.0,1,Meat/Egg Trade,56.0,1,Weapons/Traps,85.0,1,Meat/Egg Trade
Uwa|Unknown,2024,5,Uwa,Unknown,0.0,0.0,3.0,0.0,0.0,0.0,0.0,0.0,0.0,0.0,0.0,6.0,0.0,0.0,0.0,0.0,Meat/Egg Trade,9.0,1,2024-05-01,0.49999999999999994,-0.8660254037844387,SW_monsoon,21.0,1,Meat/Egg Trade,5.0,1,Meat/Egg Trade,56.0,1,Weapons/Traps
Uwa|Unknown,2024,6,Uwa,Unknown,0.0,0.0,0.0,0.0,0.0,0.0,0.0,0.0,0.0,0.0,0.0,19.0,0.0,28.0,0.0,0.0,Meat/Egg Trade,47.0,1,2024-06-01,1.2246467991473532e-16,-1.0,SW_monsoon,9.0,1,Meat/Egg Trade,21.0,1,Meat/Egg Trade,5.0,1,Meat/Egg Trade
Uwa|Unknown,2024,7,Uwa,Unknown,0.0,0.0,0.0,0.0,0.0,0.0,0.0,0.0,0.0,0.0,0.0,0.0,0.0,0.0,0.0,0.0,None,0.0,0,2024-07-01,-0.4999999999999997,-0.8660254037844388,SW_monsoon,47.0,1,Meat/Egg Trade,9.0,1,Meat/Egg Trade,21.0,1,Meat/Egg Trade
Uwa|Unknown,2024,8,Uwa,Unknown,0.0,0.0,0.0,0.0,0.0,0.0,0.0,0.0,0.0,0.0,0.0,0.0,0.0,0.0,0.0,0.0,None,0.0,0,2024-08-01,-0.8660254037844384,-0.5000000000000004,SW_monsoon,0.0,0,None,47.0,1,Meat/Egg Trade,9.0,1,Meat/Egg Trade
Uwa|Unknown,2024,9,Uwa,Unknown,0.0,0.0,0.0,0.0,0.0,0.0,0.0,0.0,0.0,0.0,0.0,0.0,0.0,0.0,0.0,0.0,None,0.0,0,2024-09-01,-1.0,-1.8369701987210297e-16,SW_monsoon,0.0,0,None,0.0,0,None,47.0,1,Meat/Egg Trade
Uwa|Unknown,2024,10,Uwa,Unknown,0.0,0.0,0.0,0.0,0.0,0.0,0.0,0.0,0.0,0.0,0.0,0.0,0.0,0.0,0.0,0.0,None,0.0,0,2024-10-01,-0.8660254037844386,0.5000000000000001,Inter_OctNov,0.0,0,None,0.0,0,None,0.0,0,None
Uwa|Unknown,2024,11,Uwa,Unknown,0.0,0.0,0.0,0.0,0.0,0.0,0.0,0.0,0.0,0.0,0.0,0.0,0.0,0.0,0.0,0.0,None,0.0,0,2024-11-01,-0.5000000000000004,0.8660254037844384,Inter_OctNov,0.0,0,None,0.0,0,None,0.0,0,None
Uwa|Unknown,2024,12,Uwa,Unknown,0.0,0.0,0.0,0.0,0.0,0.0,0.0,0.0,0.0,0.0,0.0,0.0,0.0,0.0,0.0,0.0,None,0.0,0,2024-12-01,-2.4492935982947064e-16,1.0,NE_monsoon,0.0,0,None,0.0,0,None,0.0,0,None
Uwa|Yala NP,2022,1,Uwa,Yala NP,0.0,0.0,0.0,0.0,0.0,0.0,0.0,0.0,0.0,0.0,0.0,0.0,0.0,0.0,0.0,0.0,None,0.0,0,2022-01-01,0.49999999999999994,0.8660254037844387,NE_monsoon,0.0,0,None,0.0,0,None,0.0,0,None
Uwa|Yala NP,2022,2,Uwa,Yala NP,0.0,0.0,0.0,0.0,0.0,0.0,0.0,0.0,0.0,0.0,0.0,0.0,0.0,0.0,0.0,0.0,None,0.0,0,2022-02-01,0.8660254037844386,0.5000000000000001,NE_monsoon,0.0,0,None,0.0,0,None,0.0,0,None
Uwa|Yala NP,2022,3,Uwa,Yala NP,0.0,0.0,0.0,0.0,0.0,0.0,0.0,0.0,0.0,0.0,0.0,0.0,0.0,0.0,0.0,0.0,None,0.0,0,2022-03-01,1.0,6.123233995736766e-17,Inter_MarApr,0.0,0,None,0.0,0,None,0.0,0,None
Uwa|Yala NP,2022,4,Uwa,Yala NP,0.0,0.0,0.0,0.0,0.0,0.0,0.0,0.0,0.0,0.0,0.0,0.0,0.0,0.0,0.0,0.0,None,0.0,0,2022-04-01,0.8660254037844387,-0.4999999999999998,Inter_MarApr,0.0,0,None,0.0,0,None,0.0,0,None
Uwa|Yala NP,2022,5,Uwa,Yala NP,0.0,0.0,0.0,0.0,0.0,0.0,0.0,0.0,0.0,0.0,0.0,0.0,0.0,0.0,0.0,0.0,None,0.0,0,2022-05-01,0.49999999999999994,-0.8660254037844387,SW_monsoon,0.0,0,None,0.0,0,None,0.0,0,None
Uwa|Yala NP,2022,6,Uwa,Yala NP,0.0,0.0,0.0,0.0,0.0,0.0,0.0,0.0,0.0,0.0,0.0,0.0,0.0,0.0,0.0,0.0,None,0.0,0,2022-06-01,1.2246467991473532e-16,-1.0,SW_monsoon,0.0,0,None,0.0,0,None,0.0,0,None
Uwa|Yala NP,2022,7,Uwa,Yala NP,0.0,0.0,0.0,0.0,0.0,0.0,0.0,0.0,0.0,0.0,0.0,0.0,0.0,0.0,0.0,0.0,None,0.0,0,2022-07-01,-0.4999999999999997,-0.8660254037844388,SW_monsoon,0.0,0,None,0.0,0,None,0.0,0,None
Uwa|Yala NP,2022,8,Uwa,Yala NP,0.0,0.0,0.0,0.0,0.0,0.0,0.0,0.0,0.0,0.0,0.0,0.0,0.0,0.0,0.0,0.0,None,0.0,0,2022-08-01,-0.8660254037844384,-0.5000000000000004,SW_monsoon,0.0,0,None,0.0,0,None,0.0,0,None
Uwa|Yala NP,2022,9,Uwa,Yala NP,0.0,0.0,0.0,0.0,0.0,0.0,0.0,0.0,0.0,0.0,0.0,0.0,0.0,0.0,0.0,0.0,None,0.0,0,2022-09-01,-1.0,-1.8369701987210297e-16,SW_monsoon,0.0,0,None,0.0,0,None,0.0,0,None
Uwa|Yala NP,2022,10,Uwa,Yala NP,0.0,0.0,0.0,0.0,0.0,0.0,0.0,0.0,0.0,0.0,0.0,0.0,0.0,0.0,0.0,0.0,None,0.0,0,2022-10-01,-0.8660254037844386,0.5000000000000001,Inter_OctNov,0.0,0,None,0.0,0,None,0.0,0,None
Uwa|Yala NP,2022,11,Uwa,Yala NP,0.0,0.0,0.0,0.0,0.0,0.0,0.0,0.0,0.0,0.0,0.0,0.0,0.0,0.0,0.0,0.0,None,0.0,0,2022-11-01,-0.5000000000000004,0.8660254037844384,Inter_OctNov,0.0,0,None,0.0,0,None,0.0,0,None
Uwa|Yala NP,2022,12,Uwa,Yala NP,0.0,0.0,0.0,0.0,0.0,0.0,0.0,0.0,0.0,0.0,0.0,0.0,0.0,0.0,0.0,0.0,None,0.0,0,2022-12-01,-2.4492935982947064e-16,1.0,NE_monsoon,0.0,0,None,0.0,0,None,0.0,0,None
Uwa|Yala NP,2023,1,Uwa,Yala NP,0.0,0.0,0.0,0.0,0.0,0.0,0.0,0.0,0.0,0.0,0.0,0.0,0.0,0.0,0.0,0.0,None,0.0,0,2023-01-01,0.49999999999999994,0.8660254037844387,NE_monsoon,0.0,0,None,0.0,0,None,0.0,0,None
Uwa|Yala NP,2023,2,Uwa,Yala NP,11.0,0.0,0.0,0.0,0.0,0.0,0.0,0.0,0.0,0.0,0.0,0.0,0.0,0.0,0.0,0.0,Animal Death/Injury,11.0,1,2023-02-01,0.8660254037844386,0.5000000000000001,NE_monsoon,0.0,0,None,0.0,0,None,0.0,0,None
Uwa|Yala NP,2023,3,Uwa,Yala NP,16.0,0.0,0.0,0.0,0.0,0.0,0.0,0.0,12.0,0.0,0.0,24.0,0.0,0.0,0.0,0.0,Meat/Egg Trade,52.0,1,2023-03-01,1.0,6.123233995736766e-17,Inter_MarApr,11.0,1,Animal Death/Injury,0.0,0,None,0.0,0,None
Uwa|Yala NP,2023,4,Uwa,Yala NP,0.0,0.0,0.0,0.0,0.0,0.0,0.0,0.0,0.0,0.0,0.0,0.0,0.0,0.0,0.0,0.0,None,0.0,0,2023-04-01,0.8660254037844387,-0.4999999999999998,Inter_MarApr,52.0,1,Meat/Egg Trade,11.0,1,Animal Death/Injury,0.0,0,None
Uwa|Yala NP,2023,5,Uwa,Yala NP,0.0,0.0,0.0,0.0,0.0,0.0,0.0,0.0,0.0,0.0,0.0,9.0,0.0,0.0,0.0,0.0,Meat/Egg Trade,9.0,1,2023-05-01,0.49999999999999994,-0.8660254037844387,SW_monsoon,0.0,0,None,52.0,1,Meat/Egg Trade,11.0,1,Animal Death/Injury
Uwa|Yala NP,2023,6,Uwa,Yala NP,6.0,17.0,0.0,0.0,0.0,0.0,0.0,0.0,0.0,0.0,0.0,0.0,0.0,0.0,0.0,19.0,Weapons/Traps,42.0,1,2023-06-01,1.2246467991473532e-16,-1.0,SW_monsoon,9.0,1,Meat/Egg Trade,0.0,0,None,52.0,1,Meat/Egg Trade
Uwa|Yala NP,2023,7,Uwa,Yala NP,0.0,0.0,0.0,0.0,0.0,0.0,0.0,0.0,14.0,0.0,0.0,5.0,0.0,12.0,0.0,3.0,Illegal Entry,34.0,1,2023-07-01,-0.4999999999999997,-0.8660254037844388,SW_monsoon,42.0,1,Weapons/Traps,9.0,1,Meat/Egg Trade,0.0,0,None
Uwa|Yala NP,2023,8,Uwa,Yala NP,35.0,0.0,0.0,0.0,0.0,0.0,0.0,0.0,0.0,0.0,0.0,0.0,0.0,36.0,0.0,32.0,Animal Death/Injury,103.0,1,2023-08-01,-0.8660254037844384,-0.5000000000000004,SW_monsoon,34.0,1,Illegal Entry,42.0,1,Weapons/Traps,9.0,1,Meat/Egg Trade
Uwa|Yala NP,2023,9,Uwa,Yala NP,0.0,0.0,0.0,0.0,0.0,0.0,0.0,0.0,0.0,0.0,0.0,0.0,0.0,0.0,0.0,0.0,None,0.0,0,2023-09-01,-1.0,-1.8369701987210297e-16,SW_monsoon,103.0,1,Animal Death/Injury,34.0,1,Illegal Entry,42.0,1,Weapons/Traps
Uwa|Yala NP,2023,10,Uwa,Yala NP,0.0,0.0,0.0,0.0,0.0,0.0,0.0,0.0,0.0,0.0,0.0,0.0,0.0,0.0,0.0,0.0,None,0.0,0,2023-10-01,-0.8660254037844386,0.5000000000000001,Inter_OctNov,0.0,0,None,103.0,1,Animal Death/Injury,34.0,1,Illegal Entry
Uwa|Yala NP,2023,11,Uwa,Yala NP,0.0,0.0,0.0,0.0,0.0,0.0,0.0,0.0,0.0,0.0,0.0,0.0,0.0,0.0,0.0,0.0,None,0.0,0,2023-11-01,-0.5000000000000004,0.8660254037844384,Inter_OctNov,0.0,0,None,0.0,0,None,103.0,1,Animal Death/Injury
Uwa|Yala NP,2023,12,Uwa,Yala NP,0.0,0.0,0.0,0.0,0.0,0.0,0.0,0.0,0.0,0.0,0.0,0.0,0.0,0.0,0.0,0.0,None,0.0,0,2023-12-01,-2.4492935982947064e-16,1.0,NE_monsoon,0.0,0,None,0.0,0,None,0.0,0,None
Uwa|Yala NP,2024,1,Uwa,Yala NP,0.0,0.0,0.0,0.0,0.0,0.0,0.0,0.0,0.0,0.0,0.0,0.0,0.0,0.0,0.0,0.0,None,0.0,0,2024-01-01,0.49999999999999994,0.8660254037844387,NE_monsoon,0.0,0,None,0.0,0,None,0.0,0,None
Uwa|Yala NP,2024,2,Uwa,Yala NP,0.0,0.0,0.0,0.0,0.0,0.0,0.0,0.0,0.0,0.0,0.0,0.0,0.0,11.0,0.0,0.0,Other,11.0,1,2024-02-01,0.8660254037844386,0.5000000000000001,NE_monsoon,0.0,0,None,0.0,0,None,0.0,0,None
Uwa|Yala NP,2024,3,Uwa,Yala NP,0.0,0.0,0.0,0.0,0.0,0.0,0.0,0.0,0.0,0.0,0.0,0.0,0.0,2.0,0.0,0.0,Other,2.0,1,2024-03-01,1.0,6.123233995736766e-17,Inter_MarApr,11.0,1,Other,0.0,0,None,0.0,0,None
Uwa|Yala NP,2024,4,Uwa,Yala NP,0.0,0.0,0.0,0.0,0.0,0.0,0.0,0.0,0.0,0.0,0.0,13.0,0.0,1.0,0.0,0.0,Meat/Egg Trade,14.0,1,2024-04-01,0.8660254037844387,-0.4999999999999998,Inter_MarApr,2.0,1,Other,11.0,1,Other,0.0,0,None
Uwa|Yala NP,2024,5,Uwa,Yala NP,0.0,0.0,0.0,0.0,0.0,0.0,0.0,0.0,0.0,0.0,0.0,0.0,0.0,0.0,0.0,0.0,None,0.0,0,2024-05-01,0.49999999999999994,-0.8660254037844387,SW_monsoon,14.0,1,Meat/Egg Trade,2.0,1,Other,11.0,1,Other
Uwa|Yala NP,2024,6,Uwa,Yala NP,0.0,0.0,5.0,0.0,0.0,0.0,0.0,0.0,0.0,0.0,0.0,0.0,0.0,0.0,0.0,0.0,Animal Possession,5.0,1,2024-06-01,1.2246467991473532e-16,-1.0,SW_monsoon,0.0,0,None,14.0,1,Meat/Egg Trade,2.0,1,Other
Uwa|Yala NP,2024,7,Uwa,Yala NP,0.0,0.0,0.0,0.0,0.0,0.0,0.0,0.0,0.0,0.0,0.0,0.0,0.0,0.0,0.0,0.0,None,0.0,0,2024-07-01,-0.4999999999999997,-0.8660254037844388,SW_monsoon,5.0,1,Animal Possession,0.0,0,None,14.0,1,Meat/Egg Trade
Uwa|Yala NP,2024,8,Uwa,Yala NP,0.0,0.0,0.0,0.0,0.0,0.0,0.0,0.0,0.0,0.0,0.0,0.0,0.0,0.0,0.0,0.0,None,0.0,0,2024-08-01,-0.8660254037844384,-0.5000000000000004,SW_monsoon,0.0,0,None,5.0,1,Animal Possession,0.0,0,None
Uwa|Yala NP,2024,9,Uwa,Yala NP,0.0,0.0,0.0,0.0,0.0,0.0,0.0,0.0,0.0,0.0,0.0,0.0,0.0,0.0,0.0,0.0,None,0.0,0,2024-09-01,-1.0,-1.8369701987210297e-16,SW_monsoon,0.0,0,None,0.0,0,None,5.0,1,Animal Possession
Uwa|Yala NP,2024,10,Uwa,Yala NP,0.0,0.0,0.0,0.0,0.0,0.0,0.0,0.0,0.0,0.0,0.0,0.0,0.0,0.0,0.0,0.0,None,0.0,0,2024-10-01,-0.8660254037844386,0.5000000000000001,Inter_OctNov,0.0,0,None,0.0,0,None,0.0,0,None
Uwa|Yala NP,2024,11,Uwa,Yala NP,0.0,0.0,0.0,0.0,0.0,0.0,0.0,0.0,0.0,0.0,0.0,0.0,0.0,1.0,0.0,0.0,Other,1.0,1,2024-11-01,-0.5000000000000004,0.8660254037844384,Inter_OctNov,0.0,0,None,0.0,0,None,0.0,0,None
Uwa|Yala NP,2024,12,Uwa,Yala NP,0.0,0.0,0.0,0.0,0.0,0.0,0.0,0.0,0.0,0.0,0.0,0.0,0.0,0.0,0.0,0.0,None,0.0,0,2024-12-01,-2.4492935982947064e-16,1.0,NE_monsoon,1.0,1,Other,0.0,0,None,0.0,0,None
Vauniya|AD Office,2022,1,Vauniya,AD Office,0.0,0.0,0.0,0.0,0.0,0.0,0.0,0.0,0.0,0.0,0.0,0.0,0.0,0.0,0.0,0.0,None,0.0,0,2022-01-01,0.49999999999999994,0.8660254037844387,NE_monsoon,0.0,0,None,0.0,0,None,0.0,0,None
Vauniya|AD Office,2022,2,Vauniya,AD Office,0.0,0.0,0.0,0.0,0.0,0.0,0.0,0.0,0.0,0.0,0.0,0.0,0.0,0.0,0.0,0.0,None,0.0,0,2022-02-01,0.8660254037844386,0.5000000000000001,NE_monsoon,0.0,0,None,0.0,0,None,0.0,0,None
Vauniya|AD Office,2022,3,Vauniya,AD Office,0.0,0.0,0.0,0.0,0.0,0.0,0.0,0.0,0.0,0.0,0.0,0.0,0.0,0.0,0.0,0.0,None,0.0,0,2022-03-01,1.0,6.123233995736766e-17,Inter_MarApr,0.0,0,None,0.0,0,None,0.0,0,None
Vauniya|AD Office,2022,4,Vauniya,AD Office,0.0,0.0,0.0,0.0,0.0,0.0,0.0,0.0,0.0,0.0,0.0,0.0,0.0,0.0,0.0,0.0,None,0.0,0,2022-04-01,0.8660254037844387,-0.4999999999999998,Inter_MarApr,0.0,0,None,0.0,0,None,0.0,0,None
Vauniya|AD Office,2022,5,Vauniya,AD Office,0.0,0.0,0.0,0.0,0.0,0.0,0.0,0.0,0.0,0.0,0.0,0.0,0.0,0.0,0.0,0.0,None,0.0,0,2022-05-01,0.49999999999999994,-0.8660254037844387,SW_monsoon,0.0,0,None,0.0,0,None,0.0,0,None
Vauniya|AD Office,2022,6,Vauniya,AD Office,0.0,0.0,0.0,0.0,0.0,0.0,0.0,0.0,0.0,0.0,0.0,0.0,0.0,0.0,0.0,0.0,None,0.0,0,2022-06-01,1.2246467991473532e-16,-1.0,SW_monsoon,0.0,0,None,0.0,0,None,0.0,0,None
Vauniya|AD Office,2022,7,Vauniya,AD Office,0.0,0.0,0.0,0.0,0.0,0.0,0.0,0.0,0.0,0.0,0.0,0.0,0.0,0.0,0.0,0.0,None,0.0,0,2022-07-01,-0.4999999999999997,-0.8660254037844388,SW_monsoon,0.0,0,None,0.0,0,None,0.0,0,None
Vauniya|AD Office,2022,8,Vauniya,AD Office,0.0,0.0,0.0,0.0,0.0,0.0,0.0,0.0,0.0,0.0,0.0,0.0,0.0,0.0,0.0,0.0,None,0.0,0,2022-08-01,-0.8660254037844384,-0.5000000000000004,SW_monsoon,0.0,0,None,0.0,0,None,0.0,0,None
Vauniya|AD Office,2022,9,Vauniya,AD Office,0.0,0.0,0.0,0.0,0.0,0.0,0.0,0.0,0.0,0.0,0.0,0.0,0.0,0.0,0.0,0.0,None,0.0,0,2022-09-01,-1.0,-1.8369701987210297e-16,SW_monsoon,0.0,0,None,0.0,0,None,0.0,0,None
Vauniya|AD Office,2022,10,Vauniya,AD Office,0.0,0.0,0.0,0.0,0.0,0.0,0.0,0.0,0.0,0.0,0.0,0.0,0.0,0.0,0.0,0.0,None,0.0,0,2022-10-01,-0.8660254037844386,0.5000000000000001,Inter_OctNov,0.0,0,None,0.0,0,None,0.0,0,None
Vauniya|AD Office,2022,11,Vauniya,AD Office,0.0,0.0,0.0,0.0,0.0,0.0,0.0,0.0,0.0,0.0,0.0,0.0,0.0,0.0,0.0,0.0,None,0.0,0,2022-11-01,-0.5000000000000004,0.8660254037844384,Inter_OctNov,0.0,0,None,0.0,0,None,0.0,0,None
Vauniya|AD Office,2022,12,Vauniya,AD Office,0.0,0.0,0.0,0.0,0.0,0.0,0.0,0.0,0.0,0.0,0.0,0.0,0.0,0.0,0.0,0.0,None,0.0,0,2022-12-01,-2.4492935982947064e-16,1.0,NE_monsoon,0.0,0,None,0.0,0,None,0.0,0,None
Vauniya|AD Office,2023,1,Vauniya,AD Office,0.0,0.0,0.0,0.0,0.0,0.0,0.0,0.0,0.0,0.0,0.0,3.0,0.0,1.0,0.0,6.0,Weapons/Traps,10.0,1,2023-01-01,0.49999999999999994,0.8660254037844387,NE_monsoon,0.0,0,None,0.0,0,None,0.0,0,None
Vauniya|AD Office,2023,2,Vauniya,AD Office,0.0,0.0,0.0,0.0,0.0,0.0,0.0,0.0,0.0,0.0,0.0,0.0,0.0,0.0,0.0,0.0,None,0.0,0,2023-02-01,0.8660254037844386,0.5000000000000001,NE_monsoon,10.0,1,Weapons/Traps,0.0,0,None,0.0,0,None
Vauniya|AD Office,2023,3,Vauniya,AD Office,0.0,0.0,0.0,0.0,0.0,0.0,0.0,0.0,0.0,0.0,3.0,0.0,0.0,0.0,0.0,4.0,Weapons/Traps,7.0,1,2023-03-01,1.0,6.123233995736766e-17,Inter_MarApr,0.0,0,None,10.0,1,Weapons/Traps,0.0,0,None
Vauniya|AD Office,2023,4,Vauniya,AD Office,0.0,0.0,0.0,0.0,0.0,0.0,0.0,0.0,0.0,0.0,3.0,3.0,0.0,0.0,0.0,0.0,Illegal Logging,6.0,1,2023-04-01,0.8660254037844387,-0.4999999999999998,Inter_MarApr,7.0,1,Weapons/Traps,0.0,0,None,10.0,1,Weapons/Traps
Vauniya|AD Office,2023,5,Vauniya,AD Office,0.0,0.0,0.0,0.0,0.0,0.0,0.0,7.0,0.0,0.0,12.0,0.0,0.0,0.0,0.0,0.0,Illegal Logging,19.0,1,2023-05-01,0.49999999999999994,-0.8660254037844387,SW_monsoon,6.0,1,Illegal Logging,7.0,1,Weapons/Traps,0.0,0,None
Vauniya|AD Office,2023,6,Vauniya,AD Office,0.0,0.0,0.0,0.0,0.0,0.0,0.0,0.0,0.0,0.0,4.0,0.0,0.0,0.0,0.0,0.0,Illegal Logging,4.0,1,2023-06-01,1.2246467991473532e-16,-1.0,SW_monsoon,19.0,1,Illegal Logging,6.0,1,Illegal Logging,7.0,1,Weapons/Traps
Vauniya|AD Office,2023,7,Vauniya,AD Office,0.0,5.0,0.0,0.0,0.0,0.0,0.0,0.0,0.0,0.0,0.0,0.0,0.0,0.0,0.0,0.0,Animal Parts Trade,5.0,1,2023-07-01,-0.4999999999999997,-0.8660254037844388,SW_monsoon,4.0,1,Illegal Logging,19.0,1,Illegal Logging,6.0,1,Illegal Logging
Vauniya|AD Office,2023,8,Vauniya,AD Office,0.0,0.0,0.0,0.0,0.0,0.0,0.0,9.0,0.0,0.0,0.0,1.0,0.0,0.0,0.0,13.0,Weapons/Traps,23.0,1,2023-08-01,-0.8660254037844384,-0.5000000000000004,SW_monsoon,5.0,1,Animal Parts Trade,4.0,1,Illegal Logging,19.0,1,Illegal Logging
Vauniya|AD Office,2023,9,Vauniya,AD Office,0.0,0.0,0.0,0.0,0.0,0.0,0.0,7.0,0.0,0.0,0.0,0.0,0.0,20.0,0.0,22.0,Weapons/Traps,49.0,1,2023-09-01,-1.0,-1.8369701987210297e-16,SW_monsoon,23.0,1,Weapons/Traps,5.0,1,Animal Parts Trade,4.0,1,Illegal Logging
Vauniya|AD Office,2023,10,Vauniya,AD Office,0.0,0.0,0.0,0.0,0.0,0.0,0.0,0.0,0.0,0.0,0.0,0.0,0.0,0.0,0.0,0.0,None,0.0,0,2023-10-01,-0.8660254037844386,0.5000000000000001,Inter_OctNov,49.0,1,Weapons/Traps,23.0,1,Weapons/Traps,5.0,1,Animal Parts Trade
Vauniya|AD Office,2023,11,Vauniya,AD Office,0.0,0.0,0.0,0.0,0.0,0.0,0.0,0.0,0.0,0.0,0.0,4.0,0.0,0.0,0.0,0.0,Meat/Egg Trade,4.0,1,2023-11-01,-0.5000000000000004,0.8660254037844384,Inter_OctNov,0.0,0,None,49.0,1,Weapons/Traps,23.0,1,Weapons/Traps
Vauniya|AD Office,2023,12,Vauniya,AD Office,0.0,0.0,0.0,0.0,0.0,0.0,0.0,0.0,0.0,0.0,0.0,0.0,0.0,0.0,0.0,0.0,None,0.0,0,2023-12-01,-2.4492935982947064e-16,1.0,NE_monsoon,4.0,1,Meat/Egg Trade,0.0,0,None,49.0,1,Weapons/Traps
Vauniya|AD Office,2024,1,Vauniya,AD Office,0.0,0.0,0.0,0.0,0.0,0.0,0.0,0.0,3.0,0.0,0.0,0.0,0.0,0.0,0.0,0.0,Illegal Entry,3.0,1,2024-01-01,0.49999999999999994,0.8660254037844387,NE_monsoon,0.0,0,None,4.0,1,Meat/Egg Trade,0.0,0,None
Vauniya|AD Office,2024,2,Vauniya,AD Office,0.0,0.0,0.0,0.0,0.0,0.0,0.0,0.0,0.0,0.0,0.0,0.0,0.0,4.0,0.0,0.0,Other,4.0,1,2024-02-01,0.8660254037844386,0.5000000000000001,NE_monsoon,3.0,1,Illegal Entry,0.0,0,None,4.0,1,Meat/Egg Trade
Vauniya|AD Office,2024,3,Vauniya,AD Office,0.0,0.0,0.0,0.0,0.0,0.0,0.0,0.0,0.0,0.0,3.0,5.0,0.0,2.0,0.0,0.0,Meat/Egg Trade,10.0,1,2024-03-01,1.0,6.123233995736766e-17,Inter_MarApr,4.0,1,Other,3.0,1,Illegal Entry,0.0,0,None
Vauniya|AD Office,2024,4,Vauniya,AD Office,0.0,0.0,0.0,0.0,0.0,0.0,0.0,0.0,0.0,0.0,0.0,0.0,0.0,0.0,0.0,0.0,None,0.0,0,2024-04-01,0.8660254037844387,-0.4999999999999998,Inter_MarApr,10.0,1,Meat/Egg Trade,4.0,1,Other,3.0,1,Illegal Entry
Vauniya|AD Office,2024,5,Vauniya,AD Office,0.0,0.0,0.0,0.0,0.0,0.0,0.0,0.0,0.0,0.0,0.0,0.0,0.0,0.0,0.0,0.0,None,0.0,0,2024-05-01,0.49999999999999994,-0.8660254037844387,SW_monsoon,0.0,0,None,10.0,1,Meat/Egg Trade,4.0,1,Other
Vauniya|AD Office,2024,6,Vauniya,AD Office,0.0,0.0,0.0,0.0,0.0,0.0,0.0,0.0,0.0,0.0,0.0,0.0,0.0,0.0,0.0,0.0,None,0.0,0,2024-06-01,1.2246467991473532e-16,-1.0,SW_monsoon,0.0,0,None,0.0,0,None,10.0,1,Meat/Egg Trade
Vauniya|AD Office,2024,7,Vauniya,AD Office,0.0,0.0,0.0,0.0,0.0,0.0,0.0,0.0,0.0,0.0,0.0,0.0,0.0,0.0,0.0,0.0,None,0.0,0,2024-07-01,-0.4999999999999997,-0.8660254037844388,SW_monsoon,0.0,0,None,0.0,0,None,0.0,0,None
Vauniya|AD Office,2024,8,Vauniya,AD Office,0.0,0.0,0.0,0.0,0.0,0.0,0.0,0.0,0.0,0.0,0.0,0.0,0.0,0.0,0.0,0.0,None,0.0,0,2024-08-01,-0.8660254037844384,-0.5000000000000004,SW_monsoon,0.0,0,None,0.0,0,None,0.0,0,None
Vauniya|AD Office,2024,9,Vauniya,AD Office,0.0,0.0,0.0,0.0,0.0,0.0,0.0,0.0,0.0,0.0,0.0,0.0,0.0,0.0,0.0,0.0,None,0.0,0,2024-09-01,-1.0,-1.8369701987210297e-16,SW_monsoon,0.0,0,None,0.0,0,None,0.0,0,None
Vauniya|AD Office,2024,10,Vauniya,AD Office,0.0,0.0,0.0,0.0,0.0,0.0,0.0,0.0,0.0,0.0,0.0,0.0,0.0,0.0,0.0,0.0,None,0.0,0,2024-10-01,-0.8660254037844386,0.5000000000000001,Inter_OctNov,0.0,0,None,0.0,0,None,0.0,0,None
Vauniya|AD Office,2024,11,Vauniya,AD Office,0.0,0.0,0.0,0.0,0.0,0.0,0.0,0.0,0.0,0.0,0.0,0.0,0.0,0.0,0.0,0.0,None,0.0,0,2024-11-01,-0.5000000000000004,0.8660254037844384,Inter_OctNov,0.0,0,None,0.0,0,None,0.0,0,None
Vauniya|AD Office,2024,12,Vauniya,AD Office,0.0,0.0,0.0,0.0,0.0,0.0,0.0,0.0,0.0,0.0,0.0,0.0,0.0,0.0,0.0,0.0,None,0.0,0,2024-12-01,-2.4492935982947064e-16,1.0,NE_monsoon,0.0,0,None,0.0,0,None,0.0,0,None
Vauniya|Padaviya Beat,2022,1,Vauniya,Padaviya Beat,0.0,0.0,0.0,0.0,0.0,0.0,0.0,0.0,0.0,0.0,0.0,0.0,0.0,0.0,0.0,0.0,None,0.0,0,2022-01-01,0.49999999999999994,0.8660254037844387,NE_monsoon,0.0,0,None,0.0,0,None,0.0,0,None
Vauniya|Padaviya Beat,2022,2,Vauniya,Padaviya Beat,0.0,0.0,0.0,0.0,0.0,0.0,0.0,0.0,0.0,0.0,0.0,0.0,0.0,0.0,0.0,0.0,None,0.0,0,2022-02-01,0.8660254037844386,0.5000000000000001,NE_monsoon,0.0,0,None,0.0,0,None,0.0,0,None
Vauniya|Padaviya Beat,2022,3,Vauniya,Padaviya Beat,0.0,0.0,0.0,0.0,0.0,0.0,0.0,0.0,0.0,0.0,0.0,0.0,0.0,0.0,0.0,0.0,None,0.0,0,2022-03-01,1.0,6.123233995736766e-17,Inter_MarApr,0.0,0,None,0.0,0,None,0.0,0,None
Vauniya|Padaviya Beat,2022,4,Vauniya,Padaviya Beat,0.0,0.0,0.0,0.0,0.0,0.0,0.0,0.0,0.0,0.0,0.0,0.0,0.0,0.0,0.0,0.0,None,0.0,0,2022-04-01,0.8660254037844387,-0.4999999999999998,Inter_MarApr,0.0,0,None,0.0,0,None,0.0,0,None
Vauniya|Padaviya Beat,2022,5,Vauniya,Padaviya Beat,0.0,0.0,0.0,0.0,0.0,0.0,0.0,0.0,0.0,0.0,0.0,0.0,0.0,0.0,0.0,0.0,None,0.0,0,2022-05-01,0.49999999999999994,-0.8660254037844387,SW_monsoon,0.0,0,None,0.0,0,None,0.0,0,None
Vauniya|Padaviya Beat,2022,6,Vauniya,Padaviya Beat,0.0,0.0,0.0,0.0,0.0,0.0,0.0,0.0,0.0,0.0,0.0,0.0,0.0,0.0,0.0,0.0,None,0.0,0,2022-06-01,1.2246467991473532e-16,-1.0,SW_monsoon,0.0,0,None,0.0,0,None,0.0,0,None
Vauniya|Padaviya Beat,2022,7,Vauniya,Padaviya Beat,0.0,0.0,0.0,0.0,0.0,0.0,0.0,0.0,0.0,0.0,0.0,0.0,0.0,0.0,0.0,0.0,None,0.0,0,2022-07-01,-0.4999999999999997,-0.8660254037844388,SW_monsoon,0.0,0,None,0.0,0,None,0.0,0,None
Vauniya|Padaviya Beat,2022,8,Vauniya,Padaviya Beat,0.0,0.0,0.0,0.0,0.0,0.0,0.0,0.0,0.0,0.0,0.0,0.0,0.0,0.0,0.0,0.0,None,0.0,0,2022-08-01,-0.8660254037844384,-0.5000000000000004,SW_monsoon,0.0,0,None,0.0,0,None,0.0,0,None
Vauniya|Padaviya Beat,2022,9,Vauniya,Padaviya Beat,0.0,0.0,0.0,0.0,0.0,0.0,0.0,0.0,0.0,0.0,0.0,0.0,0.0,0.0,0.0,0.0,None,0.0,0,2022-09-01,-1.0,-1.8369701987210297e-16,SW_monsoon,0.0,0,None,0.0,0,None,0.0,0,None
Vauniya|Padaviya Beat,2022,10,Vauniya,Padaviya Beat,0.0,0.0,0.0,0.0,0.0,0.0,0.0,0.0,0.0,0.0,0.0,0.0,0.0,0.0,0.0,0.0,None,0.0,0,2022-10-01,-0.8660254037844386,0.5000000000000001,Inter_OctNov,0.0,0,None,0.0,0,None,0.0,0,None
Vauniya|Padaviya Beat,2022,11,Vauniya,Padaviya Beat,0.0,0.0,0.0,8.0,0.0,0.0,0.0,0.0,0.0,4.0,0.0,0.0,0.0,0.0,0.0,6.0,Domestic Animal Trespass,18.0,1,2022-11-01,-0.5000000000000004,0.8660254037844384,Inter_OctNov,0.0,0,None,0.0,0,None,0.0,0,None
Vauniya|Padaviya Beat,2022,12,Vauniya,Padaviya Beat,0.0,0.0,0.0,0.0,0.0,0.0,0.0,0.0,0.0,0.0,0.0,0.0,0.0,0.0,0.0,0.0,None,0.0,0,2022-12-01,-2.4492935982947064e-16,1.0,NE_monsoon,18.0,1,Domestic Animal Trespass,0.0,0,None,0.0,0,None
Vauniya|Padaviya Beat,2023,1,Vauniya,Padaviya Beat,0.0,0.0,0.0,0.0,0.0,0.0,0.0,0.0,0.0,0.0,0.0,0.0,0.0,5.0,0.0,0.0,Other,5.0,1,2023-01-01,0.49999999999999994,0.8660254037844387,NE_monsoon,0.0,0,None,18.0,1,Domestic Animal Trespass,0.0,0,None
Vauniya|Padaviya Beat,2023,2,Vauniya,Padaviya Beat,0.0,0.0,0.0,0.0,0.0,0.0,0.0,0.0,0.0,0.0,0.0,0.0,0.0,1.0,0.0,0.0,Other,1.0,1,2023-02-01,0.8660254037844386,0.5000000000000001,NE_monsoon,5.0,1,Other,0.0,0,None,18.0,1,Domestic Animal Trespass
Vauniya|Padaviya Beat,2023,3,Vauniya,Padaviya Beat,0.0,0.0,0.0,0.0,0.0,0.0,0.0,0.0,0.0,0.0,0.0,0.0,0.0,0.0,0.0,0.0,None,0.0,0,2023-03-01,1.0,6.123233995736766e-17,Inter_MarApr,1.0,1,Other,5.0,1,Other,0.0,0,None
Vauniya|Padaviya Beat,2023,4,Vauniya,Padaviya Beat,0.0,0.0,0.0,0.0,0.0,0.0,0.0,0.0,0.0,0.0,0.0,0.0,0.0,0.0,0.0,0.0,None,0.0,0,2023-04-01,0.8660254037844387,-0.4999999999999998,Inter_MarApr,0.0,0,None,1.0,1,Other,5.0,1,Other
Vauniya|Padaviya Beat,2023,5,Vauniya,Padaviya Beat,0.0,0.0,0.0,0.0,0.0,0.0,0.0,0.0,0.0,0.0,0.0,0.0,0.0,0.0,0.0,0.0,None,0.0,0,2023-05-01,0.49999999999999994,-0.8660254037844387,SW_monsoon,0.0,0,None,0.0,0,None,1.0,1,Other
Vauniya|Padaviya Beat,2023,6,Vauniya,Padaviya Beat,0.0,0.0,0.0,0.0,0.0,0.0,0.0,0.0,0.0,0.0,0.0,0.0,0.0,0.0,0.0,0.0,None,0.0,0,2023-06-01,1.2246467991473532e-16,-1.0,SW_monsoon,0.0,0,None,0.0,0,None,0.0,0,None
Vauniya|Padaviya Beat,2023,7,Vauniya,Padaviya Beat,0.0,2.0,0.0,0.0,0.0,0.0,0.0,0.0,0.0,0.0,6.0,4.0,0.0,4.0,0.0,0.0,Illegal Logging,16.0,1,2023-07-01,-0.4999999999999997,-0.8660254037844388,SW_monsoon,0.0,0,None,0.0,0,None,0.0,0,None
Vauniya|Padaviya Beat,2023,8,Vauniya,Padaviya Beat,0.0,0.0,0.0,0.0,0.0,0.0,0.0,0.0,0.0,0.0,0.0,0.0,0.0,0.0,0.0,0.0,None,0.0,0,2023-08-01,-0.8660254037844384,-0.5000000000000004,SW_monsoon,16.0,1,Illegal Logging,0.0,0,None,0.0,0,None
Vauniya|Padaviya Beat,2023,9,Vauniya,Padaviya Beat,0.0,0.0,0.0,0.0,0.0,0.0,0.0,0.0,0.0,0.0,0.0,13.0,0.0,3.0,0.0,12.0,Meat/Egg Trade,28.0,1,2023-09-01,-1.0,-1.8369701987210297e-16,SW_monsoon,0.0,0,None,16.0,1,Illegal Logging,0.0,0,None
Vauniya|Padaviya Beat,2023,10,Vauniya,Padaviya Beat,0.0,0.0,0.0,0.0,0.0,0.0,0.0,0.0,0.0,0.0,0.0,0.0,0.0,0.0,0.0,0.0,None,0.0,0,2023-10-01,-0.8660254037844386,0.5000000000000001,Inter_OctNov,28.0,1,Meat/Egg Trade,0.0,0,None,16.0,1,Illegal Logging
Vauniya|Padaviya Beat,2023,11,Vauniya,Padaviya Beat,0.0,0.0,0.0,0.0,0.0,0.0,0.0,0.0,0.0,0.0,0.0,5.0,0.0,0.0,0.0,0.0,Meat/Egg Trade,5.0,1,2023-11-01,-0.5000000000000004,0.8660254037844384,Inter_OctNov,0.0,0,None,28.0,1,Meat/Egg Trade,0.0,0,None
Vauniya|Padaviya Beat,2023,12,Vauniya,Padaviya Beat,0.0,0.0,0.0,0.0,0.0,0.0,0.0,0.0,0.0,0.0,0.0,0.0,0.0,0.0,0.0,0.0,None,0.0,0,2023-12-01,-2.4492935982947064e-16,1.0,NE_monsoon,5.0,1,Meat/Egg Trade,0.0,0,None,28.0,1,Meat/Egg Trade
Vauniya|Padaviya Beat,2024,1,Vauniya,Padaviya Beat,0.0,0.0,0.0,0.0,0.0,0.0,0.0,0.0,0.0,0.0,0.0,0.0,0.0,0.0,0.0,0.0,None,0.0,0,2024-01-01,0.49999999999999994,0.8660254037844387,NE_monsoon,0.0,0,None,5.0,1,Meat/Egg Trade,0.0,0,None
Vauniya|Padaviya Beat,2024,2,Vauniya,Padaviya Beat,0.0,0.0,0.0,0.0,0.0,0.0,0.0,0.0,0.0,0.0,0.0,5.0,0.0,0.0,0.0,0.0,Meat/Egg Trade,5.0,1,2024-02-01,0.8660254037844386,0.5000000000000001,NE_monsoon,0.0,0,None,0.0,0,None,5.0,1,Meat/Egg Trade
Vauniya|Padaviya Beat,2024,3,Vauniya,Padaviya Beat,0.0,0.0,0.0,0.0,0.0,0.0,0.0,0.0,0.0,0.0,0.0,0.0,0.0,0.0,0.0,0.0,None,0.0,0,2024-03-01,1.0,6.123233995736766e-17,Inter_MarApr,5.0,1,Meat/Egg Trade,0.0,0,None,0.0,0,None
Vauniya|Padaviya Beat,2024,4,Vauniya,Padaviya Beat,0.0,0.0,0.0,0.0,0.0,0.0,0.0,0.0,0.0,0.0,0.0,0.0,0.0,0.0,0.0,0.0,None,0.0,0,2024-04-01,0.8660254037844387,-0.4999999999999998,Inter_MarApr,0.0,0,None,5.0,1,Meat/Egg Trade,0.0,0,None
Vauniya|Padaviya Beat,2024,5,Vauniya,Padaviya Beat,0.0,0.0,0.0,0.0,0.0,0.0,0.0,0.0,0.0,0.0,0.0,0.0,0.0,0.0,0.0,0.0,None,0.0,0,2024-05-01,0.49999999999999994,-0.8660254037844387,SW_monsoon,0.0,0,None,0.0,0,None,5.0,1,Meat/Egg Trade
Vauniya|Padaviya Beat,2024,6,Vauniya,Padaviya Beat,0.0,0.0,0.0,0.0,0.0,0.0,0.0,0.0,0.0,0.0,0.0,0.0,0.0,0.0,0.0,0.0,None,0.0,0,2024-06-01,1.2246467991473532e-16,-1.0,SW_monsoon,0.0,0,None,0.0,0,None,0.0,0,None
Vauniya|Padaviya Beat,2024,7,Vauniya,Padaviya Beat,0.0,0.0,0.0,0.0,0.0,0.0,0.0,0.0,0.0,0.0,0.0,0.0,0.0,0.0,0.0,0.0,None,0.0,0,2024-07-01,-0.4999999999999997,-0.8660254037844388,SW_monsoon,0.0,0,None,0.0,0,None,0.0,0,None
Vauniya|Padaviya Beat,2024,8,Vauniya,Padaviya Beat,0.0,0.0,0.0,0.0,0.0,0.0,0.0,0.0,0.0,0.0,0.0,0.0,0.0,0.0,0.0,0.0,None,0.0,0,2024-08-01,-0.8660254037844384,-0.5000000000000004,SW_monsoon,0.0,0,None,0.0,0,None,0.0,0,None
Vauniya|Padaviya Beat,2024,9,Vauniya,Padaviya Beat,0.0,0.0,0.0,0.0,0.0,0.0,0.0,0.0,0.0,0.0,0.0,0.0,0.0,0.0,0.0,0.0,None,0.0,0,2024-09-01,-1.0,-1.8369701987210297e-16,SW_monsoon,0.0,0,None,0.0,0,None,0.0,0,None
Vauniya|Padaviya Beat,2024,10,Vauniya,Padaviya Beat,0.0,0.0,0.0,0.0,0.0,0.0,0.0,0.0,0.0,0.0,0.0,0.0,0.0,0.0,0.0,0.0,None,0.0,0,2024-10-01,-0.8660254037844386,0.5000000000000001,Inter_OctNov,0.0,0,None,0.0,0,None,0.0,0,None
Vauniya|Padaviya Beat,2024,11,Vauniya,Padaviya Beat,0.0,0.0,0.0,0.0,0.0,0.0,0.0,0.0,0.0,0.0,0.0,0.0,0.0,0.0,0.0,0.0,None,0.0,0,2024-11-01,-0.5000000000000004,0.8660254037844384,Inter_OctNov,0.0,0,None,0.0,0,None,0.0,0,None
Vauniya|Padaviya Beat,2024,12,Vauniya,Padaviya Beat,0.0,0.0,0.0,0.0,0.0,0.0,0.0,0.0,0.0,0.0,0.0,0.0,0.0,0.0,0.0,0.0,None,0.0,0,2024-12-01,-2.4492935982947064e-16,1.0,NE_monsoon,0.0,0,None,0.0,0,None,0.0,0,None
Vauniya|Unknown,2022,1,Vauniya,Unknown,0.0,0.0,0.0,0.0,0.0,0.0,0.0,0.0,0.0,0.0,0.0,0.0,0.0,0.0,0.0,0.0,None,0.0,0,2022-01-01,0.49999999999999994,0.8660254037844387,NE_monsoon,0.0,0,None,0.0,0,None,0.0,0,None
Vauniya|Unknown,2022,2,Vauniya,Unknown,0.0,0.0,0.0,0.0,0.0,0.0,0.0,0.0,0.0,0.0,0.0,0.0,0.0,0.0,0.0,0.0,None,0.0,0,2022-02-01,0.8660254037844386,0.5000000000000001,NE_monsoon,0.0,0,None,0.0,0,None,0.0,0,None
Vauniya|Unknown,2022,3,Vauniya,Unknown,0.0,0.0,0.0,0.0,0.0,0.0,0.0,0.0,0.0,0.0,0.0,0.0,0.0,0.0,0.0,0.0,None,0.0,0,2022-03-01,1.0,6.123233995736766e-17,Inter_MarApr,0.0,0,None,0.0,0,None,0.0,0,None
Vauniya|Unknown,2022,4,Vauniya,Unknown,0.0,0.0,0.0,0.0,0.0,0.0,0.0,0.0,0.0,0.0,0.0,0.0,0.0,0.0,0.0,0.0,None,0.0,0,2022-04-01,0.8660254037844387,-0.4999999999999998,Inter_MarApr,0.0,0,None,0.0,0,None,0.0,0,None
Vauniya|Unknown,2022,5,Vauniya,Unknown,0.0,0.0,0.0,0.0,0.0,0.0,0.0,0.0,0.0,0.0,0.0,0.0,0.0,0.0,0.0,0.0,None,0.0,0,2022-05-01,0.49999999999999994,-0.8660254037844387,SW_monsoon,0.0,0,None,0.0,0,None,0.0,0,None
Vauniya|Unknown,2022,6,Vauniya,Unknown,0.0,0.0,0.0,0.0,0.0,0.0,0.0,0.0,0.0,0.0,0.0,0.0,0.0,0.0,0.0,0.0,None,0.0,0,2022-06-01,1.2246467991473532e-16,-1.0,SW_monsoon,0.0,0,None,0.0,0,None,0.0,0,None
Vauniya|Unknown,2022,7,Vauniya,Unknown,0.0,0.0,0.0,0.0,0.0,0.0,0.0,0.0,0.0,0.0,0.0,0.0,0.0,0.0,0.0,0.0,None,0.0,0,2022-07-01,-0.4999999999999997,-0.8660254037844388,SW_monsoon,0.0,0,None,0.0,0,None,0.0,0,None
Vauniya|Unknown,2022,8,Vauniya,Unknown,0.0,0.0,0.0,0.0,0.0,0.0,0.0,0.0,0.0,0.0,0.0,0.0,0.0,0.0,0.0,0.0,None,0.0,0,2022-08-01,-0.8660254037844384,-0.5000000000000004,SW_monsoon,0.0,0,None,0.0,0,None,0.0,0,None
Vauniya|Unknown,2022,9,Vauniya,Unknown,0.0,0.0,0.0,0.0,0.0,0.0,0.0,0.0,0.0,0.0,0.0,0.0,0.0,0.0,0.0,0.0,None,0.0,0,2022-09-01,-1.0,-1.8369701987210297e-16,SW_monsoon,0.0,0,None,0.0,0,None,0.0,0,None
Vauniya|Unknown,2022,10,Vauniya,Unknown,0.0,0.0,0.0,0.0,0.0,0.0,0.0,0.0,0.0,0.0,0.0,0.0,0.0,0.0,0.0,0.0,None,0.0,0,2022-10-01,-0.8660254037844386,0.5000000000000001,Inter_OctNov,0.0,0,None,0.0,0,None,0.0,0,None
Vauniya|Unknown,2022,11,Vauniya,Unknown,0.0,0.0,0.0,0.0,0.0,0.0,0.0,0.0,0.0,0.0,0.0,0.0,0.0,0.0,0.0,0.0,None,0.0,0,2022-11-01,-0.5000000000000004,0.8660254037844384,Inter_OctNov,0.0,0,None,0.0,0,None,0.0,0,None
Vauniya|Unknown,2022,12,Vauniya,Unknown,0.0,0.0,0.0,0.0,0.0,0.0,0.0,0.0,0.0,0.0,0.0,0.0,0.0,0.0,0.0,0.0,None,0.0,0,2022-12-01,-2.4492935982947064e-16,1.0,NE_monsoon,0.0,0,None,0.0,0,None,0.0,0,None
Vauniya|Unknown,2023,1,Vauniya,Unknown,0.0,0.0,0.0,0.0,0.0,0.0,0.0,0.0,0.0,0.0,0.0,0.0,0.0,0.0,0.0,0.0,None,0.0,0,2023-01-01,0.49999999999999994,0.8660254037844387,NE_monsoon,0.0,0,None,0.0,0,None,0.0,0,None
Vauniya|Unknown,2023,2,Vauniya,Unknown,0.0,0.0,0.0,0.0,0.0,0.0,0.0,0.0,0.0,0.0,0.0,0.0,0.0,0.0,0.0,0.0,None,0.0,0,2023-02-01,0.8660254037844386,0.5000000000000001,NE_monsoon,0.0,0,None,0.0,0,None,0.0,0,None
Vauniya|Unknown,2023,3,Vauniya,Unknown,0.0,0.0,0.0,0.0,0.0,0.0,0.0,0.0,0.0,0.0,0.0,0.0,0.0,0.0,0.0,0.0,None,0.0,0,2023-03-01,1.0,6.123233995736766e-17,Inter_MarApr,0.0,0,None,0.0,0,None,0.0,0,None
Vauniya|Unknown,2023,4,Vauniya,Unknown,0.0,0.0,0.0,0.0,0.0,0.0,0.0,0.0,0.0,0.0,0.0,0.0,0.0,0.0,0.0,0.0,None,0.0,0,2023-04-01,0.8660254037844387,-0.4999999999999998,Inter_MarApr,0.0,0,None,0.0,0,None,0.0,0,None
Vauniya|Unknown,2023,5,Vauniya,Unknown,0.0,0.0,0.0,0.0,0.0,0.0,0.0,0.0,0.0,0.0,0.0,0.0,0.0,0.0,0.0,0.0,None,0.0,0,2023-05-01,0.49999999999999994,-0.8660254037844387,SW_monsoon,0.0,0,None,0.0,0,None,0.0,0,None
Vauniya|Unknown,2023,6,Vauniya,Unknown,0.0,0.0,0.0,0.0,0.0,0.0,0.0,0.0,0.0,0.0,0.0,0.0,0.0,0.0,0.0,0.0,None,0.0,0,2023-06-01,1.2246467991473532e-16,-1.0,SW_monsoon,0.0,0,None,0.0,0,None,0.0,0,None
Vauniya|Unknown,2023,7,Vauniya,Unknown,0.0,0.0,0.0,0.0,0.0,0.0,0.0,0.0,0.0,0.0,0.0,0.0,0.0,0.0,0.0,0.0,None,0.0,0,2023-07-01,-0.4999999999999997,-0.8660254037844388,SW_monsoon,0.0,0,None,0.0,0,None,0.0,0,None
Vauniya|Unknown,2023,8,Vauniya,Unknown,0.0,0.0,0.0,0.0,0.0,0.0,0.0,0.0,0.0,0.0,0.0,0.0,0.0,0.0,0.0,0.0,None,0.0,0,2023-08-01,-0.8660254037844384,-0.5000000000000004,SW_monsoon,0.0,0,None,0.0,0,None,0.0,0,None
Vauniya|Unknown,2023,9,Vauniya,Unknown,0.0,0.0,0.0,0.0,0.0,0.0,0.0,0.0,0.0,0.0,0.0,0.0,0.0,0.0,0.0,0.0,None,0.0,0,2023-09-01,-1.0,-1.8369701987210297e-16,SW_monsoon,0.0,0,None,0.0,0,None,0.0,0,None
Vauniya|Unknown,2023,10,Vauniya,Unknown,0.0,0.0,0.0,0.0,0.0,0.0,0.0,0.0,0.0,0.0,0.0,0.0,0.0,0.0,0.0,0.0,None,0.0,0,2023-10-01,-0.8660254037844386,0.5000000000000001,Inter_OctNov,0.0,0,None,0.0,0,None,0.0,0,None
Vauniya|Unknown,2023,11,Vauniya,Unknown,0.0,0.0,0.0,0.0,0.0,0.0,0.0,0.0,0.0,0.0,0.0,0.0,0.0,0.0,0.0,0.0,None,0.0,0,2023-11-01,-0.5000000000000004,0.8660254037844384,Inter_OctNov,0.0,0,None,0.0,0,None,0.0,0,None
Vauniya|Unknown,2023,12,Vauniya,Unknown,0.0,0.0,0.0,0.0,0.0,0.0,0.0,0.0,0.0,0.0,0.0,0.0,0.0,0.0,0.0,0.0,None,0.0,0,2023-12-01,-2.4492935982947064e-16,1.0,NE_monsoon,0.0,0,None,0.0,0,None,0.0,0,None
Vauniya|Unknown,2024,1,Vauniya,Unknown,0.0,0.0,0.0,0.0,0.0,0.0,0.0,0.0,1.0,0.0,0.0,0.0,0.0,0.0,0.0,0.0,Illegal Entry,1.0,1,2024-01-01,0.49999999999999994,0.8660254037844387,NE_monsoon,0.0,0,None,0.0,0,None,0.0,0,None
Vauniya|Unknown,2024,2,Vauniya,Unknown,0.0,0.0,0.0,0.0,0.0,0.0,0.0,0.0,0.0,0.0,0.0,0.0,0.0,0.0,0.0,0.0,None,0.0,0,2024-02-01,0.8660254037844386,0.5000000000000001,NE_monsoon,1.0,1,Illegal Entry,0.0,0,None,0.0,0,None
Vauniya|Unknown,2024,3,Vauniya,Unknown,0.0,0.0,0.0,0.0,0.0,0.0,0.0,0.0,0.0,0.0,0.0,0.0,0.0,0.0,0.0,0.0,None,0.0,0,2024-03-01,1.0,6.123233995736766e-17,Inter_MarApr,0.0,0,None,1.0,1,Illegal Entry,0.0,0,None
Vauniya|Unknown,2024,4,Vauniya,Unknown,0.0,0.0,0.0,0.0,0.0,0.0,0.0,0.0,0.0,0.0,0.0,0.0,0.0,0.0,0.0,0.0,None,0.0,0,2024-04-01,0.8660254037844387,-0.4999999999999998,Inter_MarApr,0.0,0,None,0.0,0,None,1.0,1,Illegal Entry
Vauniya|Unknown,2024,5,Vauniya,Unknown,0.0,0.0,0.0,0.0,0.0,0.0,0.0,0.0,0.0,0.0,0.0,0.0,0.0,0.0,0.0,0.0,None,0.0,0,2024-05-01,0.49999999999999994,-0.8660254037844387,SW_monsoon,0.0,0,None,0.0,0,None,0.0,0,None
Vauniya|Unknown,2024,6,Vauniya,Unknown,0.0,0.0,0.0,0.0,0.0,0.0,0.0,0.0,0.0,0.0,0.0,0.0,0.0,0.0,0.0,0.0,None,0.0,0,2024-06-01,1.2246467991473532e-16,-1.0,SW_monsoon,0.0,0,None,0.0,0,None,0.0,0,None
Vauniya|Unknown,2024,7,Vauniya,Unknown,0.0,0.0,0.0,0.0,0.0,0.0,0.0,0.0,0.0,0.0,0.0,0.0,0.0,0.0,0.0,0.0,None,0.0,0,2024-07-01,-0.4999999999999997,-0.8660254037844388,SW_monsoon,0.0,0,None,0.0,0,None,0.0,0,None
Vauniya|Unknown,2024,8,Vauniya,Unknown,0.0,0.0,0.0,0.0,0.0,0.0,0.0,0.0,0.0,0.0,0.0,0.0,0.0,0.0,0.0,0.0,None,0.0,0,2024-08-01,-0.8660254037844384,-0.5000000000000004,SW_monsoon,0.0,0,None,0.0,0,None,0.0,0,None
Vauniya|Unknown,2024,9,Vauniya,Unknown,0.0,0.0,0.0,0.0,0.0,0.0,0.0,0.0,0.0,0.0,0.0,0.0,0.0,0.0,0.0,0.0,None,0.0,0,2024-09-01,-1.0,-1.8369701987210297e-16,SW_monsoon,0.0,0,None,0.0,0,None,0.0,0,None
Vauniya|Unknown,2024,10,Vauniya,Unknown,0.0,0.0,0.0,0.0,0.0,0.0,0.0,0.0,0.0,0.0,0.0,0.0,0.0,0.0,0.0,0.0,None,0.0,0,2024-10-01,-0.8660254037844386,0.5000000000000001,Inter_OctNov,0.0,0,None,0.0,0,None,0.0,0,None
Vauniya|Unknown,2024,11,Vauniya,Unknown,0.0,0.0,0.0,0.0,0.0,0.0,0.0,0.0,0.0,0.0,0.0,0.0,0.0,0.0,0.0,0.0,None,0.0,0,2024-11-01,-0.5000000000000004,0.8660254037844384,Inter_OctNov,0.0,0,None,0.0,0,None,0.0,0,None
Vauniya|Unknown,2024,12,Vauniya,Unknown,0.0,0.0,0.0,0.0,0.0,0.0,0.0,0.0,0.0,0.0,0.0,0.0,0.0,0.0,0.0,0.0,None,0.0,0,2024-12-01,-2.4492935982947064e-16,1.0,NE_monsoon,0.0,0,None,0.0,0,None,0.0,0,None
Vauniya|Vauniyawa Range,2022,1,Vauniya,Vauniyawa Range,0.0,0.0,0.0,0.0,0.0,0.0,0.0,0.0,0.0,0.0,0.0,0.0,0.0,0.0,0.0,0.0,None,0.0,0,2022-01-01,0.49999999999999994,0.8660254037844387,NE_monsoon,0.0,0,None,0.0,0,None,0.0,0,None
Vauniya|Vauniyawa Range,2022,2,Vauniya,Vauniyawa Range,0.0,0.0,0.0,0.0,0.0,0.0,0.0,0.0,0.0,0.0,0.0,0.0,0.0,0.0,0.0,0.0,None,0.0,0,2022-02-01,0.8660254037844386,0.5000000000000001,NE_monsoon,0.0,0,None,0.0,0,None,0.0,0,None
Vauniya|Vauniyawa Range,2022,3,Vauniya,Vauniyawa Range,0.0,0.0,0.0,0.0,0.0,0.0,0.0,0.0,0.0,0.0,0.0,0.0,0.0,0.0,0.0,0.0,None,0.0,0,2022-03-01,1.0,6.123233995736766e-17,Inter_MarApr,0.0,0,None,0.0,0,None,0.0,0,None
Vauniya|Vauniyawa Range,2022,4,Vauniya,Vauniyawa Range,0.0,0.0,0.0,0.0,0.0,0.0,0.0,0.0,0.0,0.0,0.0,0.0,0.0,0.0,0.0,0.0,None,0.0,0,2022-04-01,0.8660254037844387,-0.4999999999999998,Inter_MarApr,0.0,0,None,0.0,0,None,0.0,0,None
Vauniya|Vauniyawa Range,2022,5,Vauniya,Vauniyawa Range,0.0,0.0,0.0,0.0,0.0,0.0,0.0,0.0,0.0,0.0,0.0,0.0,0.0,0.0,0.0,0.0,None,0.0,0,2022-05-01,0.49999999999999994,-0.8660254037844387,SW_monsoon,0.0,0,None,0.0,0,None,0.0,0,None
Vauniya|Vauniyawa Range,2022,6,Vauniya,Vauniyawa Range,0.0,0.0,0.0,0.0,0.0,0.0,0.0,0.0,0.0,0.0,0.0,0.0,0.0,0.0,0.0,0.0,None,0.0,0,2022-06-01,1.2246467991473532e-16,-1.0,SW_monsoon,0.0,0,None,0.0,0,None,0.0,0,None
Vauniya|Vauniyawa Range,2022,7,Vauniya,Vauniyawa Range,0.0,0.0,0.0,0.0,0.0,0.0,0.0,0.0,0.0,0.0,0.0,0.0,0.0,0.0,0.0,0.0,None,0.0,0,2022-07-01,-0.4999999999999997,-0.8660254037844388,SW_monsoon,0.0,0,None,0.0,0,None,0.0,0,None
Vauniya|Vauniyawa Range,2022,8,Vauniya,Vauniyawa Range,0.0,0.0,0.0,0.0,0.0,0.0,0.0,0.0,0.0,0.0,0.0,0.0,0.0,0.0,0.0,0.0,None,0.0,0,2022-08-01,-0.8660254037844384,-0.5000000000000004,SW_monsoon,0.0,0,None,0.0,0,None,0.0,0,None
Vauniya|Vauniyawa Range,2022,9,Vauniya,Vauniyawa Range,0.0,0.0,0.0,0.0,0.0,0.0,0.0,0.0,0.0,0.0,0.0,0.0,0.0,0.0,0.0,0.0,None,0.0,0,2022-09-01,-1.0,-1.8369701987210297e-16,SW_monsoon,0.0,0,None,0.0,0,None,0.0,0,None
Vauniya|Vauniyawa Range,2022,10,Vauniya,Vauniyawa Range,0.0,0.0,0.0,0.0,0.0,0.0,0.0,0.0,0.0,0.0,0.0,0.0,0.0,0.0,0.0,0.0,None,0.0,0,2022-10-01,-0.8660254037844386,0.5000000000000001,Inter_OctNov,0.0,0,None,0.0,0,None,0.0,0,None
Vauniya|Vauniyawa Range,2022,11,Vauniya,Vauniyawa Range,0.0,0.0,0.0,0.0,0.0,0.0,0.0,11.0,1.0,0.0,14.0,5.0,0.0,0.0,0.0,0.0,Illegal Logging,31.0,1,2022-11-01,-0.5000000000000004,0.8660254037844384,Inter_OctNov,0.0,0,None,0.0,0,None,0.0,0,None
Vauniya|Vauniyawa Range,2022,12,Vauniya,Vauniyawa Range,0.0,0.0,0.0,0.0,0.0,0.0,0.0,0.0,0.0,0.0,0.0,0.0,0.0,0.0,0.0,0.0,None,0.0,0,2022-12-01,-2.4492935982947064e-16,1.0,NE_monsoon,31.0,1,Illegal Logging,0.0,0,None,0.0,0,None
Vauniya|Vauniyawa Range,2023,1,Vauniya,Vauniyawa Range,0.0,0.0,0.0,0.0,0.0,0.0,0.0,0.0,0.0,0.0,0.0,0.0,0.0,0.0,0.0,0.0,None,0.0,0,2023-01-01,0.49999999999999994,0.8660254037844387,NE_monsoon,0.0,0,None,31.0,1,Illegal Logging,0.0,0,None
Vauniya|Vauniyawa Range,2023,2,Vauniya,Vauniyawa Range,0.0,0.0,0.0,0.0,0.0,0.0,0.0,5.0,0.0,0.0,0.0,0.0,0.0,0.0,0.0,4.0,Hunting/Killing,9.0,1,2023-02-01,0.8660254037844386,0.5000000000000001,NE_monsoon,0.0,0,None,0.0,0,None,31.0,1,Illegal Logging
Vauniya|Vauniyawa Range,2023,3,Vauniya,Vauniyawa Range,0.0,0.0,0.0,0.0,0.0,0.0,0.0,0.0,0.0,0.0,0.0,0.0,0.0,0.0,0.0,0.0,None,0.0,0,2023-03-01,1.0,6.123233995736766e-17,Inter_MarApr,9.0,1,Hunting/Killing,0.0,0,None,0.0,0,None
Vauniya|Vauniyawa Range,2023,4,Vauniya,Vauniyawa Range,0.0,0.0,0.0,0.0,0.0,0.0,0.0,0.0,0.0,0.0,0.0,15.0,0.0,0.0,0.0,0.0,Meat/Egg Trade,15.0,1,2023-04-01,0.8660254037844387,-0.4999999999999998,Inter_MarApr,0.0,0,None,9.0,1,Hunting/Killing,0.0,0,None
Vauniya|Vauniyawa Range,2023,5,Vauniya,Vauniyawa Range,0.0,0.0,0.0,0.0,0.0,0.0,0.0,0.0,0.0,0.0,0.0,2.0,0.0,25.0,0.0,9.0,Weapons/Traps,36.0,1,2023-05-01,0.49999999999999994,-0.8660254037844387,SW_monsoon,15.0,1,Meat/Egg Trade,0.0,0,None,9.0,1,Hunting/Killing
Vauniya|Vauniyawa Range,2023,6,Vauniya,Vauniyawa Range,0.0,0.0,0.0,6.0,0.0,0.0,0.0,0.0,0.0,0.0,0.0,0.0,0.0,5.0,0.0,0.0,Domestic Animal Trespass,11.0,1,2023-06-01,1.2246467991473532e-16,-1.0,SW_monsoon,36.0,1,Weapons/Traps,15.0,1,Meat/Egg Trade,0.0,0,None
Vauniya|Vauniyawa Range,2023,7,Vauniya,Vauniyawa Range,0.0,0.0,0.0,0.0,0.0,0.0,0.0,0.0,0.0,0.0,0.0,0.0,0.0,0.0,0.0,0.0,None,0.0,0,2023-07-01,-0.4999999999999997,-0.8660254037844388,SW_monsoon,11.0,1,Domestic Animal Trespass,36.0,1,Weapons/Traps,15.0,1,Meat/Egg Trade
Vauniya|Vauniyawa Range,2023,8,Vauniya,Vauniyawa Range,0.0,0.0,0.0,0.0,0.0,0.0,0.0,0.0,0.0,0.0,0.0,0.0,0.0,13.0,0.0,0.0,Other,13.0,1,2023-08-01,-0.8660254037844384,-0.5000000000000004,SW_monsoon,0.0,0,None,11.0,1,Domestic Animal Trespass,36.0,1,Weapons/Traps
Vauniya|Vauniyawa Range,2023,9,Vauniya,Vauniyawa Range,0.0,0.0,0.0,0.0,0.0,0.0,0.0,0.0,0.0,0.0,0.0,0.0,0.0,13.0,0.0,15.0,Weapons/Traps,28.0,1,2023-09-01,-1.0,-1.8369701987210297e-16,SW_monsoon,13.0,1,Other,0.0,0,None,11.0,1,Domestic Animal Trespass
Vauniya|Vauniyawa Range,2023,10,Vauniya,Vauniyawa Range,0.0,0.0,0.0,0.0,0.0,0.0,0.0,0.0,0.0,0.0,0.0,0.0,0.0,0.0,0.0,0.0,None,0.0,0,2023-10-01,-0.8660254037844386,0.5000000000000001,Inter_OctNov,28.0,1,Weapons/Traps,13.0,1,Other,0.0,0,None
Vauniya|Vauniyawa Range,2023,11,Vauniya,Vauniyawa Range,0.0,0.0,0.0,0.0,0.0,0.0,0.0,5.0,0.0,0.0,0.0,1.0,0.0,0.0,0.0,0.0,Hunting/Killing,6.0,1,2023-11-01,-0.5000000000000004,0.8660254037844384,Inter_OctNov,0.0,0,None,28.0,1,Weapons/Traps,13.0,1,Other
Vauniya|Vauniyawa Range,2023,12,Vauniya,Vauniyawa Range,0.0,0.0,0.0,0.0,0.0,0.0,0.0,0.0,0.0,0.0,0.0,0.0,0.0,0.0,0.0,0.0,None,0.0,0,2023-12-01,-2.4492935982947064e-16,1.0,NE_monsoon,6.0,1,Hunting/Killing,0.0,0,None,28.0,1,Weapons/Traps
Vauniya|Vauniyawa Range,2024,1,Vauniya,Vauniyawa Range,0.0,0.0,0.0,0.0,0.0,0.0,0.0,5.0,0.0,0.0,0.0,36.0,0.0,0.0,0.0,0.0,Meat/Egg Trade,41.0,1,2024-01-01,0.49999999999999994,0.8660254037844387,NE_monsoon,0.0,0,None,6.0,1,Hunting/Killing,0.0,0,None
Vauniya|Vauniyawa Range,2024,2,Vauniya,Vauniyawa Range,0.0,0.0,0.0,0.0,0.0,0.0,0.0,0.0,0.0,0.0,0.0,0.0,0.0,6.0,0.0,0.0,Other,6.0,1,2024-02-01,0.8660254037844386,0.5000000000000001,NE_monsoon,41.0,1,Meat/Egg Trade,0.0,0,None,6.0,1,Hunting/Killing
Vauniya|Vauniyawa Range,2024,3,Vauniya,Vauniyawa Range,0.0,0.0,0.0,0.0,0.0,0.0,0.0,0.0,0.0,0.0,0.0,4.0,0.0,1.0,0.0,0.0,Meat/Egg Trade,5.0,1,2024-03-01,1.0,6.123233995736766e-17,Inter_MarApr,6.0,1,Other,41.0,1,Meat/Egg Trade,0.0,0,None
Vauniya|Vauniyawa Range,2024,4,Vauniya,Vauniyawa Range,0.0,0.0,0.0,0.0,0.0,0.0,0.0,0.0,0.0,0.0,0.0,0.0,0.0,0.0,0.0,0.0,None,0.0,0,2024-04-01,0.8660254037844387,-0.4999999999999998,Inter_MarApr,5.0,1,Meat/Egg Trade,6.0,1,Other,41.0,1,Meat/Egg Trade
Vauniya|Vauniyawa Range,2024,5,Vauniya,Vauniyawa Range,0.0,0.0,0.0,0.0,0.0,0.0,0.0,0.0,0.0,0.0,0.0,0.0,0.0,0.0,0.0,0.0,None,0.0,0,2024-05-01,0.49999999999999994,-0.8660254037844387,SW_monsoon,0.0,0,None,5.0,1,Meat/Egg Trade,6.0,1,Other
Vauniya|Vauniyawa Range,2024,6,Vauniya,Vauniyawa Range,0.0,0.0,0.0,0.0,0.0,0.0,0.0,0.0,0.0,0.0,0.0,0.0,0.0,0.0,0.0,0.0,None,0.0,0,2024-06-01,1.2246467991473532e-16,-1.0,SW_monsoon,0.0,0,None,0.0,0,None,5.0,1,Meat/Egg Trade
Vauniya|Vauniyawa Range,2024,7,Vauniya,Vauniyawa Range,0.0,0.0,0.0,0.0,0.0,0.0,0.0,0.0,0.0,0.0,0.0,0.0,0.0,0.0,0.0,0.0,None,0.0,0,2024-07-01,-0.4999999999999997,-0.8660254037844388,SW_monsoon,0.0,0,None,0.0,0,None,0.0,0,None
Vauniya|Vauniyawa Range,2024,8,Vauniya,Vauniyawa Range,0.0,0.0,0.0,0.0,0.0,0.0,0.0,0.0,0.0,0.0,0.0,0.0,0.0,0.0,0.0,0.0,None,0.0,0,2024-08-01,-0.8660254037844384,-0.5000000000000004,SW_monsoon,0.0,0,None,0.0,0,None,0.0,0,None
Vauniya|Vauniyawa Range,2024,9,Vauniya,Vauniyawa Range,0.0,0.0,0.0,0.0,0.0,0.0,0.0,0.0,0.0,0.0,0.0,0.0,0.0,0.0,0.0,0.0,None,0.0,0,2024-09-01,-1.0,-1.8369701987210297e-16,SW_monsoon,0.0,0,None,0.0,0,None,0.0,0,None
Vauniya|Vauniyawa Range,2024,10,Vauniya,Vauniyawa Range,0.0,0.0,0.0,0.0,0.0,0.0,0.0,0.0,0.0,0.0,0.0,0.0,0.0,0.0,0.0,0.0,None,0.0,0,2024-10-01,-0.8660254037844386,0.5000000000000001,Inter_OctNov,0.0,0,None,0.0,0,None,0.0,0,None
Vauniya|Vauniyawa Range,2024,11,Vauniya,Vauniyawa Range,0.0,0.0,0.0,0.0,0.0,0.0,0.0,0.0,0.0,0.0,0.0,0.0,0.0,0.0,0.0,0.0,None,0.0,0,2024-11-01,-0.5000000000000004,0.8660254037844384,Inter_OctNov,0.0,0,None,0.0,0,None,0.0,0,None
Vauniya|Vauniyawa Range,2024,12,Vauniya,Vauniyawa Range,0.0,0.0,0.0,0.0,0.0,0.0,0.0,0.0,0.0,0.0,0.0,0.0,0.0,0.0,0.0,0.0,None,0.0,0,2024-12-01,-2.4492935982947064e-16,1.0,NE_monsoon,0.0,0,None,0.0,0,None,0.0,0,None
Vauniya|Vedithalathivu Range,2022,1,Vauniya,Vedithalathivu Range,0.0,0.0,0.0,0.0,0.0,0.0,0.0,0.0,0.0,0.0,0.0,0.0,0.0,0.0,0.0,0.0,None,0.0,0,2022-01-01,0.49999999999999994,0.8660254037844387,NE_monsoon,0.0,0,None,0.0,0,None,0.0,0,None
Vauniya|Vedithalathivu Range,2022,2,Vauniya,Vedithalathivu Range,0.0,0.0,0.0,0.0,0.0,0.0,0.0,0.0,0.0,0.0,0.0,0.0,0.0,0.0,0.0,0.0,None,0.0,0,2022-02-01,0.8660254037844386,0.5000000000000001,NE_monsoon,0.0,0,None,0.0,0,None,0.0,0,None
Vauniya|Vedithalathivu Range,2022,3,Vauniya,Vedithalathivu Range,0.0,0.0,0.0,0.0,0.0,0.0,0.0,0.0,0.0,0.0,0.0,0.0,0.0,0.0,0.0,0.0,None,0.0,0,2022-03-01,1.0,6.123233995736766e-17,Inter_MarApr,0.0,0,None,0.0,0,None,0.0,0,None
Vauniya|Vedithalathivu Range,2022,4,Vauniya,Vedithalathivu Range,0.0,0.0,0.0,0.0,0.0,0.0,0.0,0.0,0.0,0.0,0.0,0.0,0.0,0.0,0.0,0.0,None,0.0,0,2022-04-01,0.8660254037844387,-0.4999999999999998,Inter_MarApr,0.0,0,None,0.0,0,None,0.0,0,None
Vauniya|Vedithalathivu Range,2022,5,Vauniya,Vedithalathivu Range,0.0,0.0,0.0,0.0,0.0,0.0,0.0,0.0,0.0,0.0,0.0,0.0,0.0,0.0,0.0,0.0,None,0.0,0,2022-05-01,0.49999999999999994,-0.8660254037844387,SW_monsoon,0.0,0,None,0.0,0,None,0.0,0,None
Vauniya|Vedithalathivu Range,2022,6,Vauniya,Vedithalathivu Range,0.0,0.0,0.0,0.0,0.0,0.0,0.0,0.0,0.0,0.0,0.0,0.0,0.0,0.0,0.0,0.0,None,0.0,0,2022-06-01,1.2246467991473532e-16,-1.0,SW_monsoon,0.0,0,None,0.0,0,None,0.0,0,None
Vauniya|Vedithalathivu Range,2022,7,Vauniya,Vedithalathivu Range,0.0,0.0,0.0,0.0,0.0,0.0,0.0,0.0,0.0,0.0,0.0,0.0,0.0,0.0,0.0,0.0,None,0.0,0,2022-07-01,-0.4999999999999997,-0.8660254037844388,SW_monsoon,0.0,0,None,0.0,0,None,0.0,0,None
Vauniya|Vedithalathivu Range,2022,8,Vauniya,Vedithalathivu Range,0.0,0.0,0.0,0.0,0.0,0.0,0.0,0.0,0.0,0.0,0.0,0.0,0.0,0.0,0.0,0.0,None,0.0,0,2022-08-01,-0.8660254037844384,-0.5000000000000004,SW_monsoon,0.0,0,None,0.0,0,None,0.0,0,None
Vauniya|Vedithalathivu Range,2022,9,Vauniya,Vedithalathivu Range,0.0,0.0,0.0,0.0,0.0,0.0,0.0,0.0,0.0,0.0,0.0,0.0,0.0,0.0,0.0,0.0,None,0.0,0,2022-09-01,-1.0,-1.8369701987210297e-16,SW_monsoon,0.0,0,None,0.0,0,None,0.0,0,None
Vauniya|Vedithalathivu Range,2022,10,Vauniya,Vedithalathivu Range,0.0,0.0,0.0,0.0,0.0,0.0,0.0,0.0,0.0,0.0,0.0,0.0,0.0,0.0,0.0,0.0,None,0.0,0,2022-10-01,-0.8660254037844386,0.5000000000000001,Inter_OctNov,0.0,0,None,0.0,0,None,0.0,0,None
Vauniya|Vedithalathivu Range,2022,11,Vauniya,Vedithalathivu Range,0.0,0.0,0.0,0.0,0.0,0.0,0.0,0.0,0.0,0.0,0.0,0.0,0.0,0.0,0.0,0.0,None,0.0,0,2022-11-01,-0.5000000000000004,0.8660254037844384,Inter_OctNov,0.0,0,None,0.0,0,None,0.0,0,None
Vauniya|Vedithalathivu Range,2022,12,Vauniya,Vedithalathivu Range,0.0,0.0,0.0,0.0,0.0,0.0,0.0,0.0,0.0,0.0,0.0,0.0,0.0,0.0,0.0,0.0,None,0.0,0,2022-12-01,-2.4492935982947064e-16,1.0,NE_monsoon,0.0,0,None,0.0,0,None,0.0,0,None
Vauniya|Vedithalathivu Range,2023,1,Vauniya,Vedithalathivu Range,0.0,0.0,0.0,0.0,0.0,0.0,0.0,0.0,0.0,0.0,0.0,0.0,0.0,0.0,0.0,0.0,None,0.0,0,2023-01-01,0.49999999999999994,0.8660254037844387,NE_monsoon,0.0,0,None,0.0,0,None,0.0,0,None
Vauniya|Vedithalathivu Range,2023,2,Vauniya,Vedithalathivu Range,0.0,0.0,0.0,0.0,0.0,0.0,0.0,0.0,0.0,0.0,0.0,0.0,0.0,0.0,0.0,0.0,None,0.0,0,2023-02-01,0.8660254037844386,0.5000000000000001,NE_monsoon,0.0,0,None,0.0,0,None,0.0,0,None
Vauniya|Vedithalathivu Range,2023,3,Vauniya,Vedithalathivu Range,0.0,0.0,0.0,0.0,0.0,0.0,0.0,0.0,3.0,0.0,0.0,0.0,0.0,0.0,0.0,0.0,Illegal Entry,3.0,1,2023-03-01,1.0,6.123233995736766e-17,Inter_MarApr,0.0,0,None,0.0,0,None,0.0,0,None
Vauniya|Vedithalathivu Range,2023,4,Vauniya,Vedithalathivu Range,0.0,0.0,0.0,0.0,0.0,0.0,0.0,0.0,0.0,0.0,0.0,0.0,0.0,0.0,0.0,0.0,None,0.0,0,2023-04-01,0.8660254037844387,-0.4999999999999998,Inter_MarApr,3.0,1,Illegal Entry,0.0,0,None,0.0,0,None
Vauniya|Vedithalathivu Range,2023,5,Vauniya,Vedithalathivu Range,0.0,0.0,0.0,0.0,0.0,0.0,0.0,0.0,0.0,0.0,0.0,0.0,0.0,0.0,0.0,0.0,None,0.0,0,2023-05-01,0.49999999999999994,-0.8660254037844387,SW_monsoon,0.0,0,None,3.0,1,Illegal Entry,0.0,0,None
Vauniya|Vedithalathivu Range,2023,6,Vauniya,Vedithalathivu Range,0.0,0.0,0.0,0.0,0.0,0.0,0.0,0.0,0.0,0.0,0.0,0.0,0.0,0.0,0.0,0.0,None,0.0,0,2023-06-01,1.2246467991473532e-16,-1.0,SW_monsoon,0.0,0,None,0.0,0,None,3.0,1,Illegal Entry
Vauniya|Vedithalathivu Range,2023,7,Vauniya,Vedithalathivu Range,0.0,0.0,0.0,0.0,0.0,0.0,0.0,0.0,0.0,0.0,0.0,0.0,0.0,0.0,0.0,0.0,None,0.0,0,2023-07-01,-0.4999999999999997,-0.8660254037844388,SW_monsoon,0.0,0,None,0.0,0,None,0.0,0,None
Vauniya|Vedithalathivu Range,2023,8,Vauniya,Vedithalathivu Range,0.0,0.0,0.0,0.0,0.0,0.0,0.0,0.0,0.0,0.0,0.0,0.0,0.0,0.0,0.0,0.0,None,0.0,0,2023-08-01,-0.8660254037844384,-0.5000000000000004,SW_monsoon,0.0,0,None,0.0,0,None,0.0,0,None
Vauniya|Vedithalathivu Range,2023,9,Vauniya,Vedithalathivu Range,0.0,0.0,0.0,0.0,0.0,0.0,0.0,0.0,0.0,0.0,0.0,0.0,0.0,0.0,0.0,0.0,None,0.0,0,2023-09-01,-1.0,-1.8369701987210297e-16,SW_monsoon,0.0,0,None,0.0,0,None,0.0,0,None
Vauniya|Vedithalathivu Range,2023,10,Vauniya,Vedithalathivu Range,0.0,0.0,0.0,0.0,0.0,0.0,0.0,0.0,0.0,0.0,0.0,0.0,0.0,0.0,0.0,0.0,None,0.0,0,2023-10-01,-0.8660254037844386,0.5000000000000001,Inter_OctNov,0.0,0,None,0.0,0,None,0.0,0,None
Vauniya|Vedithalathivu Range,2023,11,Vauniya,Vedithalathivu Range,0.0,0.0,0.0,0.0,0.0,0.0,0.0,0.0,0.0,0.0,0.0,0.0,0.0,0.0,0.0,0.0,None,0.0,0,2023-11-01,-0.5000000000000004,0.8660254037844384,Inter_OctNov,0.0,0,None,0.0,0,None,0.0,0,None
Vauniya|Vedithalathivu Range,2023,12,Vauniya,Vedithalathivu Range,0.0,0.0,0.0,0.0,0.0,0.0,0.0,0.0,0.0,0.0,0.0,0.0,0.0,0.0,0.0,0.0,None,0.0,0,2023-12-01,-2.4492935982947064e-16,1.0,NE_monsoon,0.0,0,None,0.0,0,None,0.0,0,None
Vauniya|Vedithalathivu Range,2024,1,Vauniya,Vedithalathivu Range,0.0,0.0,0.0,0.0,0.0,0.0,0.0,0.0,0.0,0.0,0.0,0.0,0.0,0.0,0.0,0.0,None,0.0,0,2024-01-01,0.49999999999999994,0.8660254037844387,NE_monsoon,0.0,0,None,0.0,0,None,0.0,0,None
Vauniya|Vedithalathivu Range,2024,2,Vauniya,Vedithalathivu Range,0.0,0.0,0.0,0.0,0.0,0.0,0.0,0.0,0.0,0.0,0.0,0.0,0.0,0.0,0.0,0.0,None,0.0,0,2024-02-01,0.8660254037844386,0.5000000000000001,NE_monsoon,0.0,0,None,0.0,0,None,0.0,0,None
Vauniya|Vedithalathivu Range,2024,3,Vauniya,Vedithalathivu Range,0.0,0.0,0.0,0.0,0.0,0.0,0.0,0.0,0.0,0.0,0.0,0.0,0.0,0.0,0.0,0.0,None,0.0,0,2024-03-01,1.0,6.123233995736766e-17,Inter_MarApr,0.0,0,None,0.0,0,None,0.0,0,None
Vauniya|Vedithalathivu Range,2024,4,Vauniya,Vedithalathivu Range,0.0,0.0,0.0,0.0,0.0,0.0,0.0,0.0,0.0,0.0,0.0,0.0,0.0,0.0,0.0,0.0,None,0.0,0,2024-04-01,0.8660254037844387,-0.4999999999999998,Inter_MarApr,0.0,0,None,0.0,0,None,0.0,0,None
Vauniya|Vedithalathivu Range,2024,5,Vauniya,Vedithalathivu Range,0.0,0.0,0.0,0.0,0.0,0.0,0.0,0.0,0.0,0.0,0.0,0.0,0.0,0.0,0.0,0.0,None,0.0,0,2024-05-01,0.49999999999999994,-0.8660254037844387,SW_monsoon,0.0,0,None,0.0,0,None,0.0,0,None
Vauniya|Vedithalathivu Range,2024,6,Vauniya,Vedithalathivu Range,0.0,0.0,0.0,0.0,0.0,0.0,0.0,0.0,0.0,0.0,0.0,0.0,0.0,0.0,0.0,0.0,None,0.0,0,2024-06-01,1.2246467991473532e-16,-1.0,SW_monsoon,0.0,0,None,0.0,0,None,0.0,0,None
Vauniya|Vedithalathivu Range,2024,7,Vauniya,Vedithalathivu Range,0.0,0.0,0.0,0.0,0.0,0.0,0.0,0.0,0.0,0.0,0.0,0.0,0.0,0.0,0.0,0.0,None,0.0,0,2024-07-01,-0.4999999999999997,-0.8660254037844388,SW_monsoon,0.0,0,None,0.0,0,None,0.0,0,None
Vauniya|Vedithalathivu Range,2024,8,Vauniya,Vedithalathivu Range,0.0,0.0,0.0,0.0,0.0,0.0,0.0,0.0,0.0,0.0,0.0,0.0,0.0,0.0,0.0,0.0,None,0.0,0,2024-08-01,-0.8660254037844384,-0.5000000000000004,SW_monsoon,0.0,0,None,0.0,0,None,0.0,0,None
Vauniya|Vedithalathivu Range,2024,9,Vauniya,Vedithalathivu Range,0.0,0.0,0.0,0.0,0.0,0.0,0.0,0.0,0.0,0.0,0.0,0.0,0.0,0.0,0.0,0.0,None,0.0,0,2024-09-01,-1.0,-1.8369701987210297e-16,SW_monsoon,0.0,0,None,0.0,0,None,0.0,0,None
Vauniya|Vedithalathivu Range,2024,10,Vauniya,Vedithalathivu Range,0.0,0.0,0.0,0.0,0.0,0.0,0.0,0.0,0.0,0.0,0.0,0.0,0.0,0.0,0.0,0.0,None,0.0,0,2024-10-01,-0.8660254037844386,0.5000000000000001,Inter_OctNov,0.0,0,None,0.0,0,None,0.0,0,None
Vauniya|Vedithalathivu Range,2024,11,Vauniya,Vedithalathivu Range,0.0,0.0,0.0,0.0,0.0,0.0,0.0,0.0,0.0,0.0,0.0,0.0,0.0,0.0,0.0,0.0,None,0.0,0,2024-11-01,-0.5000000000000004,0.8660254037844384,Inter_OctNov,0.0,0,None,0.0,0,None,0.0,0,None
Vauniya|Vedithalathivu Range,2024,12,Vauniya,Vedithalathivu Range,0.0,0.0,0.0,0.0,0.0,0.0,0.0,0.0,0.0,0.0,0.0,0.0,0.0,0.0,0.0,0.0,None,0.0,0,2024-12-01,-2.4492935982947064e-16,1.0,NE_monsoon,0.0,0,None,0.0,0,None,0.0,0,None
Wayamba|AD Office,2022,1,Wayamba,AD Office,0.0,0.0,0.0,0.0,0.0,0.0,0.0,0.0,0.0,0.0,0.0,0.0,0.0,0.0,0.0,0.0,None,0.0,0,2022-01-01,0.49999999999999994,0.8660254037844387,NE_monsoon,0.0,0,None,0.0,0,None,0.0,0,None
Wayamba|AD Office,2022,2,Wayamba,AD Office,0.0,0.0,0.0,0.0,0.0,0.0,0.0,0.0,0.0,0.0,0.0,0.0,0.0,0.0,0.0,0.0,None,0.0,0,2022-02-01,0.8660254037844386,0.5000000000000001,NE_monsoon,0.0,0,None,0.0,0,None,0.0,0,None
Wayamba|AD Office,2022,3,Wayamba,AD Office,0.0,0.0,0.0,0.0,0.0,0.0,0.0,0.0,0.0,0.0,0.0,0.0,0.0,0.0,0.0,0.0,None,0.0,0,2022-03-01,1.0,6.123233995736766e-17,Inter_MarApr,0.0,0,None,0.0,0,None,0.0,0,None
Wayamba|AD Office,2022,4,Wayamba,AD Office,0.0,0.0,0.0,0.0,0.0,0.0,0.0,0.0,0.0,0.0,0.0,0.0,0.0,0.0,0.0,0.0,None,0.0,0,2022-04-01,0.8660254037844387,-0.4999999999999998,Inter_MarApr,0.0,0,None,0.0,0,None,0.0,0,None
Wayamba|AD Office,2022,5,Wayamba,AD Office,0.0,0.0,0.0,0.0,0.0,0.0,0.0,0.0,0.0,0.0,0.0,0.0,0.0,0.0,0.0,0.0,None,0.0,0,2022-05-01,0.49999999999999994,-0.8660254037844387,SW_monsoon,0.0,0,None,0.0,0,None,0.0,0,None
Wayamba|AD Office,2022,6,Wayamba,AD Office,0.0,0.0,0.0,0.0,0.0,0.0,0.0,0.0,0.0,0.0,0.0,0.0,0.0,0.0,0.0,0.0,None,0.0,0,2022-06-01,1.2246467991473532e-16,-1.0,SW_monsoon,0.0,0,None,0.0,0,None,0.0,0,None
Wayamba|AD Office,2022,7,Wayamba,AD Office,0.0,0.0,0.0,0.0,0.0,0.0,0.0,0.0,0.0,0.0,0.0,0.0,0.0,0.0,0.0,0.0,None,0.0,0,2022-07-01,-0.4999999999999997,-0.8660254037844388,SW_monsoon,0.0,0,None,0.0,0,None,0.0,0,None
Wayamba|AD Office,2022,8,Wayamba,AD Office,0.0,0.0,0.0,0.0,0.0,0.0,0.0,0.0,0.0,0.0,0.0,0.0,0.0,0.0,0.0,0.0,None,0.0,0,2022-08-01,-0.8660254037844384,-0.5000000000000004,SW_monsoon,0.0,0,None,0.0,0,None,0.0,0,None
Wayamba|AD Office,2022,9,Wayamba,AD Office,0.0,0.0,0.0,0.0,0.0,0.0,0.0,0.0,0.0,0.0,0.0,0.0,0.0,0.0,0.0,0.0,None,0.0,0,2022-09-01,-1.0,-1.8369701987210297e-16,SW_monsoon,0.0,0,None,0.0,0,None,0.0,0,None
Wayamba|AD Office,2022,10,Wayamba,AD Office,0.0,0.0,0.0,0.0,0.0,0.0,0.0,0.0,0.0,0.0,0.0,0.0,0.0,0.0,0.0,0.0,None,0.0,0,2022-10-01,-0.8660254037844386,0.5000000000000001,Inter_OctNov,0.0,0,None,0.0,0,None,0.0,0,None
Wayamba|AD Office,2022,11,Wayamba,AD Office,0.0,0.0,0.0,0.0,0.0,0.0,0.0,0.0,0.0,0.0,0.0,0.0,0.0,0.0,0.0,0.0,None,0.0,0,2022-11-01,-0.5000000000000004,0.8660254037844384,Inter_OctNov,0.0,0,None,0.0,0,None,0.0,0,None
Wayamba|AD Office,2022,12,Wayamba,AD Office,0.0,0.0,0.0,0.0,0.0,0.0,0.0,0.0,0.0,0.0,0.0,0.0,0.0,0.0,0.0,0.0,None,0.0,0,2022-12-01,-2.4492935982947064e-16,1.0,NE_monsoon,0.0,0,None,0.0,0,None,0.0,0,None
Wayamba|AD Office,2023,1,Wayamba,AD Office,0.0,0.0,0.0,0.0,0.0,0.0,0.0,0.0,0.0,0.0,0.0,0.0,0.0,0.0,0.0,0.0,None,0.0,0,2023-01-01,0.49999999999999994,0.8660254037844387,NE_monsoon,0.0,0,None,0.0,0,None,0.0,0,None
Wayamba|AD Office,2023,2,Wayamba,AD Office,0.0,0.0,0.0,0.0,0.0,0.0,0.0,0.0,0.0,0.0,0.0,0.0,0.0,0.0,0.0,0.0,None,0.0,0,2023-02-01,0.8660254037844386,0.5000000000000001,NE_monsoon,0.0,0,None,0.0,0,None,0.0,0,None
Wayamba|AD Office,2023,3,Wayamba,AD Office,0.0,0.0,0.0,0.0,0.0,0.0,0.0,0.0,0.0,0.0,0.0,0.0,0.0,0.0,0.0,0.0,None,0.0,0,2023-03-01,1.0,6.123233995736766e-17,Inter_MarApr,0.0,0,None,0.0,0,None,0.0,0,None
Wayamba|AD Office,2023,4,Wayamba,AD Office,0.0,10.0,0.0,0.0,0.0,0.0,0.0,0.0,0.0,0.0,0.0,0.0,0.0,0.0,0.0,0.0,Animal Parts Trade,10.0,1,2023-04-01,0.8660254037844387,-0.4999999999999998,Inter_MarApr,0.0,0,None,0.0,0,None,0.0,0,None
Wayamba|AD Office,2023,5,Wayamba,AD Office,0.0,0.0,0.0,0.0,0.0,0.0,0.0,0.0,0.0,0.0,0.0,0.0,0.0,0.0,0.0,0.0,None,0.0,0,2023-05-01,0.49999999999999994,-0.8660254037844387,SW_monsoon,10.0,1,Animal Parts Trade,0.0,0,None,0.0,0,None
Wayamba|AD Office,2023,6,Wayamba,AD Office,0.0,0.0,0.0,0.0,0.0,0.0,0.0,0.0,0.0,0.0,0.0,0.0,0.0,0.0,0.0,0.0,None,0.0,0,2023-06-01,1.2246467991473532e-16,-1.0,SW_monsoon,0.0,0,None,10.0,1,Animal Parts Trade,0.0,0,None
Wayamba|AD Office,2023,7,Wayamba,AD Office,0.0,0.0,0.0,0.0,0.0,0.0,0.0,0.0,0.0,0.0,0.0,0.0,0.0,0.0,0.0,0.0,None,0.0,0,2023-07-01,-0.4999999999999997,-0.8660254037844388,SW_monsoon,0.0,0,None,0.0,0,None,10.0,1,Animal Parts Trade
Wayamba|AD Office,2023,8,Wayamba,AD Office,0.0,0.0,0.0,0.0,0.0,0.0,0.0,0.0,0.0,0.0,0.0,0.0,0.0,0.0,0.0,0.0,None,0.0,0,2023-08-01,-0.8660254037844384,-0.5000000000000004,SW_monsoon,0.0,0,None,0.0,0,None,0.0,0,None
Wayamba|AD Office,2023,9,Wayamba,AD Office,0.0,11.0,0.0,0.0,0.0,0.0,0.0,0.0,0.0,0.0,0.0,0.0,0.0,0.0,0.0,0.0,Animal Parts Trade,11.0,1,2023-09-01,-1.0,-1.8369701987210297e-16,SW_monsoon,0.0,0,None,0.0,0,None,0.0,0,None
Wayamba|AD Office,2023,10,Wayamba,AD Office,0.0,0.0,0.0,0.0,0.0,0.0,0.0,0.0,0.0,0.0,0.0,0.0,0.0,0.0,0.0,0.0,None,0.0,0,2023-10-01,-0.8660254037844386,0.5000000000000001,Inter_OctNov,11.0,1,Animal Parts Trade,0.0,0,None,0.0,0,None
Wayamba|AD Office,2023,11,Wayamba,AD Office,0.0,0.0,0.0,0.0,0.0,0.0,0.0,0.0,0.0,0.0,0.0,0.0,0.0,0.0,0.0,0.0,None,0.0,0,2023-11-01,-0.5000000000000004,0.8660254037844384,Inter_OctNov,0.0,0,None,11.0,1,Animal Parts Trade,0.0,0,None
Wayamba|AD Office,2023,12,Wayamba,AD Office,0.0,0.0,0.0,0.0,0.0,0.0,0.0,0.0,0.0,0.0,0.0,0.0,0.0,0.0,0.0,0.0,None,0.0,0,2023-12-01,-2.4492935982947064e-16,1.0,NE_monsoon,0.0,0,None,0.0,0,None,11.0,1,Animal Parts Trade
Wayamba|AD Office,2024,1,Wayamba,AD Office,0.0,0.0,0.0,0.0,0.0,0.0,0.0,0.0,0.0,0.0,0.0,0.0,0.0,0.0,0.0,0.0,None,0.0,0,2024-01-01,0.49999999999999994,0.8660254037844387,NE_monsoon,0.0,0,None,0.0,0,None,0.0,0,None
Wayamba|AD Office,2024,2,Wayamba,AD Office,0.0,0.0,0.0,0.0,0.0,0.0,0.0,0.0,0.0,0.0,0.0,0.0,0.0,0.0,0.0,0.0,None,0.0,0,2024-02-01,0.8660254037844386,0.5000000000000001,NE_monsoon,0.0,0,None,0.0,0,None,0.0,0,None
Wayamba|AD Office,2024,3,Wayamba,AD Office,0.0,0.0,0.0,0.0,0.0,0.0,0.0,0.0,0.0,0.0,0.0,0.0,0.0,0.0,0.0,0.0,None,0.0,0,2024-03-01,1.0,6.123233995736766e-17,Inter_MarApr,0.0,0,None,0.0,0,None,0.0,0,None
Wayamba|AD Office,2024,4,Wayamba,AD Office,0.0,0.0,0.0,0.0,0.0,0.0,0.0,0.0,0.0,0.0,0.0,0.0,0.0,0.0,0.0,0.0,None,0.0,0,2024-04-01,0.8660254037844387,-0.4999999999999998,Inter_MarApr,0.0,0,None,0.0,0,None,0.0,0,None
Wayamba|AD Office,2024,5,Wayamba,AD Office,0.0,0.0,0.0,0.0,0.0,0.0,0.0,0.0,0.0,0.0,0.0,0.0,0.0,0.0,0.0,0.0,None,0.0,0,2024-05-01,0.49999999999999994,-0.8660254037844387,SW_monsoon,0.0,0,None,0.0,0,None,0.0,0,None
Wayamba|AD Office,2024,6,Wayamba,AD Office,0.0,0.0,0.0,0.0,0.0,0.0,0.0,0.0,0.0,0.0,0.0,0.0,0.0,0.0,0.0,0.0,None,0.0,0,2024-06-01,1.2246467991473532e-16,-1.0,SW_monsoon,0.0,0,None,0.0,0,None,0.0,0,None
Wayamba|AD Office,2024,7,Wayamba,AD Office,0.0,0.0,0.0,0.0,0.0,0.0,0.0,0.0,0.0,0.0,0.0,0.0,0.0,0.0,0.0,0.0,None,0.0,0,2024-07-01,-0.4999999999999997,-0.8660254037844388,SW_monsoon,0.0,0,None,0.0,0,None,0.0,0,None
Wayamba|AD Office,2024,8,Wayamba,AD Office,0.0,0.0,0.0,0.0,0.0,0.0,0.0,0.0,0.0,0.0,0.0,0.0,0.0,0.0,0.0,0.0,None,0.0,0,2024-08-01,-0.8660254037844384,-0.5000000000000004,SW_monsoon,0.0,0,None,0.0,0,None,0.0,0,None
Wayamba|AD Office,2024,9,Wayamba,AD Office,0.0,0.0,0.0,0.0,0.0,0.0,0.0,0.0,0.0,0.0,0.0,0.0,0.0,0.0,0.0,0.0,None,0.0,0,2024-09-01,-1.0,-1.8369701987210297e-16,SW_monsoon,0.0,0,None,0.0,0,None,0.0,0,None
Wayamba|AD Office,2024,10,Wayamba,AD Office,0.0,0.0,0.0,0.0,0.0,0.0,0.0,0.0,0.0,0.0,0.0,0.0,0.0,0.0,0.0,0.0,None,0.0,0,2024-10-01,-0.8660254037844386,0.5000000000000001,Inter_OctNov,0.0,0,None,0.0,0,None,0.0,0,None
Wayamba|AD Office,2024,11,Wayamba,AD Office,0.0,0.0,0.0,0.0,0.0,0.0,0.0,0.0,0.0,0.0,0.0,0.0,0.0,0.0,0.0,0.0,None,0.0,0,2024-11-01,-0.5000000000000004,0.8660254037844384,Inter_OctNov,0.0,0,None,0.0,0,None,0.0,0,None
Wayamba|AD Office,2024,12,Wayamba,AD Office,0.0,0.0,0.0,0.0,0.0,0.0,0.0,0.0,0.0,0.0,0.0,0.0,0.0,0.0,0.0,0.0,None,0.0,0,2024-12-01,-2.4492935982947064e-16,1.0,NE_monsoon,0.0,0,None,0.0,0,None,0.0,0,None
Wayamba|Galgmuwa Range,2022,1,Wayamba,Galgmuwa Range,0.0,0.0,0.0,0.0,0.0,0.0,0.0,5.0,0.0,0.0,0.0,0.0,0.0,0.0,0.0,0.0,Hunting/Killing,5.0,1,2022-01-01,0.49999999999999994,0.8660254037844387,NE_monsoon,0.0,0,None,0.0,0,None,0.0,0,None
Wayamba|Galgmuwa Range,2022,2,Wayamba,Galgmuwa Range,0.0,0.0,0.0,0.0,0.0,0.0,0.0,0.0,0.0,0.0,0.0,0.0,0.0,0.0,0.0,0.0,None,0.0,0,2022-02-01,0.8660254037844386,0.5000000000000001,NE_monsoon,5.0,1,Hunting/Killing,0.0,0,None,0.0,0,None
Wayamba|Galgmuwa Range,2022,3,Wayamba,Galgmuwa Range,0.0,0.0,0.0,0.0,0.0,0.0,0.0,0.0,0.0,0.0,0.0,0.0,0.0,0.0,0.0,0.0,None,0.0,0,2022-03-01,1.0,6.123233995736766e-17,Inter_MarApr,0.0,0,None,5.0,1,Hunting/Killing,0.0,0,None
Wayamba|Galgmuwa Range,2022,4,Wayamba,Galgmuwa Range,47.0,0.0,0.0,0.0,0.0,0.0,0.0,0.0,0.0,0.0,0.0,0.0,0.0,0.0,0.0,0.0,Animal Death/Injury,47.0,1,2022-04-01,0.8660254037844387,-0.4999999999999998,Inter_MarApr,0.0,0,None,0.0,0,None,5.0,1,Hunting/Killing
Wayamba|Galgmuwa Range,2022,5,Wayamba,Galgmuwa Range,0.0,0.0,0.0,0.0,0.0,0.0,0.0,0.0,0.0,0.0,0.0,0.0,0.0,0.0,0.0,0.0,None,0.0,0,2022-05-01,0.49999999999999994,-0.8660254037844387,SW_monsoon,47.0,1,Animal Death/Injury,0.0,0,None,0.0,0,None
Wayamba|Galgmuwa Range,2022,6,Wayamba,Galgmuwa Range,0.0,0.0,0.0,0.0,0.0,0.0,0.0,0.0,0.0,0.0,0.0,0.0,0.0,0.0,0.0,0.0,None,0.0,0,2022-06-01,1.2246467991473532e-16,-1.0,SW_monsoon,0.0,0,None,47.0,1,Animal Death/Injury,0.0,0,None
Wayamba|Galgmuwa Range,2022,7,Wayamba,Galgmuwa Range,0.0,0.0,0.0,0.0,0.0,0.0,0.0,0.0,0.0,0.0,0.0,0.0,0.0,0.0,0.0,0.0,None,0.0,0,2022-07-01,-0.4999999999999997,-0.8660254037844388,SW_monsoon,0.0,0,None,0.0,0,None,47.0,1,Animal Death/Injury
Wayamba|Galgmuwa Range,2022,8,Wayamba,Galgmuwa Range,0.0,0.0,0.0,0.0,0.0,0.0,0.0,0.0,0.0,0.0,0.0,0.0,0.0,0.0,0.0,0.0,None,0.0,0,2022-08-01,-0.8660254037844384,-0.5000000000000004,SW_monsoon,0.0,0,None,0.0,0,None,0.0,0,None
Wayamba|Galgmuwa Range,2022,9,Wayamba,Galgmuwa Range,0.0,0.0,0.0,0.0,0.0,0.0,0.0,0.0,0.0,0.0,0.0,0.0,0.0,0.0,0.0,0.0,None,0.0,0,2022-09-01,-1.0,-1.8369701987210297e-16,SW_monsoon,0.0,0,None,0.0,0,None,0.0,0,None
Wayamba|Galgmuwa Range,2022,10,Wayamba,Galgmuwa Range,0.0,0.0,0.0,0.0,0.0,0.0,0.0,0.0,0.0,0.0,0.0,0.0,0.0,0.0,0.0,0.0,None,0.0,0,2022-10-01,-0.8660254037844386,0.5000000000000001,Inter_OctNov,0.0,0,None,0.0,0,None,0.0,0,None
Wayamba|Galgmuwa Range,2022,11,Wayamba,Galgmuwa Range,0.0,0.0,0.0,0.0,0.0,0.0,0.0,0.0,0.0,0.0,0.0,0.0,0.0,0.0,0.0,0.0,None,0.0,0,2022-11-01,-0.5000000000000004,0.8660254037844384,Inter_OctNov,0.0,0,None,0.0,0,None,0.0,0,None
Wayamba|Galgmuwa Range,2022,12,Wayamba,Galgmuwa Range,0.0,0.0,0.0,0.0,0.0,0.0,0.0,0.0,0.0,0.0,0.0,0.0,0.0,0.0,0.0,0.0,None,0.0,0,2022-12-01,-2.4492935982947064e-16,1.0,NE_monsoon,0.0,0,None,0.0,0,None,0.0,0,None
Wayamba|Galgmuwa Range,2023,1,Wayamba,Galgmuwa Range,0.0,0.0,0.0,0.0,0.0,0.0,0.0,0.0,0.0,0.0,0.0,0.0,0.0,0.0,0.0,0.0,None,0.0,0,2023-01-01,0.49999999999999994,0.8660254037844387,NE_monsoon,0.0,0,None,0.0,0,None,0.0,0,None
Wayamba|Galgmuwa Range,2023,2,Wayamba,Galgmuwa Range,0.0,0.0,0.0,0.0,0.0,0.0,0.0,0.0,0.0,0.0,9.0,11.0,0.0,0.0,0.0,0.0,Meat/Egg Trade,20.0,1,2023-02-01,0.8660254037844386,0.5000000000000001,NE_monsoon,0.0,0,None,0.0,0,None,0.0,0,None
Wayamba|Galgmuwa Range,2023,3,Wayamba,Galgmuwa Range,6.0,0.0,0.0,0.0,0.0,0.0,0.0,0.0,0.0,0.0,0.0,8.0,0.0,5.0,0.0,7.0,Meat/Egg Trade,26.0,1,2023-03-01,1.0,6.123233995736766e-17,Inter_MarApr,20.0,1,Meat/Egg Trade,0.0,0,None,0.0,0,None
Wayamba|Galgmuwa Range,2023,4,Wayamba,Galgmuwa Range,1.0,0.0,0.0,0.0,0.0,0.0,0.0,0.0,0.0,0.0,0.0,0.0,0.0,0.0,0.0,0.0,Animal Death/Injury,1.0,1,2023-04-01,0.8660254037844387,-0.4999999999999998,Inter_MarApr,26.0,1,Meat/Egg Trade,20.0,1,Meat/Egg Trade,0.0,0,None
Wayamba|Galgmuwa Range,2023,5,Wayamba,Galgmuwa Range,0.0,0.0,0.0,0.0,0.0,0.0,0.0,0.0,0.0,0.0,0.0,0.0,0.0,0.0,0.0,0.0,None,0.0,0,2023-05-01,0.49999999999999994,-0.8660254037844387,SW_monsoon,1.0,1,Animal Death/Injury,26.0,1,Meat/Egg Trade,20.0,1,Meat/Egg Trade
Wayamba|Galgmuwa Range,2023,6,Wayamba,Galgmuwa Range,0.0,0.0,0.0,0.0,0.0,0.0,0.0,0.0,0.0,0.0,0.0,0.0,0.0,0.0,0.0,0.0,None,0.0,0,2023-06-01,1.2246467991473532e-16,-1.0,SW_monsoon,0.0,0,None,1.0,1,Animal Death/Injury,26.0,1,Meat/Egg Trade
Wayamba|Galgmuwa Range,2023,7,Wayamba,Galgmuwa Range,0.0,0.0,0.0,0.0,0.0,0.0,0.0,0.0,0.0,0.0,0.0,0.0,0.0,0.0,0.0,0.0,None,0.0,0,2023-07-01,-0.4999999999999997,-0.8660254037844388,SW_monsoon,0.0,0,None,0.0,0,None,1.0,1,Animal Death/Injury
Wayamba|Galgmuwa Range,2023,8,Wayamba,Galgmuwa Range,0.0,0.0,0.0,0.0,0.0,0.0,0.0,0.0,0.0,0.0,0.0,0.0,0.0,108.0,0.0,0.0,Other,108.0,1,2023-08-01,-0.8660254037844384,-0.5000000000000004,SW_monsoon,0.0,0,None,0.0,0,None,0.0,0,None
Wayamba|Galgmuwa Range,2023,9,Wayamba,Galgmuwa Range,0.0,0.0,0.0,0.0,0.0,0.0,0.0,0.0,0.0,0.0,0.0,1.0,0.0,0.0,0.0,3.0,Weapons/Traps,4.0,1,2023-09-01,-1.0,-1.8369701987210297e-16,SW_monsoon,108.0,1,Other,0.0,0,None,0.0,0,None
Wayamba|Galgmuwa Range,2023,10,Wayamba,Galgmuwa Range,0.0,0.0,0.0,0.0,0.0,0.0,0.0,0.0,0.0,0.0,0.0,0.0,0.0,0.0,0.0,0.0,None,0.0,0,2023-10-01,-0.8660254037844386,0.5000000000000001,Inter_OctNov,4.0,1,Weapons/Traps,108.0,1,Other,0.0,0,None
Wayamba|Galgmuwa Range,2023,11,Wayamba,Galgmuwa Range,0.0,0.0,0.0,0.0,0.0,0.0,0.0,0.0,0.0,0.0,0.0,0.0,0.0,0.0,0.0,0.0,None,0.0,0,2023-11-01,-0.5000000000000004,0.8660254037844384,Inter_OctNov,0.0,0,None,4.0,1,Weapons/Traps,108.0,1,Other
Wayamba|Galgmuwa Range,2023,12,Wayamba,Galgmuwa Range,0.0,0.0,0.0,0.0,0.0,0.0,0.0,0.0,0.0,0.0,0.0,0.0,0.0,0.0,0.0,0.0,None,0.0,0,2023-12-01,-2.4492935982947064e-16,1.0,NE_monsoon,0.0,0,None,0.0,0,None,4.0,1,Weapons/Traps
Wayamba|Galgmuwa Range,2024,1,Wayamba,Galgmuwa Range,0.0,0.0,0.0,0.0,0.0,0.0,0.0,0.0,0.0,0.0,0.0,0.0,0.0,0.0,0.0,0.0,None,0.0,0,2024-01-01,0.49999999999999994,0.8660254037844387,NE_monsoon,0.0,0,None,0.0,0,None,0.0,0,None
Wayamba|Galgmuwa Range,2024,2,Wayamba,Galgmuwa Range,0.0,0.0,0.0,0.0,0.0,0.0,0.0,0.0,0.0,0.0,0.0,0.0,0.0,0.0,0.0,0.0,None,0.0,0,2024-02-01,0.8660254037844386,0.5000000000000001,NE_monsoon,0.0,0,None,0.0,0,None,0.0,0,None
Wayamba|Galgmuwa Range,2024,3,Wayamba,Galgmuwa Range,0.0,0.0,0.0,0.0,0.0,0.0,0.0,0.0,0.0,0.0,0.0,0.0,0.0,0.0,0.0,0.0,None,0.0,0,2024-03-01,1.0,6.123233995736766e-17,Inter_MarApr,0.0,0,None,0.0,0,None,0.0,0,None
Wayamba|Galgmuwa Range,2024,4,Wayamba,Galgmuwa Range,0.0,0.0,0.0,0.0,0.0,0.0,0.0,0.0,0.0,0.0,0.0,0.0,0.0,0.0,0.0,0.0,None,0.0,0,2024-04-01,0.8660254037844387,-0.4999999999999998,Inter_MarApr,0.0,0,None,0.0,0,None,0.0,0,None
Wayamba|Galgmuwa Range,2024,5,Wayamba,Galgmuwa Range,0.0,0.0,0.0,0.0,0.0,0.0,0.0,0.0,0.0,0.0,0.0,0.0,0.0,9.0,0.0,6.0,Weapons/Traps,15.0,1,2024-05-01,0.49999999999999994,-0.8660254037844387,SW_monsoon,0.0,0,None,0.0,0,None,0.0,0,None
Wayamba|Galgmuwa Range,2024,6,Wayamba,Galgmuwa Range,0.0,0.0,0.0,0.0,0.0,0.0,0.0,0.0,0.0,0.0,0.0,19.0,0.0,0.0,0.0,0.0,Meat/Egg Trade,19.0,1,2024-06-01,1.2246467991473532e-16,-1.0,SW_monsoon,15.0,1,Weapons/Traps,0.0,0,None,0.0,0,None
Wayamba|Galgmuwa Range,2024,7,Wayamba,Galgmuwa Range,0.0,0.0,0.0,0.0,0.0,0.0,0.0,0.0,0.0,0.0,0.0,0.0,0.0,1.0,0.0,0.0,Other,1.0,1,2024-07-01,-0.4999999999999997,-0.8660254037844388,SW_monsoon,19.0,1,Meat/Egg Trade,15.0,1,Weapons/Traps,0.0,0,None
Wayamba|Galgmuwa Range,2024,8,Wayamba,Galgmuwa Range,0.0,0.0,0.0,0.0,0.0,0.0,0.0,0.0,0.0,0.0,0.0,0.0,0.0,0.0,0.0,0.0,None,0.0,0,2024-08-01,-0.8660254037844384,-0.5000000000000004,SW_monsoon,1.0,1,Other,19.0,1,Meat/Egg Trade,15.0,1,Weapons/Traps
Wayamba|Galgmuwa Range,2024,9,Wayamba,Galgmuwa Range,0.0,0.0,0.0,0.0,0.0,0.0,0.0,0.0,0.0,0.0,0.0,0.0,0.0,0.0,0.0,0.0,None,0.0,0,2024-09-01,-1.0,-1.8369701987210297e-16,SW_monsoon,0.0,0,None,1.0,1,Other,19.0,1,Meat/Egg Trade
Wayamba|Galgmuwa Range,2024,10,Wayamba,Galgmuwa Range,0.0,0.0,0.0,0.0,0.0,0.0,0.0,0.0,0.0,0.0,0.0,0.0,0.0,0.0,0.0,0.0,None,0.0,0,2024-10-01,-0.8660254037844386,0.5000000000000001,Inter_OctNov,0.0,0,None,0.0,0,None,1.0,1,Other
Wayamba|Galgmuwa Range,2024,11,Wayamba,Galgmuwa Range,0.0,0.0,0.0,0.0,0.0,0.0,0.0,0.0,0.0,0.0,0.0,0.0,0.0,0.0,0.0,0.0,None,0.0,0,2024-11-01,-0.5000000000000004,0.8660254037844384,Inter_OctNov,0.0,0,None,0.0,0,None,0.0,0,None
Wayamba|Galgmuwa Range,2024,12,Wayamba,Galgmuwa Range,0.0,0.0,0.0,0.0,0.0,0.0,0.0,0.0,0.0,0.0,0.0,0.0,0.0,0.0,0.0,0.0,None,0.0,0,2024-12-01,-2.4492935982947064e-16,1.0,NE_monsoon,0.0,0,None,0.0,0,None,0.0,0,None
Wayamba|Galkiriyagama Beat,2022,1,Wayamba,Galkiriyagama Beat,0.0,0.0,0.0,0.0,0.0,0.0,0.0,0.0,0.0,0.0,0.0,0.0,0.0,0.0,0.0,0.0,None,0.0,0,2022-01-01,0.49999999999999994,0.8660254037844387,NE_monsoon,0.0,0,None,0.0,0,None,0.0,0,None
Wayamba|Galkiriyagama Beat,2022,2,Wayamba,Galkiriyagama Beat,0.0,0.0,0.0,0.0,0.0,0.0,0.0,0.0,0.0,0.0,0.0,0.0,0.0,0.0,0.0,0.0,None,0.0,0,2022-02-01,0.8660254037844386,0.5000000000000001,NE_monsoon,0.0,0,None,0.0,0,None,0.0,0,None
Wayamba|Galkiriyagama Beat,2022,3,Wayamba,Galkiriyagama Beat,40.0,0.0,0.0,0.0,0.0,0.0,0.0,0.0,0.0,0.0,0.0,0.0,0.0,0.0,0.0,0.0,Animal Death/Injury,40.0,1,2022-03-01,1.0,6.123233995736766e-17,Inter_MarApr,0.0,0,None,0.0,0,None,0.0,0,None
Wayamba|Galkiriyagama Beat,2022,4,Wayamba,Galkiriyagama Beat,0.0,0.0,0.0,0.0,0.0,0.0,0.0,0.0,0.0,0.0,0.0,49.0,0.0,0.0,0.0,0.0,Meat/Egg Trade,49.0,1,2022-04-01,0.8660254037844387,-0.4999999999999998,Inter_MarApr,40.0,1,Animal Death/Injury,0.0,0,None,0.0,0,None
Wayamba|Galkiriyagama Beat,2022,5,Wayamba,Galkiriyagama Beat,0.0,0.0,0.0,0.0,0.0,0.0,0.0,0.0,0.0,0.0,0.0,0.0,0.0,0.0,0.0,0.0,None,0.0,0,2022-05-01,0.49999999999999994,-0.8660254037844387,SW_monsoon,49.0,1,Meat/Egg Trade,40.0,1,Animal Death/Injury,0.0,0,None
Wayamba|Galkiriyagama Beat,2022,6,Wayamba,Galkiriyagama Beat,0.0,0.0,0.0,0.0,0.0,0.0,0.0,0.0,0.0,0.0,0.0,0.0,0.0,0.0,0.0,0.0,None,0.0,0,2022-06-01,1.2246467991473532e-16,-1.0,SW_monsoon,0.0,0,None,49.0,1,Meat/Egg Trade,40.0,1,Animal Death/Injury
Wayamba|Galkiriyagama Beat,2022,7,Wayamba,Galkiriyagama Beat,0.0,0.0,0.0,0.0,0.0,0.0,0.0,0.0,0.0,0.0,0.0,0.0,0.0,0.0,0.0,0.0,None,0.0,0,2022-07-01,-0.4999999999999997,-0.8660254037844388,SW_monsoon,0.0,0,None,0.0,0,None,49.0,1,Meat/Egg Trade
Wayamba|Galkiriyagama Beat,2022,8,Wayamba,Galkiriyagama Beat,0.0,0.0,0.0,0.0,0.0,0.0,0.0,0.0,0.0,0.0,0.0,0.0,0.0,0.0,0.0,0.0,None,0.0,0,2022-08-01,-0.8660254037844384,-0.5000000000000004,SW_monsoon,0.0,0,None,0.0,0,None,0.0,0,None
Wayamba|Galkiriyagama Beat,2022,9,Wayamba,Galkiriyagama Beat,0.0,0.0,0.0,0.0,0.0,0.0,0.0,0.0,0.0,0.0,0.0,0.0,0.0,0.0,0.0,0.0,None,0.0,0,2022-09-01,-1.0,-1.8369701987210297e-16,SW_monsoon,0.0,0,None,0.0,0,None,0.0,0,None
Wayamba|Galkiriyagama Beat,2022,10,Wayamba,Galkiriyagama Beat,0.0,0.0,0.0,0.0,0.0,0.0,0.0,0.0,0.0,0.0,0.0,0.0,0.0,0.0,0.0,0.0,None,0.0,0,2022-10-01,-0.8660254037844386,0.5000000000000001,Inter_OctNov,0.0,0,None,0.0,0,None,0.0,0,None
Wayamba|Galkiriyagama Beat,2022,11,Wayamba,Galkiriyagama Beat,0.0,0.0,0.0,0.0,0.0,0.0,0.0,0.0,0.0,0.0,0.0,0.0,0.0,0.0,0.0,0.0,None,0.0,0,2022-11-01,-0.5000000000000004,0.8660254037844384,Inter_OctNov,0.0,0,None,0.0,0,None,0.0,0,None
Wayamba|Galkiriyagama Beat,2022,12,Wayamba,Galkiriyagama Beat,0.0,0.0,0.0,0.0,0.0,0.0,0.0,0.0,0.0,0.0,0.0,0.0,0.0,0.0,0.0,0.0,None,0.0,0,2022-12-01,-2.4492935982947064e-16,1.0,NE_monsoon,0.0,0,None,0.0,0,None,0.0,0,None
Wayamba|Galkiriyagama Beat,2023,1,Wayamba,Galkiriyagama Beat,0.0,0.0,0.0,0.0,0.0,0.0,0.0,0.0,0.0,0.0,0.0,0.0,0.0,0.0,0.0,0.0,None,0.0,0,2023-01-01,0.49999999999999994,0.8660254037844387,NE_monsoon,0.0,0,None,0.0,0,None,0.0,0,None
Wayamba|Galkiriyagama Beat,2023,2,Wayamba,Galkiriyagama Beat,0.0,0.0,0.0,0.0,0.0,0.0,0.0,0.0,0.0,0.0,0.0,7.0,0.0,0.0,0.0,0.0,Meat/Egg Trade,7.0,1,2023-02-01,0.8660254037844386,0.5000000000000001,NE_monsoon,0.0,0,None,0.0,0,None,0.0,0,None
Wayamba|Galkiriyagama Beat,2023,3,Wayamba,Galkiriyagama Beat,0.0,0.0,0.0,0.0,0.0,0.0,0.0,0.0,0.0,0.0,0.0,0.0,0.0,0.0,0.0,1.0,Weapons/Traps,1.0,1,2023-03-01,1.0,6.123233995736766e-17,Inter_MarApr,7.0,1,Meat/Egg Trade,0.0,0,None,0.0,0,None
Wayamba|Galkiriyagama Beat,2023,4,Wayamba,Galkiriyagama Beat,0.0,0.0,0.0,0.0,0.0,0.0,0.0,0.0,0.0,0.0,0.0,0.0,0.0,0.0,0.0,0.0,None,0.0,0,2023-04-01,0.8660254037844387,-0.4999999999999998,Inter_MarApr,1.0,1,Weapons/Traps,7.0,1,Meat/Egg Trade,0.0,0,None
Wayamba|Galkiriyagama Beat,2023,5,Wayamba,Galkiriyagama Beat,0.0,0.0,0.0,0.0,0.0,0.0,0.0,0.0,0.0,0.0,0.0,0.0,0.0,0.0,0.0,1.0,Weapons/Traps,1.0,1,2023-05-01,0.49999999999999994,-0.8660254037844387,SW_monsoon,0.0,0,None,1.0,1,Weapons/Traps,7.0,1,Meat/Egg Trade
Wayamba|Galkiriyagama Beat,2023,6,Wayamba,Galkiriyagama Beat,0.0,0.0,0.0,0.0,0.0,0.0,0.0,5.0,0.0,0.0,0.0,6.0,0.0,0.0,0.0,4.0,Meat/Egg Trade,15.0,1,2023-06-01,1.2246467991473532e-16,-1.0,SW_monsoon,1.0,1,Weapons/Traps,0.0,0,None,1.0,1,Weapons/Traps
Wayamba|Galkiriyagama Beat,2023,7,Wayamba,Galkiriyagama Beat,0.0,0.0,0.0,0.0,0.0,0.0,0.0,0.0,0.0,0.0,0.0,0.0,0.0,0.0,0.0,0.0,None,0.0,0,2023-07-01,-0.4999999999999997,-0.8660254037844388,SW_monsoon,15.0,1,Meat/Egg Trade,1.0,1,Weapons/Traps,0.0,0,None
Wayamba|Galkiriyagama Beat,2023,8,Wayamba,Galkiriyagama Beat,6.0,0.0,0.0,0.0,0.0,0.0,0.0,0.0,0.0,0.0,0.0,0.0,0.0,0.0,0.0,0.0,Animal Death/Injury,6.0,1,2023-08-01,-0.8660254037844384,-0.5000000000000004,SW_monsoon,0.0,0,None,15.0,1,Meat/Egg Trade,1.0,1,Weapons/Traps
Wayamba|Galkiriyagama Beat,2023,9,Wayamba,Galkiriyagama Beat,0.0,0.0,0.0,0.0,0.0,0.0,0.0,0.0,0.0,0.0,0.0,0.0,0.0,0.0,0.0,0.0,None,0.0,0,2023-09-01,-1.0,-1.8369701987210297e-16,SW_monsoon,6.0,1,Animal Death/Injury,0.0,0,None,15.0,1,Meat/Egg Trade
Wayamba|Galkiriyagama Beat,2023,10,Wayamba,Galkiriyagama Beat,0.0,0.0,0.0,0.0,0.0,0.0,0.0,0.0,0.0,0.0,0.0,0.0,0.0,0.0,0.0,0.0,None,0.0,0,2023-10-01,-0.8660254037844386,0.5000000000000001,Inter_OctNov,0.0,0,None,6.0,1,Animal Death/Injury,0.0,0,None
Wayamba|Galkiriyagama Beat,2023,11,Wayamba,Galkiriyagama Beat,0.0,0.0,0.0,0.0,0.0,0.0,0.0,29.0,0.0,0.0,0.0,0.0,0.0,0.0,0.0,58.0,Weapons/Traps,87.0,1,2023-11-01,-0.5000000000000004,0.8660254037844384,Inter_OctNov,0.0,0,None,0.0,0,None,6.0,1,Animal Death/Injury
Wayamba|Galkiriyagama Beat,2023,12,Wayamba,Galkiriyagama Beat,0.0,0.0,0.0,0.0,0.0,0.0,0.0,0.0,0.0,0.0,0.0,0.0,0.0,0.0,0.0,3.0,Weapons/Traps,3.0,1,2023-12-01,-2.4492935982947064e-16,1.0,NE_monsoon,87.0,1,Weapons/Traps,0.0,0,None,0.0,0,None
Wayamba|Galkiriyagama Beat,2024,1,Wayamba,Galkiriyagama Beat,0.0,0.0,0.0,0.0,0.0,0.0,0.0,0.0,0.0,0.0,0.0,7.0,0.0,0.0,0.0,7.0,Meat/Egg Trade,14.0,1,2024-01-01,0.49999999999999994,0.8660254037844387,NE_monsoon,3.0,1,Weapons/Traps,87.0,1,Weapons/Traps,0.0,0,None
Wayamba|Galkiriyagama Beat,2024,2,Wayamba,Galkiriyagama Beat,0.0,0.0,0.0,0.0,0.0,0.0,0.0,0.0,0.0,0.0,0.0,2.0,0.0,0.0,0.0,1.0,Meat/Egg Trade,3.0,1,2024-02-01,0.8660254037844386,0.5000000000000001,NE_monsoon,14.0,1,Meat/Egg Trade,3.0,1,Weapons/Traps,87.0,1,Weapons/Traps
Wayamba|Galkiriyagama Beat,2024,3,Wayamba,Galkiriyagama Beat,0.0,0.0,0.0,0.0,0.0,0.0,0.0,0.0,0.0,0.0,0.0,1.0,0.0,0.0,0.0,0.0,Meat/Egg Trade,1.0,1,2024-03-01,1.0,6.123233995736766e-17,Inter_MarApr,3.0,1,Meat/Egg Trade,14.0,1,Meat/Egg Trade,3.0,1,Weapons/Traps
Wayamba|Galkiriyagama Beat,2024,4,Wayamba,Galkiriyagama Beat,0.0,0.0,0.0,0.0,0.0,4.0,0.0,0.0,0.0,0.0,0.0,0.0,0.0,0.0,0.0,0.0,Encroachment/Land,4.0,1,2024-04-01,0.8660254037844387,-0.4999999999999998,Inter_MarApr,1.0,1,Meat/Egg Trade,3.0,1,Meat/Egg Trade,14.0,1,Meat/Egg Trade
Wayamba|Galkiriyagama Beat,2024,5,Wayamba,Galkiriyagama Beat,0.0,0.0,0.0,0.0,0.0,6.0,0.0,0.0,0.0,0.0,0.0,0.0,0.0,0.0,0.0,0.0,Encroachment/Land,6.0,1,2024-05-01,0.49999999999999994,-0.8660254037844387,SW_monsoon,4.0,1,Encroachment/Land,1.0,1,Meat/Egg Trade,3.0,1,Meat/Egg Trade
Wayamba|Galkiriyagama Beat,2024,6,Wayamba,Galkiriyagama Beat,0.0,0.0,0.0,0.0,0.0,0.0,0.0,0.0,0.0,0.0,0.0,3.0,0.0,1.0,0.0,0.0,Meat/Egg Trade,4.0,1,2024-06-01,1.2246467991473532e-16,-1.0,SW_monsoon,6.0,1,Encroachment/Land,4.0,1,Encroachment/Land,1.0,1,Meat/Egg Trade
Wayamba|Galkiriyagama Beat,2024,7,Wayamba,Galkiriyagama Beat,0.0,0.0,0.0,0.0,0.0,0.0,0.0,0.0,0.0,0.0,0.0,0.0,0.0,0.0,0.0,0.0,None,0.0,0,2024-07-01,-0.4999999999999997,-0.8660254037844388,SW_monsoon,4.0,1,Meat/Egg Trade,6.0,1,Encroachment/Land,4.0,1,Encroachment/Land
Wayamba|Galkiriyagama Beat,2024,8,Wayamba,Galkiriyagama Beat,0.0,0.0,0.0,0.0,0.0,10.0,0.0,0.0,0.0,13.0,0.0,0.0,0.0,0.0,0.0,0.0,Illegal Fishing,23.0,1,2024-08-01,-0.8660254037844384,-0.5000000000000004,SW_monsoon,0.0,0,None,4.0,1,Meat/Egg Trade,6.0,1,Encroachment/Land
Wayamba|Galkiriyagama Beat,2024,9,Wayamba,Galkiriyagama Beat,0.0,0.0,0.0,0.0,0.0,0.0,0.0,0.0,0.0,0.0,0.0,0.0,0.0,0.0,0.0,0.0,None,0.0,0,2024-09-01,-1.0,-1.8369701987210297e-16,SW_monsoon,23.0,1,Illegal Fishing,0.0,0,None,4.0,1,Meat/Egg Trade
Wayamba|Galkiriyagama Beat,2024,10,Wayamba,Galkiriyagama Beat,0.0,0.0,0.0,0.0,0.0,0.0,0.0,0.0,0.0,0.0,0.0,0.0,0.0,0.0,0.0,0.0,None,0.0,0,2024-10-01,-0.8660254037844386,0.5000000000000001,Inter_OctNov,0.0,0,None,23.0,1,Illegal Fishing,0.0,0,None
Wayamba|Galkiriyagama Beat,2024,11,Wayamba,Galkiriyagama Beat,0.0,0.0,0.0,0.0,0.0,0.0,0.0,0.0,0.0,0.0,0.0,0.0,0.0,0.0,0.0,0.0,None,0.0,0,2024-11-01,-0.5000000000000004,0.8660254037844384,Inter_OctNov,0.0,0,None,0.0,0,None,23.0,1,Illegal Fishing
Wayamba|Galkiriyagama Beat,2024,12,Wayamba,Galkiriyagama Beat,0.0,0.0,0.0,0.0,0.0,0.0,0.0,0.0,0.0,0.0,0.0,0.0,0.0,0.0,0.0,0.0,None,0.0,0,2024-12-01,-2.4492935982947064e-16,1.0,NE_monsoon,0.0,0,None,0.0,0,None,0.0,0,None
Wayamba|Giribawa Beat,2022,1,Wayamba,Giribawa Beat,0.0,0.0,0.0,0.0,0.0,0.0,0.0,0.0,0.0,0.0,0.0,1.0,0.0,0.0,0.0,0.0,Meat/Egg Trade,1.0,1,2022-01-01,0.49999999999999994,0.8660254037844387,NE_monsoon,0.0,0,None,0.0,0,None,0.0,0,None
Wayamba|Giribawa Beat,2022,2,Wayamba,Giribawa Beat,0.0,0.0,0.0,0.0,0.0,0.0,0.0,0.0,0.0,0.0,0.0,0.0,0.0,0.0,0.0,0.0,None,0.0,0,2022-02-01,0.8660254037844386,0.5000000000000001,NE_monsoon,1.0,1,Meat/Egg Trade,0.0,0,None,0.0,0,None
Wayamba|Giribawa Beat,2022,3,Wayamba,Giribawa Beat,0.0,0.0,0.0,0.0,0.0,0.0,0.0,0.0,0.0,0.0,0.0,0.0,0.0,0.0,0.0,0.0,None,0.0,0,2022-03-01,1.0,6.123233995736766e-17,Inter_MarApr,0.0,0,None,1.0,1,Meat/Egg Trade,0.0,0,None
Wayamba|Giribawa Beat,2022,4,Wayamba,Giribawa Beat,0.0,0.0,0.0,0.0,0.0,0.0,0.0,0.0,0.0,0.0,0.0,0.0,0.0,0.0,0.0,0.0,None,0.0,0,2022-04-01,0.8660254037844387,-0.4999999999999998,Inter_MarApr,0.0,0,None,0.0,0,None,1.0,1,Meat/Egg Trade
Wayamba|Giribawa Beat,2022,5,Wayamba,Giribawa Beat,0.0,0.0,0.0,0.0,0.0,0.0,0.0,0.0,0.0,0.0,0.0,0.0,0.0,0.0,0.0,0.0,None,0.0,0,2022-05-01,0.49999999999999994,-0.8660254037844387,SW_monsoon,0.0,0,None,0.0,0,None,0.0,0,None
Wayamba|Giribawa Beat,2022,6,Wayamba,Giribawa Beat,0.0,0.0,0.0,0.0,0.0,0.0,0.0,0.0,0.0,0.0,0.0,0.0,0.0,0.0,0.0,0.0,None,0.0,0,2022-06-01,1.2246467991473532e-16,-1.0,SW_monsoon,0.0,0,None,0.0,0,None,0.0,0,None
Wayamba|Giribawa Beat,2022,7,Wayamba,Giribawa Beat,0.0,0.0,0.0,0.0,0.0,0.0,0.0,0.0,0.0,0.0,0.0,0.0,0.0,0.0,0.0,0.0,None,0.0,0,2022-07-01,-0.4999999999999997,-0.8660254037844388,SW_monsoon,0.0,0,None,0.0,0,None,0.0,0,None
Wayamba|Giribawa Beat,2022,8,Wayamba,Giribawa Beat,0.0,0.0,0.0,0.0,0.0,0.0,0.0,0.0,0.0,0.0,0.0,0.0,0.0,0.0,0.0,0.0,None,0.0,0,2022-08-01,-0.8660254037844384,-0.5000000000000004,SW_monsoon,0.0,0,None,0.0,0,None,0.0,0,None
Wayamba|Giribawa Beat,2022,9,Wayamba,Giribawa Beat,0.0,0.0,0.0,0.0,0.0,0.0,0.0,0.0,0.0,0.0,0.0,0.0,0.0,0.0,0.0,0.0,None,0.0,0,2022-09-01,-1.0,-1.8369701987210297e-16,SW_monsoon,0.0,0,None,0.0,0,None,0.0,0,None
Wayamba|Giribawa Beat,2022,10,Wayamba,Giribawa Beat,0.0,0.0,0.0,0.0,0.0,0.0,0.0,0.0,0.0,0.0,0.0,0.0,0.0,0.0,0.0,0.0,None,0.0,0,2022-10-01,-0.8660254037844386,0.5000000000000001,Inter_OctNov,0.0,0,None,0.0,0,None,0.0,0,None
Wayamba|Giribawa Beat,2022,11,Wayamba,Giribawa Beat,0.0,0.0,0.0,0.0,0.0,0.0,0.0,0.0,0.0,0.0,0.0,0.0,0.0,0.0,0.0,0.0,None,0.0,0,2022-11-01,-0.5000000000000004,0.8660254037844384,Inter_OctNov,0.0,0,None,0.0,0,None,0.0,0,None
Wayamba|Giribawa Beat,2022,12,Wayamba,Giribawa Beat,0.0,0.0,0.0,0.0,0.0,0.0,0.0,0.0,0.0,0.0,0.0,0.0,0.0,0.0,0.0,0.0,None,0.0,0,2022-12-01,-2.4492935982947064e-16,1.0,NE_monsoon,0.0,0,None,0.0,0,None,0.0,0,None
Wayamba|Giribawa Beat,2023,1,Wayamba,Giribawa Beat,0.0,0.0,0.0,0.0,0.0,0.0,0.0,0.0,0.0,0.0,0.0,0.0,0.0,0.0,0.0,0.0,None,0.0,0,2023-01-01,0.49999999999999994,0.8660254037844387,NE_monsoon,0.0,0,None,0.0,0,None,0.0,0,None
Wayamba|Giribawa Beat,2023,2,Wayamba,Giribawa Beat,0.0,0.0,0.0,0.0,0.0,0.0,0.0,0.0,0.0,0.0,0.0,0.0,0.0,0.0,0.0,0.0,None,0.0,0,2023-02-01,0.8660254037844386,0.5000000000000001,NE_monsoon,0.0,0,None,0.0,0,None,0.0,0,None
Wayamba|Giribawa Beat,2023,3,Wayamba,Giribawa Beat,0.0,0.0,0.0,0.0,0.0,0.0,0.0,0.0,0.0,0.0,0.0,0.0,0.0,0.0,0.0,0.0,None,0.0,0,2023-03-01,1.0,6.123233995736766e-17,Inter_MarApr,0.0,0,None,0.0,0,None,0.0,0,None
Wayamba|Giribawa Beat,2023,4,Wayamba,Giribawa Beat,0.0,0.0,0.0,0.0,0.0,0.0,0.0,0.0,0.0,0.0,0.0,0.0,0.0,0.0,0.0,0.0,None,0.0,0,2023-04-01,0.8660254037844387,-0.4999999999999998,Inter_MarApr,0.0,0,None,0.0,0,None,0.0,0,None
Wayamba|Giribawa Beat,2023,5,Wayamba,Giribawa Beat,0.0,0.0,0.0,0.0,0.0,0.0,0.0,0.0,0.0,0.0,0.0,0.0,0.0,0.0,0.0,0.0,None,0.0,0,2023-05-01,0.49999999999999994,-0.8660254037844387,SW_monsoon,0.0,0,None,0.0,0,None,0.0,0,None
Wayamba|Giribawa Beat,2023,6,Wayamba,Giribawa Beat,0.0,8.0,0.0,0.0,0.0,0.0,0.0,0.0,0.0,0.0,0.0,3.0,0.0,0.0,0.0,7.0,Animal Parts Trade,18.0,1,2023-06-01,1.2246467991473532e-16,-1.0,SW_monsoon,0.0,0,None,0.0,0,None,0.0,0,None
Wayamba|Giribawa Beat,2023,7,Wayamba,Giribawa Beat,0.0,0.0,0.0,0.0,0.0,0.0,0.0,0.0,0.0,0.0,0.0,0.0,0.0,0.0,0.0,0.0,None,0.0,0,2023-07-01,-0.4999999999999997,-0.8660254037844388,SW_monsoon,18.0,1,Animal Parts Trade,0.0,0,None,0.0,0,None
Wayamba|Giribawa Beat,2023,8,Wayamba,Giribawa Beat,0.0,0.0,0.0,0.0,0.0,0.0,0.0,0.0,0.0,0.0,0.0,18.0,0.0,0.0,0.0,22.0,Weapons/Traps,40.0,1,2023-08-01,-0.8660254037844384,-0.5000000000000004,SW_monsoon,0.0,0,None,18.0,1,Animal Parts Trade,0.0,0,None
Wayamba|Giribawa Beat,2023,9,Wayamba,Giribawa Beat,0.0,0.0,0.0,0.0,0.0,0.0,0.0,0.0,0.0,0.0,0.0,2.0,0.0,0.0,0.0,0.0,Meat/Egg Trade,2.0,1,2023-09-01,-1.0,-1.8369701987210297e-16,SW_monsoon,40.0,1,Weapons/Traps,0.0,0,None,18.0,1,Animal Parts Trade
Wayamba|Giribawa Beat,2023,10,Wayamba,Giribawa Beat,0.0,0.0,0.0,0.0,0.0,0.0,0.0,0.0,0.0,0.0,0.0,0.0,0.0,0.0,0.0,0.0,None,0.0,0,2023-10-01,-0.8660254037844386,0.5000000000000001,Inter_OctNov,2.0,1,Meat/Egg Trade,40.0,1,Weapons/Traps,0.0,0,None
Wayamba|Giribawa Beat,2023,11,Wayamba,Giribawa Beat,0.0,0.0,0.0,0.0,0.0,0.0,0.0,0.0,0.0,0.0,0.0,0.0,0.0,0.0,0.0,29.0,Weapons/Traps,29.0,1,2023-11-01,-0.5000000000000004,0.8660254037844384,Inter_OctNov,0.0,0,None,2.0,1,Meat/Egg Trade,40.0,1,Weapons/Traps
Wayamba|Giribawa Beat,2023,12,Wayamba,Giribawa Beat,1.0,0.0,0.0,0.0,0.0,0.0,0.0,0.0,0.0,0.0,0.0,0.0,0.0,0.0,0.0,7.0,Weapons/Traps,8.0,1,2023-12-01,-2.4492935982947064e-16,1.0,NE_monsoon,29.0,1,Weapons/Traps,0.0,0,None,2.0,1,Meat/Egg Trade
Wayamba|Giribawa Beat,2024,1,Wayamba,Giribawa Beat,0.0,0.0,0.0,0.0,0.0,0.0,0.0,0.0,0.0,0.0,0.0,0.0,0.0,34.0,0.0,11.0,Weapons/Traps,45.0,1,2024-01-01,0.49999999999999994,0.8660254037844387,NE_monsoon,8.0,1,Weapons/Traps,29.0,1,Weapons/Traps,0.0,0,None
Wayamba|Giribawa Beat,2024,2,Wayamba,Giribawa Beat,0.0,0.0,0.0,0.0,0.0,0.0,0.0,0.0,0.0,0.0,0.0,0.0,0.0,8.0,0.0,0.0,Other,8.0,1,2024-02-01,0.8660254037844386,0.5000000000000001,NE_monsoon,45.0,1,Weapons/Traps,8.0,1,Weapons/Traps,29.0,1,Weapons/Traps
Wayamba|Giribawa Beat,2024,3,Wayamba,Giribawa Beat,0.0,0.0,0.0,0.0,0.0,0.0,0.0,0.0,0.0,0.0,0.0,0.0,0.0,0.0,0.0,0.0,None,0.0,0,2024-03-01,1.0,6.123233995736766e-17,Inter_MarApr,8.0,1,Other,45.0,1,Weapons/Traps,8.0,1,Weapons/Traps
Wayamba|Giribawa Beat,2024,4,Wayamba,Giribawa Beat,0.0,0.0,0.0,0.0,0.0,0.0,0.0,0.0,0.0,0.0,0.0,0.0,0.0,6.0,0.0,0.0,Other,6.0,1,2024-04-01,0.8660254037844387,-0.4999999999999998,Inter_MarApr,0.0,0,None,8.0,1,Other,45.0,1,Weapons/Traps
Wayamba|Giribawa Beat,2024,5,Wayamba,Giribawa Beat,0.0,0.0,0.0,0.0,0.0,0.0,0.0,0.0,0.0,0.0,0.0,0.0,0.0,0.0,0.0,0.0,None,0.0,0,2024-05-01,0.49999999999999994,-0.8660254037844387,SW_monsoon,6.0,1,Other,0.0,0,None,8.0,1,Other
Wayamba|Giribawa Beat,2024,6,Wayamba,Giribawa Beat,0.0,0.0,0.0,0.0,0.0,0.0,0.0,0.0,0.0,0.0,0.0,0.0,0.0,0.0,0.0,0.0,None,0.0,0,2024-06-01,1.2246467991473532e-16,-1.0,SW_monsoon,0.0,0,None,6.0,1,Other,0.0,0,None
Wayamba|Giribawa Beat,2024,7,Wayamba,Giribawa Beat,0.0,0.0,0.0,0.0,0.0,0.0,0.0,0.0,0.0,0.0,0.0,0.0,0.0,0.0,0.0,0.0,None,0.0,0,2024-07-01,-0.4999999999999997,-0.8660254037844388,SW_monsoon,0.0,0,None,0.0,0,None,6.0,1,Other
Wayamba|Giribawa Beat,2024,8,Wayamba,Giribawa Beat,0.0,0.0,0.0,0.0,0.0,0.0,0.0,0.0,0.0,0.0,0.0,6.0,0.0,0.0,0.0,0.0,Meat/Egg Trade,6.0,1,2024-08-01,-0.8660254037844384,-0.5000000000000004,SW_monsoon,0.0,0,None,0.0,0,None,0.0,0,None
Wayamba|Giribawa Beat,2024,9,Wayamba,Giribawa Beat,0.0,0.0,0.0,0.0,0.0,0.0,0.0,0.0,0.0,0.0,0.0,0.0,0.0,0.0,0.0,0.0,None,0.0,0,2024-09-01,-1.0,-1.8369701987210297e-16,SW_monsoon,6.0,1,Meat/Egg Trade,0.0,0,None,0.0,0,None
Wayamba|Giribawa Beat,2024,10,Wayamba,Giribawa Beat,0.0,0.0,0.0,0.0,0.0,0.0,0.0,0.0,0.0,0.0,0.0,0.0,0.0,0.0,0.0,0.0,None,0.0,0,2024-10-01,-0.8660254037844386,0.5000000000000001,Inter_OctNov,0.0,0,None,6.0,1,Meat/Egg Trade,0.0,0,None
Wayamba|Giribawa Beat,2024,11,Wayamba,Giribawa Beat,0.0,0.0,0.0,0.0,0.0,0.0,0.0,0.0,0.0,0.0,0.0,0.0,0.0,0.0,0.0,0.0,None,0.0,0,2024-11-01,-0.5000000000000004,0.8660254037844384,Inter_OctNov,0.0,0,None,0.0,0,None,6.0,1,Meat/Egg Trade
Wayamba|Giribawa Beat,2024,12,Wayamba,Giribawa Beat,0.0,0.0,0.0,0.0,0.0,0.0,0.0,0.0,0.0,0.0,0.0,0.0,0.0,0.0,0.0,0.0,None,0.0,0,2024-12-01,-2.4492935982947064e-16,1.0,NE_monsoon,0.0,0,None,0.0,0,None,0.0,0,None
Wayamba|Herathgama Range,2022,1,Wayamba,Herathgama Range,0.0,0.0,0.0,0.0,0.0,0.0,0.0,0.0,0.0,0.0,0.0,0.0,0.0,0.0,0.0,0.0,None,0.0,0,2022-01-01,0.49999999999999994,0.8660254037844387,NE_monsoon,0.0,0,None,0.0,0,None,0.0,0,None
Wayamba|Herathgama Range,2022,2,Wayamba,Herathgama Range,0.0,0.0,0.0,0.0,0.0,0.0,0.0,24.0,0.0,0.0,25.0,0.0,0.0,0.0,0.0,0.0,Illegal Logging,49.0,1,2022-02-01,0.8660254037844386,0.5000000000000001,NE_monsoon,0.0,0,None,0.0,0,None,0.0,0,None
Wayamba|Herathgama Range,2022,3,Wayamba,Herathgama Range,0.0,0.0,0.0,0.0,0.0,0.0,0.0,43.0,0.0,0.0,0.0,0.0,0.0,0.0,0.0,0.0,Hunting/Killing,43.0,1,2022-03-01,1.0,6.123233995736766e-17,Inter_MarApr,49.0,1,Illegal Logging,0.0,0,None,0.0,0,None
Wayamba|Herathgama Range,2022,4,Wayamba,Herathgama Range,0.0,0.0,0.0,0.0,0.0,0.0,0.0,0.0,0.0,0.0,0.0,0.0,0.0,0.0,0.0,0.0,None,0.0,0,2022-04-01,0.8660254037844387,-0.4999999999999998,Inter_MarApr,43.0,1,Hunting/Killing,49.0,1,Illegal Logging,0.0,0,None
Wayamba|Herathgama Range,2022,5,Wayamba,Herathgama Range,0.0,0.0,0.0,0.0,0.0,0.0,0.0,0.0,0.0,0.0,0.0,0.0,0.0,0.0,0.0,0.0,None,0.0,0,2022-05-01,0.49999999999999994,-0.8660254037844387,SW_monsoon,0.0,0,None,43.0,1,Hunting/Killing,49.0,1,Illegal Logging
Wayamba|Herathgama Range,2022,6,Wayamba,Herathgama Range,0.0,0.0,0.0,0.0,0.0,0.0,0.0,0.0,0.0,0.0,0.0,0.0,0.0,0.0,0.0,0.0,None,0.0,0,2022-06-01,1.2246467991473532e-16,-1.0,SW_monsoon,0.0,0,None,0.0,0,None,43.0,1,Hunting/Killing
Wayamba|Herathgama Range,2022,7,Wayamba,Herathgama Range,0.0,0.0,0.0,0.0,0.0,0.0,0.0,0.0,0.0,0.0,0.0,0.0,0.0,0.0,0.0,0.0,None,0.0,0,2022-07-01,-0.4999999999999997,-0.8660254037844388,SW_monsoon,0.0,0,None,0.0,0,None,0.0,0,None
Wayamba|Herathgama Range,2022,8,Wayamba,Herathgama Range,0.0,0.0,0.0,0.0,0.0,0.0,0.0,0.0,0.0,0.0,0.0,0.0,0.0,0.0,0.0,0.0,None,0.0,0,2022-08-01,-0.8660254037844384,-0.5000000000000004,SW_monsoon,0.0,0,None,0.0,0,None,0.0,0,None
Wayamba|Herathgama Range,2022,9,Wayamba,Herathgama Range,0.0,0.0,0.0,0.0,0.0,0.0,0.0,0.0,0.0,0.0,0.0,0.0,0.0,0.0,0.0,0.0,None,0.0,0,2022-09-01,-1.0,-1.8369701987210297e-16,SW_monsoon,0.0,0,None,0.0,0,None,0.0,0,None
Wayamba|Herathgama Range,2022,10,Wayamba,Herathgama Range,0.0,0.0,0.0,0.0,0.0,0.0,0.0,0.0,0.0,0.0,0.0,0.0,0.0,0.0,0.0,0.0,None,0.0,0,2022-10-01,-0.8660254037844386,0.5000000000000001,Inter_OctNov,0.0,0,None,0.0,0,None,0.0,0,None
Wayamba|Herathgama Range,2022,11,Wayamba,Herathgama Range,0.0,0.0,0.0,0.0,0.0,0.0,0.0,0.0,0.0,0.0,0.0,0.0,0.0,0.0,0.0,0.0,None,0.0,0,2022-11-01,-0.5000000000000004,0.8660254037844384,Inter_OctNov,0.0,0,None,0.0,0,None,0.0,0,None
Wayamba|Herathgama Range,2022,12,Wayamba,Herathgama Range,0.0,0.0,0.0,0.0,0.0,0.0,0.0,0.0,0.0,0.0,0.0,0.0,0.0,0.0,0.0,0.0,None,0.0,0,2022-12-01,-2.4492935982947064e-16,1.0,NE_monsoon,0.0,0,None,0.0,0,None,0.0,0,None
Wayamba|Herathgama Range,2023,1,Wayamba,Herathgama Range,0.0,0.0,0.0,0.0,0.0,0.0,0.0,0.0,0.0,0.0,0.0,0.0,0.0,0.0,0.0,0.0,None,0.0,0,2023-01-01,0.49999999999999994,0.8660254037844387,NE_monsoon,0.0,0,None,0.0,0,None,0.0,0,None
Wayamba|Herathgama Range,2023,2,Wayamba,Herathgama Range,0.0,0.0,0.0,0.0,0.0,0.0,0.0,0.0,0.0,0.0,0.0,0.0,0.0,0.0,0.0,0.0,None,0.0,0,2023-02-01,0.8660254037844386,0.5000000000000001,NE_monsoon,0.0,0,None,0.0,0,None,0.0,0,None
Wayamba|Herathgama Range,2023,3,Wayamba,Herathgama Range,0.0,0.0,0.0,0.0,0.0,0.0,0.0,0.0,0.0,0.0,0.0,0.0,0.0,0.0,0.0,10.0,Weapons/Traps,10.0,1,2023-03-01,1.0,6.123233995736766e-17,Inter_MarApr,0.0,0,None,0.0,0,None,0.0,0,None
Wayamba|Herathgama Range,2023,4,Wayamba,Herathgama Range,0.0,0.0,0.0,0.0,0.0,0.0,0.0,0.0,0.0,0.0,0.0,0.0,0.0,0.0,0.0,0.0,None,0.0,0,2023-04-01,0.8660254037844387,-0.4999999999999998,Inter_MarApr,10.0,1,Weapons/Traps,0.0,0,None,0.0,0,None
Wayamba|Herathgama Range,2023,5,Wayamba,Herathgama Range,0.0,0.0,0.0,0.0,0.0,0.0,0.0,0.0,0.0,0.0,2.0,0.0,0.0,0.0,0.0,3.0,Weapons/Traps,5.0,1,2023-05-01,0.49999999999999994,-0.8660254037844387,SW_monsoon,0.0,0,None,10.0,1,Weapons/Traps,0.0,0,None
Wayamba|Herathgama Range,2023,6,Wayamba,Herathgama Range,0.0,0.0,0.0,0.0,0.0,0.0,0.0,0.0,0.0,0.0,2.0,0.0,0.0,0.0,0.0,0.0,Illegal Logging,2.0,1,2023-06-01,1.2246467991473532e-16,-1.0,SW_monsoon,5.0,1,Weapons/Traps,0.0,0,None,10.0,1,Weapons/Traps
Wayamba|Herathgama Range,2023,7,Wayamba,Herathgama Range,0.0,0.0,0.0,0.0,0.0,0.0,0.0,0.0,0.0,0.0,0.0,0.0,0.0,0.0,0.0,0.0,None,0.0,0,2023-07-01,-0.4999999999999997,-0.8660254037844388,SW_monsoon,2.0,1,Illegal Logging,5.0,1,Weapons/Traps,0.0,0,None
Wayamba|Herathgama Range,2023,8,Wayamba,Herathgama Range,0.0,0.0,0.0,0.0,0.0,0.0,9.0,21.0,0.0,0.0,0.0,10.0,0.0,0.0,0.0,0.0,Hunting/Killing,40.0,1,2023-08-01,-0.8660254037844384,-0.5000000000000004,SW_monsoon,0.0,0,None,2.0,1,Illegal Logging,5.0,1,Weapons/Traps
Wayamba|Herathgama Range,2023,9,Wayamba,Herathgama Range,0.0,0.0,0.0,0.0,0.0,0.0,0.0,0.0,0.0,0.0,17.0,12.0,0.0,7.0,0.0,5.0,Illegal Logging,41.0,1,2023-09-01,-1.0,-1.8369701987210297e-16,SW_monsoon,40.0,1,Hunting/Killing,0.0,0,None,2.0,1,Illegal Logging
Wayamba|Herathgama Range,2023,10,Wayamba,Herathgama Range,0.0,0.0,0.0,0.0,0.0,0.0,0.0,0.0,0.0,0.0,0.0,0.0,0.0,0.0,0.0,0.0,None,0.0,0,2023-10-01,-0.8660254037844386,0.5000000000000001,Inter_OctNov,41.0,1,Illegal Logging,40.0,1,Hunting/Killing,0.0,0,None
Wayamba|Herathgama Range,2023,11,Wayamba,Herathgama Range,0.0,0.0,0.0,0.0,0.0,0.0,0.0,0.0,0.0,36.0,0.0,19.0,0.0,0.0,0.0,19.0,Illegal Fishing,74.0,1,2023-11-01,-0.5000000000000004,0.8660254037844384,Inter_OctNov,0.0,0,None,41.0,1,Illegal Logging,40.0,1,Hunting/Killing
Wayamba|Herathgama Range,2023,12,Wayamba,Herathgama Range,0.0,0.0,0.0,0.0,0.0,0.0,0.0,4.0,0.0,0.0,0.0,0.0,0.0,0.0,0.0,2.0,Hunting/Killing,6.0,1,2023-12-01,-2.4492935982947064e-16,1.0,NE_monsoon,74.0,1,Illegal Fishing,0.0,0,None,41.0,1,Illegal Logging
Wayamba|Herathgama Range,2024,1,Wayamba,Herathgama Range,0.0,0.0,0.0,0.0,0.0,0.0,0.0,0.0,0.0,0.0,1.0,0.0,0.0,0.0,0.0,29.0,Weapons/Traps,30.0,1,2024-01-01,0.49999999999999994,0.8660254037844387,NE_monsoon,6.0,1,Hunting/Killing,74.0,1,Illegal Fishing,0.0,0,None
Wayamba|Herathgama Range,2024,2,Wayamba,Herathgama Range,0.0,0.0,0.0,0.0,0.0,0.0,0.0,0.0,0.0,0.0,4.0,0.0,0.0,8.0,0.0,0.0,Illegal Logging,12.0,1,2024-02-01,0.8660254037844386,0.5000000000000001,NE_monsoon,30.0,1,Weapons/Traps,6.0,1,Hunting/Killing,74.0,1,Illegal Fishing
Wayamba|Herathgama Range,2024,3,Wayamba,Herathgama Range,0.0,0.0,0.0,0.0,0.0,5.0,0.0,0.0,0.0,0.0,0.0,0.0,4.0,0.0,0.0,5.0,Encroachment/Land,14.0,1,2024-03-01,1.0,6.123233995736766e-17,Inter_MarApr,12.0,1,Illegal Logging,30.0,1,Weapons/Traps,6.0,1,Hunting/Killing
Wayamba|Herathgama Range,2024,4,Wayamba,Herathgama Range,0.0,0.0,0.0,0.0,0.0,0.0,0.0,0.0,0.0,5.0,0.0,0.0,0.0,0.0,0.0,0.0,Illegal Fishing,5.0,1,2024-04-01,0.8660254037844387,-0.4999999999999998,Inter_MarApr,14.0,1,Encroachment/Land,12.0,1,Illegal Logging,30.0,1,Weapons/Traps
Wayamba|Herathgama Range,2024,5,Wayamba,Herathgama Range,0.0,0.0,0.0,0.0,0.0,0.0,0.0,0.0,0.0,0.0,0.0,0.0,0.0,0.0,0.0,0.0,None,0.0,0,2024-05-01,0.49999999999999994,-0.8660254037844387,SW_monsoon,5.0,1,Illegal Fishing,14.0,1,Encroachment/Land,12.0,1,Illegal Logging
Wayamba|Herathgama Range,2024,6,Wayamba,Herathgama Range,0.0,0.0,0.0,0.0,0.0,0.0,0.0,0.0,0.0,0.0,0.0,0.0,0.0,0.0,0.0,0.0,None,0.0,0,2024-06-01,1.2246467991473532e-16,-1.0,SW_monsoon,0.0,0,None,5.0,1,Illegal Fishing,14.0,1,Encroachment/Land
Wayamba|Herathgama Range,2024,7,Wayamba,Herathgama Range,0.0,0.0,0.0,0.0,0.0,7.0,0.0,0.0,0.0,0.0,0.0,0.0,0.0,0.0,0.0,0.0,Encroachment/Land,7.0,1,2024-07-01,-0.4999999999999997,-0.8660254037844388,SW_monsoon,0.0,0,None,0.0,0,None,5.0,1,Illegal Fishing
Wayamba|Herathgama Range,2024,8,Wayamba,Herathgama Range,0.0,0.0,0.0,0.0,0.0,0.0,0.0,0.0,0.0,0.0,0.0,0.0,0.0,0.0,0.0,0.0,None,0.0,0,2024-08-01,-0.8660254037844384,-0.5000000000000004,SW_monsoon,7.0,1,Encroachment/Land,0.0,0,None,0.0,0,None
Wayamba|Herathgama Range,2024,9,Wayamba,Herathgama Range,0.0,0.0,0.0,0.0,0.0,0.0,0.0,3.0,0.0,0.0,4.0,8.0,0.0,21.0,0.0,0.0,Meat/Egg Trade,36.0,1,2024-09-01,-1.0,-1.8369701987210297e-16,SW_monsoon,0.0,0,None,7.0,1,Encroachment/Land,0.0,0,None
Wayamba|Herathgama Range,2024,10,Wayamba,Herathgama Range,0.0,0.0,0.0,0.0,0.0,0.0,0.0,0.0,0.0,0.0,0.0,0.0,0.0,0.0,0.0,0.0,None,0.0,0,2024-10-01,-0.8660254037844386,0.5000000000000001,Inter_OctNov,36.0,1,Meat/Egg Trade,0.0,0,None,7.0,1,Encroachment/Land
Wayamba|Herathgama Range,2024,11,Wayamba,Herathgama Range,0.0,0.0,0.0,0.0,0.0,0.0,0.0,0.0,0.0,0.0,0.0,0.0,0.0,0.0,0.0,0.0,None,0.0,0,2024-11-01,-0.5000000000000004,0.8660254037844384,Inter_OctNov,0.0,0,None,36.0,1,Meat/Egg Trade,0.0,0,None
Wayamba|Herathgama Range,2024,12,Wayamba,Herathgama Range,0.0,0.0,0.0,0.0,0.0,0.0,0.0,0.0,0.0,0.0,5.0,7.0,0.0,0.0,0.0,3.0,Meat/Egg Trade,15.0,1,2024-12-01,-2.4492935982947064e-16,1.0,NE_monsoon,0.0,0,None,0.0,0,None,36.0,1,Meat/Egg Trade
Wayamba|Meegalewa Range,2022,1,Wayamba,Meegalewa Range,0.0,0.0,0.0,0.0,0.0,0.0,0.0,0.0,0.0,0.0,0.0,0.0,0.0,0.0,0.0,0.0,None,0.0,0,2022-01-01,0.49999999999999994,0.8660254037844387,NE_monsoon,0.0,0,None,0.0,0,None,0.0,0,None
Wayamba|Meegalewa Range,2022,2,Wayamba,Meegalewa Range,0.0,0.0,0.0,0.0,0.0,0.0,0.0,0.0,0.0,0.0,0.0,0.0,0.0,22.0,0.0,0.0,Other,22.0,1,2022-02-01,0.8660254037844386,0.5000000000000001,NE_monsoon,0.0,0,None,0.0,0,None,0.0,0,None
Wayamba|Meegalewa Range,2022,3,Wayamba,Meegalewa Range,0.0,0.0,0.0,0.0,0.0,0.0,0.0,0.0,0.0,0.0,0.0,41.0,0.0,0.0,0.0,46.0,Weapons/Traps,87.0,1,2022-03-01,1.0,6.123233995736766e-17,Inter_MarApr,22.0,1,Other,0.0,0,None,0.0,0,None
Wayamba|Meegalewa Range,2022,4,Wayamba,Meegalewa Range,0.0,0.0,0.0,0.0,0.0,0.0,0.0,0.0,0.0,0.0,0.0,0.0,0.0,0.0,0.0,48.0,Weapons/Traps,48.0,1,2022-04-01,0.8660254037844387,-0.4999999999999998,Inter_MarApr,87.0,1,Weapons/Traps,22.0,1,Other,0.0,0,None
Wayamba|Meegalewa Range,2022,5,Wayamba,Meegalewa Range,0.0,0.0,0.0,0.0,0.0,0.0,0.0,0.0,0.0,0.0,0.0,0.0,0.0,0.0,0.0,0.0,None,0.0,0,2022-05-01,0.49999999999999994,-0.8660254037844387,SW_monsoon,48.0,1,Weapons/Traps,87.0,1,Weapons/Traps,22.0,1,Other
Wayamba|Meegalewa Range,2022,6,Wayamba,Meegalewa Range,0.0,0.0,0.0,0.0,0.0,0.0,0.0,0.0,0.0,0.0,0.0,0.0,0.0,0.0,0.0,0.0,None,0.0,0,2022-06-01,1.2246467991473532e-16,-1.0,SW_monsoon,0.0,0,None,48.0,1,Weapons/Traps,87.0,1,Weapons/Traps
Wayamba|Meegalewa Range,2022,7,Wayamba,Meegalewa Range,0.0,0.0,0.0,0.0,0.0,0.0,0.0,0.0,0.0,0.0,0.0,0.0,0.0,0.0,0.0,0.0,None,0.0,0,2022-07-01,-0.4999999999999997,-0.8660254037844388,SW_monsoon,0.0,0,None,0.0,0,None,48.0,1,Weapons/Traps
Wayamba|Meegalewa Range,2022,8,Wayamba,Meegalewa Range,0.0,0.0,0.0,0.0,0.0,0.0,0.0,0.0,0.0,0.0,0.0,0.0,0.0,0.0,0.0,0.0,None,0.0,0,2022-08-01,-0.8660254037844384,-0.5000000000000004,SW_monsoon,0.0,0,None,0.0,0,None,0.0,0,None
Wayamba|Meegalewa Range,2022,9,Wayamba,Meegalewa Range,0.0,0.0,0.0,0.0,0.0,0.0,0.0,0.0,0.0,0.0,0.0,0.0,0.0,0.0,0.0,0.0,None,0.0,0,2022-09-01,-1.0,-1.8369701987210297e-16,SW_monsoon,0.0,0,None,0.0,0,None,0.0,0,None
Wayamba|Meegalewa Range,2022,10,Wayamba,Meegalewa Range,0.0,0.0,0.0,0.0,0.0,0.0,0.0,0.0,0.0,0.0,0.0,0.0,0.0,0.0,0.0,0.0,None,0.0,0,2022-10-01,-0.8660254037844386,0.5000000000000001,Inter_OctNov,0.0,0,None,0.0,0,None,0.0,0,None
Wayamba|Meegalewa Range,2022,11,Wayamba,Meegalewa Range,0.0,0.0,0.0,0.0,0.0,0.0,0.0,0.0,0.0,0.0,0.0,0.0,0.0,0.0,0.0,0.0,None,0.0,0,2022-11-01,-0.5000000000000004,0.8660254037844384,Inter_OctNov,0.0,0,None,0.0,0,None,0.0,0,None
Wayamba|Meegalewa Range,2022,12,Wayamba,Meegalewa Range,0.0,0.0,0.0,0.0,0.0,0.0,0.0,0.0,0.0,0.0,0.0,0.0,0.0,0.0,0.0,0.0,None,0.0,0,2022-12-01,-2.4492935982947064e-16,1.0,NE_monsoon,0.0,0,None,0.0,0,None,0.0,0,None
Wayamba|Meegalewa Range,2023,1,Wayamba,Meegalewa Range,0.0,0.0,0.0,0.0,0.0,0.0,0.0,0.0,0.0,0.0,0.0,0.0,0.0,0.0,0.0,0.0,None,0.0,0,2023-01-01,0.49999999999999994,0.8660254037844387,NE_monsoon,0.0,0,None,0.0,0,None,0.0,0,None
Wayamba|Meegalewa Range,2023,2,Wayamba,Meegalewa Range,0.0,0.0,0.0,0.0,0.0,0.0,0.0,0.0,0.0,0.0,0.0,0.0,0.0,0.0,0.0,1.0,Weapons/Traps,1.0,1,2023-02-01,0.8660254037844386,0.5000000000000001,NE_monsoon,0.0,0,None,0.0,0,None,0.0,0,None
Wayamba|Meegalewa Range,2023,3,Wayamba,Meegalewa Range,0.0,0.0,0.0,0.0,0.0,0.0,0.0,0.0,0.0,0.0,0.0,0.0,0.0,0.0,0.0,14.0,Weapons/Traps,14.0,1,2023-03-01,1.0,6.123233995736766e-17,Inter_MarApr,1.0,1,Weapons/Traps,0.0,0,None,0.0,0,None
Wayamba|Meegalewa Range,2023,4,Wayamba,Meegalewa Range,0.0,0.0,0.0,0.0,0.0,0.0,0.0,0.0,0.0,0.0,0.0,0.0,0.0,0.0,0.0,44.0,Weapons/Traps,44.0,1,2023-04-01,0.8660254037844387,-0.4999999999999998,Inter_MarApr,14.0,1,Weapons/Traps,1.0,1,Weapons/Traps,0.0,0,None
Wayamba|Meegalewa Range,2023,5,Wayamba,Meegalewa Range,0.0,0.0,0.0,0.0,0.0,0.0,0.0,0.0,0.0,0.0,0.0,0.0,0.0,0.0,0.0,0.0,None,0.0,0,2023-05-01,0.49999999999999994,-0.8660254037844387,SW_monsoon,44.0,1,Weapons/Traps,14.0,1,Weapons/Traps,1.0,1,Weapons/Traps
Wayamba|Meegalewa Range,2023,6,Wayamba,Meegalewa Range,0.0,0.0,0.0,0.0,0.0,0.0,0.0,0.0,0.0,0.0,0.0,0.0,0.0,0.0,0.0,20.0,Weapons/Traps,20.0,1,2023-06-01,1.2246467991473532e-16,-1.0,SW_monsoon,0.0,0,None,44.0,1,Weapons/Traps,14.0,1,Weapons/Traps
Wayamba|Meegalewa Range,2023,7,Wayamba,Meegalewa Range,0.0,0.0,0.0,0.0,0.0,0.0,0.0,0.0,0.0,0.0,0.0,0.0,0.0,0.0,0.0,0.0,None,0.0,0,2023-07-01,-0.4999999999999997,-0.8660254037844388,SW_monsoon,20.0,1,Weapons/Traps,0.0,0,None,44.0,1,Weapons/Traps
Wayamba|Meegalewa Range,2023,8,Wayamba,Meegalewa Range,0.0,0.0,0.0,0.0,0.0,0.0,0.0,0.0,0.0,0.0,0.0,19.0,0.0,0.0,0.0,25.0,Weapons/Traps,44.0,1,2023-08-01,-0.8660254037844384,-0.5000000000000004,SW_monsoon,0.0,0,None,20.0,1,Weapons/Traps,0.0,0,None
Wayamba|Meegalewa Range,2023,9,Wayamba,Meegalewa Range,0.0,0.0,0.0,0.0,0.0,0.0,0.0,0.0,0.0,10.0,0.0,0.0,0.0,0.0,0.0,6.0,Illegal Fishing,16.0,1,2023-09-01,-1.0,-1.8369701987210297e-16,SW_monsoon,44.0,1,Weapons/Traps,0.0,0,None,20.0,1,Weapons/Traps
Wayamba|Meegalewa Range,2023,10,Wayamba,Meegalewa Range,0.0,0.0,0.0,0.0,0.0,0.0,0.0,0.0,0.0,0.0,0.0,0.0,0.0,0.0,0.0,0.0,None,0.0,0,2023-10-01,-0.8660254037844386,0.5000000000000001,Inter_OctNov,16.0,1,Illegal Fishing,44.0,1,Weapons/Traps,0.0,0,None
Wayamba|Meegalewa Range,2023,11,Wayamba,Meegalewa Range,0.0,0.0,0.0,0.0,0.0,0.0,0.0,0.0,0.0,0.0,0.0,0.0,0.0,0.0,0.0,0.0,None,0.0,0,2023-11-01,-0.5000000000000004,0.8660254037844384,Inter_OctNov,0.0,0,None,16.0,1,Illegal Fishing,44.0,1,Weapons/Traps
Wayamba|Meegalewa Range,2023,12,Wayamba,Meegalewa Range,0.0,0.0,0.0,0.0,0.0,0.0,0.0,0.0,0.0,0.0,0.0,11.0,0.0,0.0,0.0,0.0,Meat/Egg Trade,11.0,1,2023-12-01,-2.4492935982947064e-16,1.0,NE_monsoon,0.0,0,None,0.0,0,None,16.0,1,Illegal Fishing
Wayamba|Meegalewa Range,2024,1,Wayamba,Meegalewa Range,0.0,0.0,0.0,0.0,0.0,0.0,0.0,0.0,0.0,0.0,0.0,21.0,0.0,10.0,0.0,34.0,Weapons/Traps,65.0,1,2024-01-01,0.49999999999999994,0.8660254037844387,NE_monsoon,11.0,1,Meat/Egg Trade,0.0,0,None,0.0,0,None
Wayamba|Meegalewa Range,2024,2,Wayamba,Meegalewa Range,0.0,0.0,0.0,0.0,0.0,0.0,0.0,0.0,0.0,0.0,7.0,0.0,0.0,0.0,0.0,6.0,Illegal Logging,13.0,1,2024-02-01,0.8660254037844386,0.5000000000000001,NE_monsoon,65.0,1,Weapons/Traps,11.0,1,Meat/Egg Trade,0.0,0,None
Wayamba|Meegalewa Range,2024,3,Wayamba,Meegalewa Range,0.0,0.0,0.0,0.0,0.0,0.0,0.0,0.0,0.0,0.0,0.0,0.0,0.0,0.0,0.0,0.0,None,0.0,0,2024-03-01,1.0,6.123233995736766e-17,Inter_MarApr,13.0,1,Illegal Logging,65.0,1,Weapons/Traps,11.0,1,Meat/Egg Trade
Wayamba|Meegalewa Range,2024,4,Wayamba,Meegalewa Range,0.0,0.0,1.0,0.0,0.0,0.0,0.0,0.0,0.0,0.0,0.0,0.0,0.0,0.0,0.0,20.0,Weapons/Traps,21.0,1,2024-04-01,0.8660254037844387,-0.4999999999999998,Inter_MarApr,0.0,0,None,13.0,1,Illegal Logging,65.0,1,Weapons/Traps
Wayamba|Meegalewa Range,2024,5,Wayamba,Meegalewa Range,0.0,0.0,0.0,0.0,0.0,0.0,0.0,0.0,0.0,0.0,0.0,0.0,0.0,0.0,0.0,0.0,None,0.0,0,2024-05-01,0.49999999999999994,-0.8660254037844387,SW_monsoon,21.0,1,Weapons/Traps,0.0,0,None,13.0,1,Illegal Logging
Wayamba|Meegalewa Range,2024,6,Wayamba,Meegalewa Range,0.0,0.0,0.0,0.0,0.0,0.0,0.0,0.0,0.0,0.0,0.0,2.0,0.0,0.0,0.0,0.0,Meat/Egg Trade,2.0,1,2024-06-01,1.2246467991473532e-16,-1.0,SW_monsoon,0.0,0,None,21.0,1,Weapons/Traps,0.0,0,None
Wayamba|Meegalewa Range,2024,7,Wayamba,Meegalewa Range,0.0,0.0,0.0,0.0,0.0,0.0,0.0,0.0,0.0,0.0,0.0,0.0,0.0,0.0,0.0,0.0,None,0.0,0,2024-07-01,-0.4999999999999997,-0.8660254037844388,SW_monsoon,2.0,1,Meat/Egg Trade,0.0,0,None,21.0,1,Weapons/Traps
Wayamba|Meegalewa Range,2024,8,Wayamba,Meegalewa Range,0.0,0.0,0.0,0.0,0.0,0.0,0.0,0.0,0.0,9.0,0.0,0.0,0.0,0.0,0.0,0.0,Illegal Fishing,9.0,1,2024-08-01,-0.8660254037844384,-0.5000000000000004,SW_monsoon,0.0,0,None,2.0,1,Meat/Egg Trade,0.0,0,None
Wayamba|Meegalewa Range,2024,9,Wayamba,Meegalewa Range,0.0,0.0,0.0,0.0,0.0,0.0,0.0,0.0,0.0,0.0,11.0,9.0,0.0,0.0,0.0,10.0,Illegal Logging,30.0,1,2024-09-01,-1.0,-1.8369701987210297e-16,SW_monsoon,9.0,1,Illegal Fishing,0.0,0,None,2.0,1,Meat/Egg Trade
Wayamba|Meegalewa Range,2024,10,Wayamba,Meegalewa Range,0.0,0.0,0.0,0.0,0.0,0.0,0.0,0.0,0.0,0.0,0.0,0.0,0.0,0.0,0.0,0.0,None,0.0,0,2024-10-01,-0.8660254037844386,0.5000000000000001,Inter_OctNov,30.0,1,Illegal Logging,9.0,1,Illegal Fishing,0.0,0,None
Wayamba|Meegalewa Range,2024,11,Wayamba,Meegalewa Range,0.0,0.0,0.0,0.0,0.0,0.0,0.0,0.0,0.0,0.0,0.0,0.0,0.0,0.0,0.0,0.0,None,0.0,0,2024-11-01,-0.5000000000000004,0.8660254037844384,Inter_OctNov,0.0,0,None,30.0,1,Illegal Logging,9.0,1,Illegal Fishing
Wayamba|Meegalewa Range,2024,12,Wayamba,Meegalewa Range,0.0,0.0,0.0,0.0,0.0,0.0,0.0,0.0,0.0,0.0,0.0,0.0,0.0,0.0,0.0,0.0,None,0.0,0,2024-12-01,-2.4492935982947064e-16,1.0,NE_monsoon,0.0,0,None,0.0,0,None,30.0,1,Illegal Logging
Wayamba|Nikaweratiya Range,2022,1,Wayamba,Nikaweratiya Range,0.0,0.0,0.0,0.0,0.0,0.0,0.0,0.0,0.0,0.0,0.0,0.0,0.0,0.0,0.0,0.0,None,0.0,0,2022-01-01,0.49999999999999994,0.8660254037844387,NE_monsoon,0.0,0,None,0.0,0,None,0.0,0,None
Wayamba|Nikaweratiya Range,2022,2,Wayamba,Nikaweratiya Range,0.0,0.0,0.0,0.0,0.0,0.0,0.0,0.0,0.0,0.0,0.0,0.0,0.0,0.0,0.0,0.0,None,0.0,0,2022-02-01,0.8660254037844386,0.5000000000000001,NE_monsoon,0.0,0,None,0.0,0,None,0.0,0,None
Wayamba|Nikaweratiya Range,2022,3,Wayamba,Nikaweratiya Range,0.0,0.0,0.0,0.0,0.0,0.0,0.0,0.0,0.0,0.0,0.0,0.0,0.0,0.0,0.0,0.0,None,0.0,0,2022-03-01,1.0,6.123233995736766e-17,Inter_MarApr,0.0,0,None,0.0,0,None,0.0,0,None
Wayamba|Nikaweratiya Range,2022,4,Wayamba,Nikaweratiya Range,0.0,0.0,0.0,0.0,0.0,0.0,0.0,0.0,0.0,0.0,0.0,0.0,0.0,0.0,0.0,0.0,None,0.0,0,2022-04-01,0.8660254037844387,-0.4999999999999998,Inter_MarApr,0.0,0,None,0.0,0,None,0.0,0,None
Wayamba|Nikaweratiya Range,2022,5,Wayamba,Nikaweratiya Range,0.0,0.0,0.0,0.0,0.0,0.0,0.0,0.0,0.0,0.0,0.0,0.0,0.0,0.0,0.0,0.0,None,0.0,0,2022-05-01,0.49999999999999994,-0.8660254037844387,SW_monsoon,0.0,0,None,0.0,0,None,0.0,0,None
Wayamba|Nikaweratiya Range,2022,6,Wayamba,Nikaweratiya Range,0.0,0.0,0.0,0.0,0.0,0.0,0.0,0.0,0.0,0.0,0.0,0.0,0.0,0.0,0.0,0.0,None,0.0,0,2022-06-01,1.2246467991473532e-16,-1.0,SW_monsoon,0.0,0,None,0.0,0,None,0.0,0,None
Wayamba|Nikaweratiya Range,2022,7,Wayamba,Nikaweratiya Range,0.0,0.0,0.0,0.0,0.0,0.0,0.0,0.0,0.0,0.0,0.0,0.0,0.0,0.0,0.0,0.0,None,0.0,0,2022-07-01,-0.4999999999999997,-0.8660254037844388,SW_monsoon,0.0,0,None,0.0,0,None,0.0,0,None
Wayamba|Nikaweratiya Range,2022,8,Wayamba,Nikaweratiya Range,0.0,0.0,0.0,0.0,0.0,0.0,0.0,0.0,0.0,0.0,0.0,0.0,0.0,0.0,0.0,0.0,None,0.0,0,2022-08-01,-0.8660254037844384,-0.5000000000000004,SW_monsoon,0.0,0,None,0.0,0,None,0.0,0,None
Wayamba|Nikaweratiya Range,2022,9,Wayamba,Nikaweratiya Range,0.0,0.0,0.0,0.0,0.0,0.0,0.0,0.0,0.0,0.0,0.0,0.0,0.0,0.0,0.0,0.0,None,0.0,0,2022-09-01,-1.0,-1.8369701987210297e-16,SW_monsoon,0.0,0,None,0.0,0,None,0.0,0,None
Wayamba|Nikaweratiya Range,2022,10,Wayamba,Nikaweratiya Range,0.0,0.0,0.0,0.0,0.0,0.0,0.0,0.0,0.0,0.0,0.0,0.0,0.0,0.0,0.0,0.0,None,0.0,0,2022-10-01,-0.8660254037844386,0.5000000000000001,Inter_OctNov,0.0,0,None,0.0,0,None,0.0,0,None
Wayamba|Nikaweratiya Range,2022,11,Wayamba,Nikaweratiya Range,0.0,0.0,0.0,0.0,0.0,0.0,0.0,0.0,0.0,0.0,0.0,0.0,0.0,0.0,0.0,0.0,None,0.0,0,2022-11-01,-0.5000000000000004,0.8660254037844384,Inter_OctNov,0.0,0,None,0.0,0,None,0.0,0,None
Wayamba|Nikaweratiya Range,2022,12,Wayamba,Nikaweratiya Range,0.0,0.0,0.0,0.0,0.0,0.0,0.0,0.0,0.0,0.0,0.0,0.0,0.0,0.0,0.0,0.0,None,0.0,0,2022-12-01,-2.4492935982947064e-16,1.0,NE_monsoon,0.0,0,None,0.0,0,None,0.0,0,None
Wayamba|Nikaweratiya Range,2023,1,Wayamba,Nikaweratiya Range,0.0,0.0,0.0,0.0,0.0,0.0,0.0,0.0,0.0,0.0,0.0,0.0,0.0,0.0,0.0,0.0,None,0.0,0,2023-01-01,0.49999999999999994,0.8660254037844387,NE_monsoon,0.0,0,None,0.0,0,None,0.0,0,None
Wayamba|Nikaweratiya Range,2023,2,Wayamba,Nikaweratiya Range,0.0,0.0,0.0,0.0,0.0,0.0,0.0,0.0,0.0,0.0,0.0,0.0,0.0,0.0,0.0,0.0,None,0.0,0,2023-02-01,0.8660254037844386,0.5000000000000001,NE_monsoon,0.0,0,None,0.0,0,None,0.0,0,None
Wayamba|Nikaweratiya Range,2023,3,Wayamba,Nikaweratiya Range,0.0,4.0,0.0,0.0,0.0,0.0,0.0,0.0,0.0,0.0,0.0,0.0,0.0,0.0,0.0,0.0,Animal Parts Trade,4.0,1,2023-03-01,1.0,6.123233995736766e-17,Inter_MarApr,0.0,0,None,0.0,0,None,0.0,0,None
Wayamba|Nikaweratiya Range,2023,4,Wayamba,Nikaweratiya Range,0.0,0.0,0.0,0.0,0.0,0.0,0.0,0.0,0.0,0.0,0.0,0.0,0.0,0.0,0.0,0.0,None,0.0,0,2023-04-01,0.8660254037844387,-0.4999999999999998,Inter_MarApr,4.0,1,Animal Parts Trade,0.0,0,None,0.0,0,None
Wayamba|Nikaweratiya Range,2023,5,Wayamba,Nikaweratiya Range,0.0,0.0,0.0,0.0,0.0,0.0,0.0,0.0,0.0,0.0,0.0,0.0,0.0,0.0,0.0,0.0,None,0.0,0,2023-05-01,0.49999999999999994,-0.8660254037844387,SW_monsoon,0.0,0,None,4.0,1,Animal Parts Trade,0.0,0,None
Wayamba|Nikaweratiya Range,2023,6,Wayamba,Nikaweratiya Range,0.0,0.0,0.0,0.0,0.0,0.0,0.0,0.0,0.0,0.0,0.0,0.0,0.0,0.0,0.0,0.0,None,0.0,0,2023-06-01,1.2246467991473532e-16,-1.0,SW_monsoon,0.0,0,None,0.0,0,None,4.0,1,Animal Parts Trade
Wayamba|Nikaweratiya Range,2023,7,Wayamba,Nikaweratiya Range,0.0,0.0,0.0,0.0,0.0,0.0,0.0,0.0,0.0,0.0,0.0,0.0,0.0,0.0,0.0,0.0,None,0.0,0,2023-07-01,-0.4999999999999997,-0.8660254037844388,SW_monsoon,0.0,0,None,0.0,0,None,0.0,0,None
Wayamba|Nikaweratiya Range,2023,8,Wayamba,Nikaweratiya Range,0.0,0.0,8.0,0.0,0.0,0.0,0.0,0.0,0.0,0.0,0.0,0.0,0.0,7.0,0.0,0.0,Animal Possession,15.0,1,2023-08-01,-0.8660254037844384,-0.5000000000000004,SW_monsoon,0.0,0,None,0.0,0,None,0.0,0,None
Wayamba|Nikaweratiya Range,2023,9,Wayamba,Nikaweratiya Range,0.0,0.0,0.0,0.0,0.0,0.0,0.0,0.0,0.0,0.0,0.0,0.0,0.0,4.0,0.0,0.0,Other,4.0,1,2023-09-01,-1.0,-1.8369701987210297e-16,SW_monsoon,15.0,1,Animal Possession,0.0,0,None,0.0,0,None
Wayamba|Nikaweratiya Range,2023,10,Wayamba,Nikaweratiya Range,0.0,0.0,0.0,0.0,0.0,0.0,0.0,0.0,0.0,0.0,0.0,0.0,0.0,0.0,0.0,0.0,None,0.0,0,2023-10-01,-0.8660254037844386,0.5000000000000001,Inter_OctNov,4.0,1,Other,15.0,1,Animal Possession,0.0,0,None
Wayamba|Nikaweratiya Range,2023,11,Wayamba,Nikaweratiya Range,0.0,0.0,0.0,0.0,0.0,0.0,0.0,0.0,0.0,0.0,0.0,0.0,0.0,0.0,0.0,0.0,None,0.0,0,2023-11-01,-0.5000000000000004,0.8660254037844384,Inter_OctNov,0.0,0,None,4.0,1,Other,15.0,1,Animal Possession
Wayamba|Nikaweratiya Range,2023,12,Wayamba,Nikaweratiya Range,0.0,0.0,0.0,0.0,0.0,0.0,0.0,0.0,0.0,0.0,0.0,0.0,0.0,0.0,0.0,0.0,None,0.0,0,2023-12-01,-2.4492935982947064e-16,1.0,NE_monsoon,0.0,0,None,0.0,0,None,4.0,1,Other
Wayamba|Nikaweratiya Range,2024,1,Wayamba,Nikaweratiya Range,0.0,0.0,0.0,0.0,0.0,0.0,0.0,0.0,0.0,0.0,0.0,0.0,0.0,17.0,0.0,0.0,Other,17.0,1,2024-01-01,0.49999999999999994,0.8660254037844387,NE_monsoon,0.0,0,None,0.0,0,None,0.0,0,None
Wayamba|Nikaweratiya Range,2024,2,Wayamba,Nikaweratiya Range,0.0,0.0,0.0,0.0,0.0,0.0,0.0,0.0,0.0,0.0,0.0,0.0,0.0,0.0,0.0,0.0,None,0.0,0,2024-02-01,0.8660254037844386,0.5000000000000001,NE_monsoon,17.0,1,Other,0.0,0,None,0.0,0,None
Wayamba|Nikaweratiya Range,2024,3,Wayamba,Nikaweratiya Range,0.0,0.0,0.0,0.0,0.0,0.0,0.0,0.0,0.0,0.0,0.0,0.0,0.0,0.0,0.0,0.0,None,0.0,0,2024-03-01,1.0,6.123233995736766e-17,Inter_MarApr,0.0,0,None,17.0,1,Other,0.0,0,None
Wayamba|Nikaweratiya Range,2024,4,Wayamba,Nikaweratiya Range,0.0,0.0,0.0,0.0,0.0,0.0,0.0,0.0,0.0,0.0,0.0,0.0,0.0,0.0,0.0,0.0,None,0.0,0,2024-04-01,0.8660254037844387,-0.4999999999999998,Inter_MarApr,0.0,0,None,0.0,0,None,17.0,1,Other
Wayamba|Nikaweratiya Range,2024,5,Wayamba,Nikaweratiya Range,0.0,0.0,0.0,0.0,0.0,0.0,0.0,0.0,0.0,0.0,0.0,0.0,0.0,0.0,0.0,0.0,None,0.0,0,2024-05-01,0.49999999999999994,-0.8660254037844387,SW_monsoon,0.0,0,None,0.0,0,None,0.0,0,None
Wayamba|Nikaweratiya Range,2024,6,Wayamba,Nikaweratiya Range,0.0,7.0,0.0,0.0,0.0,0.0,0.0,0.0,0.0,0.0,0.0,10.0,0.0,8.0,0.0,5.0,Meat/Egg Trade,30.0,1,2024-06-01,1.2246467991473532e-16,-1.0,SW_monsoon,0.0,0,None,0.0,0,None,0.0,0,None
Wayamba|Nikaweratiya Range,2024,7,Wayamba,Nikaweratiya Range,0.0,2.0,0.0,0.0,0.0,0.0,0.0,0.0,0.0,0.0,0.0,0.0,0.0,0.0,0.0,0.0,Animal Parts Trade,2.0,1,2024-07-01,-0.4999999999999997,-0.8660254037844388,SW_monsoon,30.0,1,Meat/Egg Trade,0.0,0,None,0.0,0,None
Wayamba|Nikaweratiya Range,2024,8,Wayamba,Nikaweratiya Range,0.0,0.0,0.0,0.0,0.0,0.0,0.0,10.0,0.0,0.0,0.0,0.0,0.0,0.0,0.0,7.0,Hunting/Killing,17.0,1,2024-08-01,-0.8660254037844384,-0.5000000000000004,SW_monsoon,2.0,1,Animal Parts Trade,30.0,1,Meat/Egg Trade,0.0,0,None
Wayamba|Nikaweratiya Range,2024,9,Wayamba,Nikaweratiya Range,0.0,0.0,0.0,0.0,0.0,0.0,0.0,0.0,0.0,0.0,0.0,0.0,0.0,0.0,0.0,0.0,None,0.0,0,2024-09-01,-1.0,-1.8369701987210297e-16,SW_monsoon,17.0,1,Hunting/Killing,2.0,1,Animal Parts Trade,30.0,1,Meat/Egg Trade
Wayamba|Nikaweratiya Range,2024,10,Wayamba,Nikaweratiya Range,0.0,0.0,0.0,0.0,0.0,0.0,0.0,0.0,0.0,0.0,0.0,0.0,0.0,0.0,0.0,0.0,None,0.0,0,2024-10-01,-0.8660254037844386,0.5000000000000001,Inter_OctNov,0.0,0,None,17.0,1,Hunting/Killing,2.0,1,Animal Parts Trade
Wayamba|Nikaweratiya Range,2024,11,Wayamba,Nikaweratiya Range,0.0,0.0,0.0,0.0,0.0,0.0,0.0,0.0,0.0,0.0,0.0,0.0,0.0,0.0,0.0,0.0,None,0.0,0,2024-11-01,-0.5000000000000004,0.8660254037844384,Inter_OctNov,0.0,0,None,0.0,0,None,17.0,1,Hunting/Killing
Wayamba|Nikaweratiya Range,2024,12,Wayamba,Nikaweratiya Range,0.0,0.0,0.0,0.0,0.0,0.0,0.0,0.0,0.0,0.0,0.0,0.0,0.0,0.0,0.0,0.0,None,0.0,0,2024-12-01,-2.4492935982947064e-16,1.0,NE_monsoon,0.0,0,None,0.0,0,None,0.0,0,None
Wayamba|Pibidunugama Beat,2022,1,Wayamba,Pibidunugama Beat,0.0,0.0,0.0,0.0,0.0,0.0,0.0,0.0,0.0,0.0,4.0,0.0,0.0,0.0,0.0,0.0,Illegal Logging,4.0,1,2022-01-01,0.49999999999999994,0.8660254037844387,NE_monsoon,0.0,0,None,0.0,0,None,0.0,0,None
Wayamba|Pibidunugama Beat,2022,2,Wayamba,Pibidunugama Beat,0.0,0.0,0.0,0.0,0.0,0.0,0.0,0.0,0.0,0.0,0.0,0.0,0.0,0.0,0.0,0.0,None,0.0,0,2022-02-01,0.8660254037844386,0.5000000000000001,NE_monsoon,4.0,1,Illegal Logging,0.0,0,None,0.0,0,None
Wayamba|Pibidunugama Beat,2022,3,Wayamba,Pibidunugama Beat,0.0,0.0,0.0,0.0,0.0,0.0,0.0,0.0,0.0,0.0,0.0,0.0,0.0,0.0,0.0,0.0,None,0.0,0,2022-03-01,1.0,6.123233995736766e-17,Inter_MarApr,0.0,0,None,4.0,1,Illegal Logging,0.0,0,None
Wayamba|Pibidunugama Beat,2022,4,Wayamba,Pibidunugama Beat,0.0,0.0,0.0,0.0,0.0,0.0,0.0,0.0,0.0,0.0,0.0,0.0,0.0,0.0,0.0,0.0,None,0.0,0,2022-04-01,0.8660254037844387,-0.4999999999999998,Inter_MarApr,0.0,0,None,0.0,0,None,4.0,1,Illegal Logging
Wayamba|Pibidunugama Beat,2022,5,Wayamba,Pibidunugama Beat,0.0,0.0,0.0,0.0,0.0,0.0,0.0,0.0,0.0,0.0,0.0,0.0,0.0,0.0,0.0,0.0,None,0.0,0,2022-05-01,0.49999999999999994,-0.8660254037844387,SW_monsoon,0.0,0,None,0.0,0,None,0.0,0,None
Wayamba|Pibidunugama Beat,2022,6,Wayamba,Pibidunugama Beat,0.0,0.0,0.0,0.0,0.0,0.0,0.0,0.0,0.0,0.0,0.0,0.0,0.0,0.0,0.0,0.0,None,0.0,0,2022-06-01,1.2246467991473532e-16,-1.0,SW_monsoon,0.0,0,None,0.0,0,None,0.0,0,None
Wayamba|Pibidunugama Beat,2022,7,Wayamba,Pibidunugama Beat,0.0,0.0,0.0,0.0,0.0,0.0,0.0,0.0,0.0,0.0,0.0,0.0,0.0,0.0,0.0,0.0,None,0.0,0,2022-07-01,-0.4999999999999997,-0.8660254037844388,SW_monsoon,0.0,0,None,0.0,0,None,0.0,0,None
Wayamba|Pibidunugama Beat,2022,8,Wayamba,Pibidunugama Beat,0.0,0.0,0.0,0.0,0.0,0.0,0.0,0.0,0.0,0.0,0.0,0.0,0.0,0.0,0.0,0.0,None,0.0,0,2022-08-01,-0.8660254037844384,-0.5000000000000004,SW_monsoon,0.0,0,None,0.0,0,None,0.0,0,None
Wayamba|Pibidunugama Beat,2022,9,Wayamba,Pibidunugama Beat,0.0,0.0,0.0,0.0,0.0,0.0,0.0,0.0,0.0,0.0,0.0,0.0,0.0,0.0,0.0,0.0,None,0.0,0,2022-09-01,-1.0,-1.8369701987210297e-16,SW_monsoon,0.0,0,None,0.0,0,None,0.0,0,None
Wayamba|Pibidunugama Beat,2022,10,Wayamba,Pibidunugama Beat,0.0,0.0,0.0,0.0,0.0,0.0,0.0,0.0,0.0,0.0,0.0,0.0,0.0,0.0,0.0,0.0,None,0.0,0,2022-10-01,-0.8660254037844386,0.5000000000000001,Inter_OctNov,0.0,0,None,0.0,0,None,0.0,0,None
Wayamba|Pibidunugama Beat,2022,11,Wayamba,Pibidunugama Beat,0.0,0.0,0.0,0.0,0.0,0.0,0.0,0.0,0.0,0.0,0.0,0.0,0.0,0.0,0.0,0.0,None,0.0,0,2022-11-01,-0.5000000000000004,0.8660254037844384,Inter_OctNov,0.0,0,None,0.0,0,None,0.0,0,None
Wayamba|Pibidunugama Beat,2022,12,Wayamba,Pibidunugama Beat,0.0,0.0,0.0,0.0,0.0,0.0,0.0,0.0,0.0,0.0,0.0,0.0,0.0,0.0,0.0,0.0,None,0.0,0,2022-12-01,-2.4492935982947064e-16,1.0,NE_monsoon,0.0,0,None,0.0,0,None,0.0,0,None
Wayamba|Pibidunugama Beat,2023,1,Wayamba,Pibidunugama Beat,0.0,0.0,0.0,0.0,0.0,0.0,0.0,0.0,0.0,0.0,0.0,0.0,0.0,0.0,0.0,0.0,None,0.0,0,2023-01-01,0.49999999999999994,0.8660254037844387,NE_monsoon,0.0,0,None,0.0,0,None,0.0,0,None
Wayamba|Pibidunugama Beat,2023,2,Wayamba,Pibidunugama Beat,0.0,0.0,0.0,0.0,0.0,0.0,0.0,0.0,0.0,0.0,0.0,0.0,0.0,0.0,0.0,0.0,None,0.0,0,2023-02-01,0.8660254037844386,0.5000000000000001,NE_monsoon,0.0,0,None,0.0,0,None,0.0,0,None
Wayamba|Pibidunugama Beat,2023,3,Wayamba,Pibidunugama Beat,0.0,0.0,0.0,0.0,0.0,0.0,0.0,0.0,0.0,0.0,0.0,0.0,0.0,0.0,0.0,0.0,None,0.0,0,2023-03-01,1.0,6.123233995736766e-17,Inter_MarApr,0.0,0,None,0.0,0,None,0.0,0,None
Wayamba|Pibidunugama Beat,2023,4,Wayamba,Pibidunugama Beat,0.0,0.0,0.0,0.0,0.0,0.0,0.0,0.0,0.0,0.0,0.0,0.0,0.0,0.0,0.0,0.0,None,0.0,0,2023-04-01,0.8660254037844387,-0.4999999999999998,Inter_MarApr,0.0,0,None,0.0,0,None,0.0,0,None
Wayamba|Pibidunugama Beat,2023,5,Wayamba,Pibidunugama Beat,0.0,0.0,0.0,0.0,0.0,0.0,0.0,0.0,0.0,0.0,0.0,0.0,0.0,0.0,0.0,0.0,None,0.0,0,2023-05-01,0.49999999999999994,-0.8660254037844387,SW_monsoon,0.0,0,None,0.0,0,None,0.0,0,None
Wayamba|Pibidunugama Beat,2023,6,Wayamba,Pibidunugama Beat,0.0,0.0,0.0,0.0,0.0,0.0,0.0,0.0,0.0,0.0,0.0,0.0,0.0,0.0,0.0,0.0,None,0.0,0,2023-06-01,1.2246467991473532e-16,-1.0,SW_monsoon,0.0,0,None,0.0,0,None,0.0,0,None
Wayamba|Pibidunugama Beat,2023,7,Wayamba,Pibidunugama Beat,0.0,0.0,0.0,0.0,0.0,0.0,0.0,0.0,0.0,0.0,0.0,0.0,0.0,0.0,0.0,0.0,None,0.0,0,2023-07-01,-0.4999999999999997,-0.8660254037844388,SW_monsoon,0.0,0,None,0.0,0,None,0.0,0,None
Wayamba|Pibidunugama Beat,2023,8,Wayamba,Pibidunugama Beat,0.0,0.0,0.0,0.0,0.0,0.0,0.0,0.0,0.0,0.0,0.0,0.0,0.0,0.0,0.0,0.0,None,0.0,0,2023-08-01,-0.8660254037844384,-0.5000000000000004,SW_monsoon,0.0,0,None,0.0,0,None,0.0,0,None
Wayamba|Pibidunugama Beat,2023,9,Wayamba,Pibidunugama Beat,0.0,0.0,0.0,0.0,0.0,0.0,0.0,0.0,0.0,0.0,0.0,0.0,0.0,0.0,0.0,0.0,None,0.0,0,2023-09-01,-1.0,-1.8369701987210297e-16,SW_monsoon,0.0,0,None,0.0,0,None,0.0,0,None
Wayamba|Pibidunugama Beat,2023,10,Wayamba,Pibidunugama Beat,0.0,0.0,0.0,0.0,0.0,0.0,0.0,0.0,0.0,0.0,0.0,0.0,0.0,0.0,0.0,0.0,None,0.0,0,2023-10-01,-0.8660254037844386,0.5000000000000001,Inter_OctNov,0.0,0,None,0.0,0,None,0.0,0,None
Wayamba|Pibidunugama Beat,2023,11,Wayamba,Pibidunugama Beat,0.0,0.0,0.0,0.0,0.0,0.0,0.0,0.0,0.0,0.0,0.0,0.0,0.0,0.0,0.0,0.0,None,0.0,0,2023-11-01,-0.5000000000000004,0.8660254037844384,Inter_OctNov,0.0,0,None,0.0,0,None,0.0,0,None
Wayamba|Pibidunugama Beat,2023,12,Wayamba,Pibidunugama Beat,0.0,0.0,0.0,0.0,0.0,0.0,0.0,0.0,0.0,0.0,0.0,0.0,0.0,0.0,0.0,0.0,None,0.0,0,2023-12-01,-2.4492935982947064e-16,1.0,NE_monsoon,0.0,0,None,0.0,0,None,0.0,0,None
Wayamba|Pibidunugama Beat,2024,1,Wayamba,Pibidunugama Beat,0.0,0.0,0.0,0.0,0.0,0.0,0.0,0.0,0.0,0.0,0.0,0.0,0.0,0.0,0.0,0.0,None,0.0,0,2024-01-01,0.49999999999999994,0.8660254037844387,NE_monsoon,0.0,0,None,0.0,0,None,0.0,0,None
Wayamba|Pibidunugama Beat,2024,2,Wayamba,Pibidunugama Beat,0.0,0.0,0.0,0.0,0.0,0.0,0.0,0.0,0.0,0.0,0.0,0.0,0.0,0.0,0.0,0.0,None,0.0,0,2024-02-01,0.8660254037844386,0.5000000000000001,NE_monsoon,0.0,0,None,0.0,0,None,0.0,0,None
Wayamba|Pibidunugama Beat,2024,3,Wayamba,Pibidunugama Beat,0.0,0.0,0.0,0.0,0.0,0.0,0.0,0.0,0.0,0.0,0.0,0.0,0.0,0.0,0.0,0.0,None,0.0,0,2024-03-01,1.0,6.123233995736766e-17,Inter_MarApr,0.0,0,None,0.0,0,None,0.0,0,None
Wayamba|Pibidunugama Beat,2024,4,Wayamba,Pibidunugama Beat,0.0,0.0,0.0,0.0,0.0,0.0,0.0,0.0,0.0,0.0,0.0,0.0,0.0,0.0,0.0,0.0,None,0.0,0,2024-04-01,0.8660254037844387,-0.4999999999999998,Inter_MarApr,0.0,0,None,0.0,0,None,0.0,0,None
Wayamba|Pibidunugama Beat,2024,5,Wayamba,Pibidunugama Beat,0.0,0.0,0.0,0.0,0.0,0.0,0.0,0.0,0.0,0.0,0.0,0.0,0.0,0.0,0.0,0.0,None,0.0,0,2024-05-01,0.49999999999999994,-0.8660254037844387,SW_monsoon,0.0,0,None,0.0,0,None,0.0,0,None
Wayamba|Pibidunugama Beat,2024,6,Wayamba,Pibidunugama Beat,0.0,0.0,0.0,0.0,0.0,0.0,0.0,0.0,0.0,0.0,0.0,0.0,0.0,0.0,0.0,0.0,None,0.0,0,2024-06-01,1.2246467991473532e-16,-1.0,SW_monsoon,0.0,0,None,0.0,0,None,0.0,0,None
Wayamba|Pibidunugama Beat,2024,7,Wayamba,Pibidunugama Beat,0.0,0.0,0.0,0.0,0.0,0.0,0.0,0.0,0.0,0.0,0.0,0.0,0.0,0.0,0.0,0.0,None,0.0,0,2024-07-01,-0.4999999999999997,-0.8660254037844388,SW_monsoon,0.0,0,None,0.0,0,None,0.0,0,None
Wayamba|Pibidunugama Beat,2024,8,Wayamba,Pibidunugama Beat,0.0,0.0,0.0,0.0,0.0,0.0,0.0,0.0,0.0,0.0,0.0,0.0,0.0,0.0,0.0,0.0,None,0.0,0,2024-08-01,-0.8660254037844384,-0.5000000000000004,SW_monsoon,0.0,0,None,0.0,0,None,0.0,0,None
Wayamba|Pibidunugama Beat,2024,9,Wayamba,Pibidunugama Beat,0.0,0.0,0.0,0.0,0.0,0.0,0.0,0.0,0.0,0.0,0.0,0.0,0.0,0.0,0.0,0.0,None,0.0,0,2024-09-01,-1.0,-1.8369701987210297e-16,SW_monsoon,0.0,0,None,0.0,0,None,0.0,0,None
Wayamba|Pibidunugama Beat,2024,10,Wayamba,Pibidunugama Beat,0.0,0.0,0.0,0.0,0.0,0.0,0.0,0.0,0.0,0.0,0.0,0.0,0.0,0.0,0.0,0.0,None,0.0,0,2024-10-01,-0.8660254037844386,0.5000000000000001,Inter_OctNov,0.0,0,None,0.0,0,None,0.0,0,None
Wayamba|Pibidunugama Beat,2024,11,Wayamba,Pibidunugama Beat,0.0,0.0,0.0,0.0,0.0,0.0,0.0,0.0,0.0,0.0,0.0,0.0,0.0,0.0,0.0,0.0,None,0.0,0,2024-11-01,-0.5000000000000004,0.8660254037844384,Inter_OctNov,0.0,0,None,0.0,0,None,0.0,0,None
Wayamba|Pibidunugama Beat,2024,12,Wayamba,Pibidunugama Beat,0.0,0.0,0.0,0.0,0.0,0.0,0.0,0.0,0.0,0.0,0.0,0.0,0.0,0.0,0.0,0.0,None,0.0,0,2024-12-01,-2.4492935982947064e-16,1.0,NE_monsoon,0.0,0,None,0.0,0,None,0.0,0,None
Wayamba|Sanctuary,2022,1,Wayamba,Sanctuary,0.0,0.0,0.0,0.0,0.0,0.0,0.0,0.0,0.0,0.0,0.0,0.0,0.0,0.0,0.0,0.0,None,0.0,0,2022-01-01,0.49999999999999994,0.8660254037844387,NE_monsoon,0.0,0,None,0.0,0,None,0.0,0,None
Wayamba|Sanctuary,2022,2,Wayamba,Sanctuary,0.0,0.0,0.0,0.0,0.0,0.0,0.0,0.0,0.0,0.0,0.0,0.0,0.0,0.0,0.0,0.0,None,0.0,0,2022-02-01,0.8660254037844386,0.5000000000000001,NE_monsoon,0.0,0,None,0.0,0,None,0.0,0,None
Wayamba|Sanctuary,2022,3,Wayamba,Sanctuary,0.0,0.0,0.0,0.0,0.0,0.0,0.0,0.0,0.0,0.0,0.0,0.0,0.0,0.0,0.0,0.0,None,0.0,0,2022-03-01,1.0,6.123233995736766e-17,Inter_MarApr,0.0,0,None,0.0,0,None,0.0,0,None
Wayamba|Sanctuary,2022,4,Wayamba,Sanctuary,0.0,0.0,0.0,0.0,0.0,0.0,0.0,0.0,0.0,0.0,0.0,0.0,0.0,0.0,0.0,0.0,None,0.0,0,2022-04-01,0.8660254037844387,-0.4999999999999998,Inter_MarApr,0.0,0,None,0.0,0,None,0.0,0,None
Wayamba|Sanctuary,2022,5,Wayamba,Sanctuary,0.0,0.0,0.0,0.0,0.0,0.0,0.0,0.0,0.0,0.0,0.0,0.0,0.0,0.0,0.0,0.0,None,0.0,0,2022-05-01,0.49999999999999994,-0.8660254037844387,SW_monsoon,0.0,0,None,0.0,0,None,0.0,0,None
Wayamba|Sanctuary,2022,6,Wayamba,Sanctuary,0.0,0.0,0.0,0.0,0.0,0.0,0.0,0.0,0.0,0.0,0.0,0.0,0.0,0.0,0.0,0.0,None,0.0,0,2022-06-01,1.2246467991473532e-16,-1.0,SW_monsoon,0.0,0,None,0.0,0,None,0.0,0,None
Wayamba|Sanctuary,2022,7,Wayamba,Sanctuary,0.0,0.0,0.0,0.0,0.0,0.0,0.0,0.0,0.0,0.0,0.0,0.0,0.0,0.0,0.0,0.0,None,0.0,0,2022-07-01,-0.4999999999999997,-0.8660254037844388,SW_monsoon,0.0,0,None,0.0,0,None,0.0,0,None
Wayamba|Sanctuary,2022,8,Wayamba,Sanctuary,0.0,0.0,0.0,0.0,0.0,0.0,0.0,0.0,0.0,0.0,0.0,0.0,0.0,0.0,0.0,0.0,None,0.0,0,2022-08-01,-0.8660254037844384,-0.5000000000000004,SW_monsoon,0.0,0,None,0.0,0,None,0.0,0,None
Wayamba|Sanctuary,2022,9,Wayamba,Sanctuary,0.0,0.0,0.0,0.0,0.0,0.0,0.0,0.0,0.0,0.0,0.0,0.0,0.0,0.0,0.0,0.0,None,0.0,0,2022-09-01,-1.0,-1.8369701987210297e-16,SW_monsoon,0.0,0,None,0.0,0,None,0.0,0,None
Wayamba|Sanctuary,2022,10,Wayamba,Sanctuary,0.0,0.0,0.0,0.0,0.0,0.0,0.0,0.0,0.0,0.0,0.0,0.0,0.0,0.0,0.0,0.0,None,0.0,0,2022-10-01,-0.8660254037844386,0.5000000000000001,Inter_OctNov,0.0,0,None,0.0,0,None,0.0,0,None
Wayamba|Sanctuary,2022,11,Wayamba,Sanctuary,0.0,0.0,0.0,0.0,0.0,0.0,0.0,0.0,0.0,0.0,0.0,0.0,0.0,0.0,0.0,0.0,None,0.0,0,2022-11-01,-0.5000000000000004,0.8660254037844384,Inter_OctNov,0.0,0,None,0.0,0,None,0.0,0,None
Wayamba|Sanctuary,2022,12,Wayamba,Sanctuary,0.0,0.0,0.0,0.0,0.0,0.0,0.0,0.0,0.0,0.0,0.0,0.0,0.0,0.0,0.0,0.0,None,0.0,0,2022-12-01,-2.4492935982947064e-16,1.0,NE_monsoon,0.0,0,None,0.0,0,None,0.0,0,None
Wayamba|Sanctuary,2023,1,Wayamba,Sanctuary,0.0,0.0,0.0,0.0,0.0,0.0,0.0,0.0,0.0,0.0,0.0,0.0,0.0,0.0,0.0,0.0,None,0.0,0,2023-01-01,0.49999999999999994,0.8660254037844387,NE_monsoon,0.0,0,None,0.0,0,None,0.0,0,None
Wayamba|Sanctuary,2023,2,Wayamba,Sanctuary,0.0,0.0,0.0,0.0,0.0,0.0,0.0,0.0,0.0,0.0,0.0,0.0,0.0,0.0,0.0,0.0,None,0.0,0,2023-02-01,0.8660254037844386,0.5000000000000001,NE_monsoon,0.0,0,None,0.0,0,None,0.0,0,None
Wayamba|Sanctuary,2023,3,Wayamba,Sanctuary,0.0,0.0,0.0,0.0,0.0,0.0,0.0,0.0,0.0,0.0,0.0,0.0,0.0,0.0,0.0,0.0,None,0.0,0,2023-03-01,1.0,6.123233995736766e-17,Inter_MarApr,0.0,0,None,0.0,0,None,0.0,0,None
Wayamba|Sanctuary,2023,4,Wayamba,Sanctuary,0.0,0.0,0.0,0.0,0.0,0.0,0.0,0.0,0.0,0.0,0.0,0.0,0.0,0.0,0.0,0.0,None,0.0,0,2023-04-01,0.8660254037844387,-0.4999999999999998,Inter_MarApr,0.0,0,None,0.0,0,None,0.0,0,None
Wayamba|Sanctuary,2023,5,Wayamba,Sanctuary,0.0,0.0,0.0,0.0,0.0,0.0,0.0,0.0,0.0,0.0,0.0,0.0,0.0,0.0,0.0,0.0,None,0.0,0,2023-05-01,0.49999999999999994,-0.8660254037844387,SW_monsoon,0.0,0,None,0.0,0,None,0.0,0,None
Wayamba|Sanctuary,2023,6,Wayamba,Sanctuary,0.0,0.0,0.0,0.0,0.0,0.0,0.0,0.0,0.0,0.0,0.0,0.0,0.0,0.0,0.0,0.0,None,0.0,0,2023-06-01,1.2246467991473532e-16,-1.0,SW_monsoon,0.0,0,None,0.0,0,None,0.0,0,None
Wayamba|Sanctuary,2023,7,Wayamba,Sanctuary,0.0,0.0,0.0,0.0,0.0,0.0,0.0,0.0,0.0,0.0,0.0,0.0,0.0,0.0,0.0,0.0,None,0.0,0,2023-07-01,-0.4999999999999997,-0.8660254037844388,SW_monsoon,0.0,0,None,0.0,0,None,0.0,0,None
Wayamba|Sanctuary,2023,8,Wayamba,Sanctuary,0.0,0.0,0.0,0.0,0.0,0.0,0.0,0.0,0.0,0.0,0.0,0.0,0.0,0.0,0.0,0.0,None,0.0,0,2023-08-01,-0.8660254037844384,-0.5000000000000004,SW_monsoon,0.0,0,None,0.0,0,None,0.0,0,None
Wayamba|Sanctuary,2023,9,Wayamba,Sanctuary,0.0,0.0,0.0,0.0,0.0,0.0,0.0,0.0,0.0,0.0,0.0,0.0,0.0,0.0,0.0,0.0,None,0.0,0,2023-09-01,-1.0,-1.8369701987210297e-16,SW_monsoon,0.0,0,None,0.0,0,None,0.0,0,None
Wayamba|Sanctuary,2023,10,Wayamba,Sanctuary,0.0,0.0,0.0,0.0,0.0,0.0,0.0,0.0,0.0,0.0,0.0,0.0,0.0,0.0,0.0,0.0,None,0.0,0,2023-10-01,-0.8660254037844386,0.5000000000000001,Inter_OctNov,0.0,0,None,0.0,0,None,0.0,0,None
Wayamba|Sanctuary,2023,11,Wayamba,Sanctuary,0.0,0.0,0.0,0.0,0.0,0.0,0.0,0.0,0.0,0.0,0.0,0.0,0.0,0.0,0.0,0.0,None,0.0,0,2023-11-01,-0.5000000000000004,0.8660254037844384,Inter_OctNov,0.0,0,None,0.0,0,None,0.0,0,None
Wayamba|Sanctuary,2023,12,Wayamba,Sanctuary,0.0,0.0,0.0,0.0,0.0,0.0,0.0,0.0,0.0,0.0,0.0,0.0,0.0,0.0,0.0,0.0,None,0.0,0,2023-12-01,-2.4492935982947064e-16,1.0,NE_monsoon,0.0,0,None,0.0,0,None,0.0,0,None
Wayamba|Sanctuary,2024,1,Wayamba,Sanctuary,0.0,0.0,0.0,0.0,0.0,0.0,0.0,0.0,0.0,0.0,0.0,0.0,0.0,0.0,0.0,0.0,None,0.0,0,2024-01-01,0.49999999999999994,0.8660254037844387,NE_monsoon,0.0,0,None,0.0,0,None,0.0,0,None
Wayamba|Sanctuary,2024,2,Wayamba,Sanctuary,0.0,0.0,0.0,0.0,0.0,0.0,0.0,0.0,0.0,0.0,0.0,0.0,0.0,0.0,0.0,0.0,None,0.0,0,2024-02-01,0.8660254037844386,0.5000000000000001,NE_monsoon,0.0,0,None,0.0,0,None,0.0,0,None
Wayamba|Sanctuary,2024,3,Wayamba,Sanctuary,0.0,0.0,0.0,0.0,0.0,0.0,0.0,0.0,0.0,0.0,0.0,0.0,0.0,0.0,0.0,0.0,None,0.0,0,2024-03-01,1.0,6.123233995736766e-17,Inter_MarApr,0.0,0,None,0.0,0,None,0.0,0,None
Wayamba|Sanctuary,2024,4,Wayamba,Sanctuary,0.0,0.0,0.0,0.0,0.0,0.0,0.0,0.0,0.0,0.0,0.0,0.0,0.0,9.0,0.0,0.0,Other,9.0,1,2024-04-01,0.8660254037844387,-0.4999999999999998,Inter_MarApr,0.0,0,None,0.0,0,None,0.0,0,None
Wayamba|Sanctuary,2024,5,Wayamba,Sanctuary,0.0,0.0,0.0,0.0,0.0,0.0,0.0,0.0,0.0,0.0,0.0,0.0,0.0,0.0,0.0,0.0,None,0.0,0,2024-05-01,0.49999999999999994,-0.8660254037844387,SW_monsoon,9.0,1,Other,0.0,0,None,0.0,0,None
Wayamba|Sanctuary,2024,6,Wayamba,Sanctuary,0.0,0.0,0.0,0.0,0.0,0.0,0.0,0.0,0.0,0.0,0.0,0.0,0.0,0.0,0.0,0.0,None,0.0,0,2024-06-01,1.2246467991473532e-16,-1.0,SW_monsoon,0.0,0,None,9.0,1,Other,0.0,0,None
Wayamba|Sanctuary,2024,7,Wayamba,Sanctuary,0.0,0.0,0.0,0.0,0.0,0.0,0.0,0.0,0.0,0.0,0.0,0.0,0.0,0.0,0.0,0.0,None,0.0,0,2024-07-01,-0.4999999999999997,-0.8660254037844388,SW_monsoon,0.0,0,None,0.0,0,None,9.0,1,Other
Wayamba|Sanctuary,2024,8,Wayamba,Sanctuary,0.0,0.0,0.0,0.0,0.0,0.0,0.0,0.0,0.0,0.0,0.0,0.0,0.0,0.0,0.0,0.0,None,0.0,0,2024-08-01,-0.8660254037844384,-0.5000000000000004,SW_monsoon,0.0,0,None,0.0,0,None,0.0,0,None
Wayamba|Sanctuary,2024,9,Wayamba,Sanctuary,0.0,0.0,0.0,0.0,0.0,0.0,0.0,0.0,0.0,0.0,0.0,0.0,0.0,0.0,0.0,0.0,None,0.0,0,2024-09-01,-1.0,-1.8369701987210297e-16,SW_monsoon,0.0,0,None,0.0,0,None,0.0,0,None
Wayamba|Sanctuary,2024,10,Wayamba,Sanctuary,0.0,0.0,0.0,0.0,0.0,0.0,0.0,0.0,0.0,0.0,0.0,0.0,0.0,0.0,0.0,0.0,None,0.0,0,2024-10-01,-0.8660254037844386,0.5000000000000001,Inter_OctNov,0.0,0,None,0.0,0,None,0.0,0,None
Wayamba|Sanctuary,2024,11,Wayamba,Sanctuary,0.0,0.0,0.0,0.0,0.0,0.0,0.0,0.0,0.0,0.0,0.0,0.0,0.0,0.0,0.0,0.0,None,0.0,0,2024-11-01,-0.5000000000000004,0.8660254037844384,Inter_OctNov,0.0,0,None,0.0,0,None,0.0,0,None
Wayamba|Sanctuary,2024,12,Wayamba,Sanctuary,0.0,0.0,0.0,0.0,0.0,0.0,0.0,0.0,0.0,0.0,0.0,0.0,0.0,0.0,0.0,0.0,None,0.0,0,2024-12-01,-2.4492935982947064e-16,1.0,NE_monsoon,0.0,0,None,0.0,0,None,0.0,0,None
Wayamba|Unknown,2022,1,Wayamba,Unknown,0.0,0.0,0.0,0.0,0.0,0.0,0.0,0.0,0.0,0.0,0.0,3.0,0.0,0.0,0.0,2.0,Meat/Egg Trade,5.0,1,2022-01-01,0.49999999999999994,0.8660254037844387,NE_monsoon,0.0,0,None,0.0,0,None,0.0,0,None
Wayamba|Unknown,2022,2,Wayamba,Unknown,0.0,0.0,0.0,0.0,0.0,0.0,0.0,0.0,0.0,0.0,0.0,0.0,0.0,26.0,0.0,23.0,Weapons/Traps,49.0,1,2022-02-01,0.8660254037844386,0.5000000000000001,NE_monsoon,5.0,1,Meat/Egg Trade,0.0,0,None,0.0,0,None
Wayamba|Unknown,2022,3,Wayamba,Unknown,0.0,0.0,0.0,0.0,0.0,0.0,0.0,0.0,0.0,0.0,0.0,0.0,0.0,0.0,0.0,0.0,None,0.0,0,2022-03-01,1.0,6.123233995736766e-17,Inter_MarApr,49.0,1,Weapons/Traps,5.0,1,Meat/Egg Trade,0.0,0,None
Wayamba|Unknown,2022,4,Wayamba,Unknown,0.0,0.0,0.0,0.0,0.0,0.0,0.0,0.0,0.0,0.0,0.0,0.0,0.0,0.0,0.0,0.0,None,0.0,0,2022-04-01,0.8660254037844387,-0.4999999999999998,Inter_MarApr,0.0,0,None,49.0,1,Weapons/Traps,5.0,1,Meat/Egg Trade
Wayamba|Unknown,2022,5,Wayamba,Unknown,0.0,0.0,0.0,0.0,0.0,0.0,0.0,0.0,0.0,0.0,0.0,0.0,0.0,0.0,0.0,0.0,None,0.0,0,2022-05-01,0.49999999999999994,-0.8660254037844387,SW_monsoon,0.0,0,None,0.0,0,None,49.0,1,Weapons/Traps
Wayamba|Unknown,2022,6,Wayamba,Unknown,0.0,0.0,0.0,0.0,0.0,0.0,0.0,0.0,0.0,0.0,0.0,0.0,0.0,0.0,0.0,0.0,None,0.0,0,2022-06-01,1.2246467991473532e-16,-1.0,SW_monsoon,0.0,0,None,0.0,0,None,0.0,0,None
Wayamba|Unknown,2022,7,Wayamba,Unknown,0.0,0.0,0.0,0.0,0.0,0.0,0.0,0.0,0.0,0.0,0.0,0.0,0.0,0.0,0.0,0.0,None,0.0,0,2022-07-01,-0.4999999999999997,-0.8660254037844388,SW_monsoon,0.0,0,None,0.0,0,None,0.0,0,None
Wayamba|Unknown,2022,8,Wayamba,Unknown,0.0,0.0,0.0,0.0,0.0,0.0,0.0,0.0,0.0,0.0,0.0,0.0,0.0,0.0,0.0,0.0,None,0.0,0,2022-08-01,-0.8660254037844384,-0.5000000000000004,SW_monsoon,0.0,0,None,0.0,0,None,0.0,0,None
Wayamba|Unknown,2022,9,Wayamba,Unknown,0.0,0.0,0.0,0.0,0.0,0.0,0.0,0.0,0.0,0.0,0.0,0.0,0.0,0.0,0.0,0.0,None,0.0,0,2022-09-01,-1.0,-1.8369701987210297e-16,SW_monsoon,0.0,0,None,0.0,0,None,0.0,0,None
Wayamba|Unknown,2022,10,Wayamba,Unknown,0.0,0.0,0.0,0.0,0.0,0.0,0.0,0.0,0.0,0.0,0.0,0.0,0.0,0.0,0.0,0.0,None,0.0,0,2022-10-01,-0.8660254037844386,0.5000000000000001,Inter_OctNov,0.0,0,None,0.0,0,None,0.0,0,None
Wayamba|Unknown,2022,11,Wayamba,Unknown,0.0,0.0,0.0,0.0,0.0,0.0,0.0,0.0,0.0,0.0,0.0,0.0,0.0,0.0,0.0,0.0,None,0.0,0,2022-11-01,-0.5000000000000004,0.8660254037844384,Inter_OctNov,0.0,0,None,0.0,0,None,0.0,0,None
Wayamba|Unknown,2022,12,Wayamba,Unknown,0.0,0.0,0.0,0.0,0.0,0.0,0.0,0.0,0.0,0.0,0.0,0.0,0.0,0.0,0.0,0.0,None,0.0,0,2022-12-01,-2.4492935982947064e-16,1.0,NE_monsoon,0.0,0,None,0.0,0,None,0.0,0,None
Wayamba|Unknown,2023,1,Wayamba,Unknown,0.0,0.0,0.0,0.0,0.0,0.0,0.0,0.0,0.0,0.0,0.0,0.0,0.0,0.0,0.0,0.0,None,0.0,0,2023-01-01,0.49999999999999994,0.8660254037844387,NE_monsoon,0.0,0,None,0.0,0,None,0.0,0,None
Wayamba|Unknown,2023,2,Wayamba,Unknown,0.0,0.0,0.0,0.0,0.0,0.0,0.0,0.0,0.0,0.0,0.0,0.0,0.0,0.0,0.0,0.0,None,0.0,0,2023-02-01,0.8660254037844386,0.5000000000000001,NE_monsoon,0.0,0,None,0.0,0,None,0.0,0,None
Wayamba|Unknown,2023,3,Wayamba,Unknown,0.0,0.0,0.0,0.0,0.0,0.0,0.0,0.0,0.0,0.0,0.0,0.0,0.0,0.0,0.0,0.0,None,0.0,0,2023-03-01,1.0,6.123233995736766e-17,Inter_MarApr,0.0,0,None,0.0,0,None,0.0,0,None
Wayamba|Unknown,2023,4,Wayamba,Unknown,0.0,0.0,0.0,0.0,0.0,0.0,0.0,0.0,0.0,0.0,0.0,0.0,0.0,0.0,0.0,0.0,None,0.0,0,2023-04-01,0.8660254037844387,-0.4999999999999998,Inter_MarApr,0.0,0,None,0.0,0,None,0.0,0,None
Wayamba|Unknown,2023,5,Wayamba,Unknown,0.0,0.0,0.0,0.0,0.0,0.0,0.0,0.0,0.0,0.0,0.0,0.0,0.0,0.0,0.0,0.0,None,0.0,0,2023-05-01,0.49999999999999994,-0.8660254037844387,SW_monsoon,0.0,0,None,0.0,0,None,0.0,0,None
Wayamba|Unknown,2023,6,Wayamba,Unknown,0.0,0.0,0.0,0.0,0.0,0.0,0.0,0.0,0.0,0.0,0.0,0.0,0.0,0.0,0.0,0.0,None,0.0,0,2023-06-01,1.2246467991473532e-16,-1.0,SW_monsoon,0.0,0,None,0.0,0,None,0.0,0,None
Wayamba|Unknown,2023,7,Wayamba,Unknown,0.0,0.0,0.0,0.0,0.0,0.0,0.0,0.0,0.0,0.0,0.0,0.0,0.0,0.0,0.0,0.0,None,0.0,0,2023-07-01,-0.4999999999999997,-0.8660254037844388,SW_monsoon,0.0,0,None,0.0,0,None,0.0,0,None
Wayamba|Unknown,2023,8,Wayamba,Unknown,0.0,0.0,0.0,0.0,0.0,0.0,0.0,0.0,0.0,0.0,0.0,0.0,0.0,0.0,0.0,0.0,None,0.0,0,2023-08-01,-0.8660254037844384,-0.5000000000000004,SW_monsoon,0.0,0,None,0.0,0,None,0.0,0,None
Wayamba|Unknown,2023,9,Wayamba,Unknown,0.0,0.0,0.0,0.0,0.0,0.0,0.0,0.0,0.0,0.0,0.0,0.0,0.0,0.0,0.0,0.0,None,0.0,0,2023-09-01,-1.0,-1.8369701987210297e-16,SW_monsoon,0.0,0,None,0.0,0,None,0.0,0,None
Wayamba|Unknown,2023,10,Wayamba,Unknown,0.0,0.0,0.0,0.0,0.0,0.0,0.0,0.0,0.0,0.0,0.0,0.0,0.0,0.0,0.0,0.0,None,0.0,0,2023-10-01,-0.8660254037844386,0.5000000000000001,Inter_OctNov,0.0,0,None,0.0,0,None,0.0,0,None
Wayamba|Unknown,2023,11,Wayamba,Unknown,0.0,0.0,0.0,0.0,0.0,0.0,0.0,0.0,0.0,0.0,0.0,0.0,0.0,0.0,0.0,0.0,None,0.0,0,2023-11-01,-0.5000000000000004,0.8660254037844384,Inter_OctNov,0.0,0,None,0.0,0,None,0.0,0,None
Wayamba|Unknown,2023,12,Wayamba,Unknown,0.0,0.0,0.0,0.0,0.0,0.0,0.0,0.0,0.0,0.0,0.0,0.0,0.0,0.0,0.0,0.0,None,0.0,0,2023-12-01,-2.4492935982947064e-16,1.0,NE_monsoon,0.0,0,None,0.0,0,None,0.0,0,None
Wayamba|Unknown,2024,1,Wayamba,Unknown,0.0,0.0,0.0,0.0,0.0,0.0,0.0,0.0,0.0,0.0,0.0,0.0,0.0,0.0,0.0,0.0,None,0.0,0,2024-01-01,0.49999999999999994,0.8660254037844387,NE_monsoon,0.0,0,None,0.0,0,None,0.0,0,None
Wayamba|Unknown,2024,2,Wayamba,Unknown,0.0,0.0,0.0,0.0,0.0,0.0,0.0,0.0,0.0,0.0,0.0,0.0,0.0,0.0,0.0,0.0,None,0.0,0,2024-02-01,0.8660254037844386,0.5000000000000001,NE_monsoon,0.0,0,None,0.0,0,None,0.0,0,None
Wayamba|Unknown,2024,3,Wayamba,Unknown,0.0,0.0,0.0,0.0,0.0,0.0,0.0,0.0,0.0,0.0,0.0,0.0,0.0,0.0,0.0,0.0,None,0.0,0,2024-03-01,1.0,6.123233995736766e-17,Inter_MarApr,0.0,0,None,0.0,0,None,0.0,0,None
Wayamba|Unknown,2024,4,Wayamba,Unknown,0.0,0.0,0.0,0.0,0.0,0.0,0.0,0.0,0.0,0.0,0.0,0.0,0.0,0.0,0.0,0.0,None,0.0,0,2024-04-01,0.8660254037844387,-0.4999999999999998,Inter_MarApr,0.0,0,None,0.0,0,None,0.0,0,None
Wayamba|Unknown,2024,5,Wayamba,Unknown,0.0,0.0,0.0,0.0,0.0,0.0,0.0,0.0,0.0,0.0,0.0,0.0,0.0,0.0,0.0,0.0,None,0.0,0,2024-05-01,0.49999999999999994,-0.8660254037844387,SW_monsoon,0.0,0,None,0.0,0,None,0.0,0,None
Wayamba|Unknown,2024,6,Wayamba,Unknown,0.0,0.0,0.0,0.0,0.0,0.0,0.0,0.0,0.0,0.0,0.0,0.0,0.0,0.0,0.0,0.0,None,0.0,0,2024-06-01,1.2246467991473532e-16,-1.0,SW_monsoon,0.0,0,None,0.0,0,None,0.0,0,None
Wayamba|Unknown,2024,7,Wayamba,Unknown,0.0,0.0,0.0,0.0,0.0,0.0,0.0,0.0,0.0,0.0,0.0,0.0,0.0,0.0,0.0,0.0,None,0.0,0,2024-07-01,-0.4999999999999997,-0.8660254037844388,SW_monsoon,0.0,0,None,0.0,0,None,0.0,0,None
Wayamba|Unknown,2024,8,Wayamba,Unknown,0.0,0.0,0.0,0.0,0.0,0.0,0.0,0.0,0.0,0.0,0.0,0.0,0.0,0.0,0.0,0.0,None,0.0,0,2024-08-01,-0.8660254037844384,-0.5000000000000004,SW_monsoon,0.0,0,None,0.0,0,None,0.0,0,None
Wayamba|Unknown,2024,9,Wayamba,Unknown,0.0,0.0,0.0,0.0,0.0,0.0,0.0,0.0,0.0,0.0,0.0,0.0,0.0,0.0,0.0,0.0,None,0.0,0,2024-09-01,-1.0,-1.8369701987210297e-16,SW_monsoon,0.0,0,None,0.0,0,None,0.0,0,None
Wayamba|Unknown,2024,10,Wayamba,Unknown,0.0,0.0,0.0,0.0,0.0,0.0,0.0,0.0,0.0,0.0,0.0,0.0,0.0,0.0,0.0,0.0,None,0.0,0,2024-10-01,-0.8660254037844386,0.5000000000000001,Inter_OctNov,0.0,0,None,0.0,0,None,0.0,0,None
Wayamba|Unknown,2024,11,Wayamba,Unknown,0.0,0.0,0.0,0.0,0.0,0.0,0.0,0.0,0.0,0.0,0.0,0.0,0.0,0.0,0.0,0.0,None,0.0,0,2024-11-01,-0.5000000000000004,0.8660254037844384,Inter_OctNov,0.0,0,None,0.0,0,None,0.0,0,None
Wayamba|Unknown,2024,12,Wayamba,Unknown,0.0,0.0,0.0,0.0,0.0,0.0,0.0,0.0,0.0,0.0,0.0,0.0,0.0,0.0,0.0,0.0,None,0.0,0,2024-12-01,-2.4492935982947064e-16,1.0,NE_monsoon,0.0,0,None,0.0,0,None,0.0,0,None
Western|AD Office,2022,1,Western,AD Office,0.0,0.0,0.0,0.0,0.0,0.0,0.0,0.0,0.0,0.0,0.0,0.0,0.0,0.0,0.0,0.0,None,0.0,0,2022-01-01,0.49999999999999994,0.8660254037844387,NE_monsoon,0.0,0,None,0.0,0,None,0.0,0,None
Western|AD Office,2022,2,Western,AD Office,0.0,0.0,0.0,0.0,0.0,0.0,0.0,0.0,0.0,0.0,0.0,0.0,0.0,0.0,0.0,0.0,None,0.0,0,2022-02-01,0.8660254037844386,0.5000000000000001,NE_monsoon,0.0,0,None,0.0,0,None,0.0,0,None
Western|AD Office,2022,3,Western,AD Office,0.0,0.0,0.0,0.0,0.0,0.0,0.0,0.0,0.0,0.0,0.0,0.0,0.0,0.0,0.0,0.0,None,0.0,0,2022-03-01,1.0,6.123233995736766e-17,Inter_MarApr,0.0,0,None,0.0,0,None,0.0,0,None
Western|AD Office,2022,4,Western,AD Office,0.0,0.0,0.0,0.0,0.0,0.0,0.0,0.0,0.0,0.0,0.0,0.0,0.0,0.0,0.0,0.0,None,0.0,0,2022-04-01,0.8660254037844387,-0.4999999999999998,Inter_MarApr,0.0,0,None,0.0,0,None,0.0,0,None
Western|AD Office,2022,5,Western,AD Office,0.0,0.0,0.0,0.0,0.0,0.0,0.0,0.0,0.0,0.0,0.0,0.0,0.0,0.0,0.0,0.0,None,0.0,0,2022-05-01,0.49999999999999994,-0.8660254037844387,SW_monsoon,0.0,0,None,0.0,0,None,0.0,0,None
Western|AD Office,2022,6,Western,AD Office,0.0,0.0,0.0,0.0,0.0,0.0,0.0,0.0,0.0,0.0,0.0,0.0,0.0,0.0,0.0,0.0,None,0.0,0,2022-06-01,1.2246467991473532e-16,-1.0,SW_monsoon,0.0,0,None,0.0,0,None,0.0,0,None
Western|AD Office,2022,7,Western,AD Office,0.0,0.0,0.0,0.0,0.0,0.0,0.0,0.0,0.0,0.0,0.0,0.0,0.0,0.0,0.0,0.0,None,0.0,0,2022-07-01,-0.4999999999999997,-0.8660254037844388,SW_monsoon,0.0,0,None,0.0,0,None,0.0,0,None
Western|AD Office,2022,8,Western,AD Office,0.0,0.0,0.0,0.0,0.0,0.0,0.0,0.0,0.0,0.0,0.0,0.0,0.0,0.0,0.0,0.0,None,0.0,0,2022-08-01,-0.8660254037844384,-0.5000000000000004,SW_monsoon,0.0,0,None,0.0,0,None,0.0,0,None
Western|AD Office,2022,9,Western,AD Office,0.0,0.0,0.0,0.0,0.0,0.0,0.0,0.0,0.0,0.0,0.0,0.0,0.0,0.0,0.0,0.0,None,0.0,0,2022-09-01,-1.0,-1.8369701987210297e-16,SW_monsoon,0.0,0,None,0.0,0,None,0.0,0,None
Western|AD Office,2022,10,Western,AD Office,0.0,0.0,0.0,0.0,0.0,0.0,0.0,0.0,0.0,0.0,0.0,0.0,0.0,0.0,0.0,0.0,None,0.0,0,2022-10-01,-0.8660254037844386,0.5000000000000001,Inter_OctNov,0.0,0,None,0.0,0,None,0.0,0,None
Western|AD Office,2022,11,Western,AD Office,0.0,0.0,0.0,0.0,0.0,0.0,0.0,0.0,0.0,0.0,0.0,0.0,0.0,0.0,0.0,0.0,None,0.0,0,2022-11-01,-0.5000000000000004,0.8660254037844384,Inter_OctNov,0.0,0,None,0.0,0,None,0.0,0,None
Western|AD Office,2022,12,Western,AD Office,0.0,0.0,0.0,0.0,0.0,0.0,0.0,0.0,0.0,0.0,0.0,0.0,0.0,0.0,0.0,0.0,None,0.0,0,2022-12-01,-2.4492935982947064e-16,1.0,NE_monsoon,0.0,0,None,0.0,0,None,0.0,0,None
Western|AD Office,2023,1,Western,AD Office,0.0,0.0,0.0,0.0,0.0,0.0,0.0,0.0,0.0,0.0,0.0,0.0,0.0,0.0,0.0,0.0,None,0.0,0,2023-01-01,0.49999999999999994,0.8660254037844387,NE_monsoon,0.0,0,None,0.0,0,None,0.0,0,None
Western|AD Office,2023,2,Western,AD Office,0.0,0.0,0.0,0.0,0.0,0.0,0.0,0.0,0.0,0.0,0.0,0.0,0.0,0.0,0.0,0.0,None,0.0,0,2023-02-01,0.8660254037844386,0.5000000000000001,NE_monsoon,0.0,0,None,0.0,0,None,0.0,0,None
Western|AD Office,2023,3,Western,AD Office,0.0,0.0,0.0,0.0,0.0,0.0,0.0,0.0,0.0,0.0,0.0,4.0,0.0,0.0,7.0,0.0,Tusk Theft,11.0,1,2023-03-01,1.0,6.123233995736766e-17,Inter_MarApr,0.0,0,None,0.0,0,None,0.0,0,None
Western|AD Office,2023,4,Western,AD Office,0.0,0.0,0.0,0.0,0.0,0.0,0.0,0.0,0.0,0.0,0.0,3.0,0.0,0.0,0.0,0.0,Meat/Egg Trade,3.0,1,2023-04-01,0.8660254037844387,-0.4999999999999998,Inter_MarApr,11.0,1,Tusk Theft,0.0,0,None,0.0,0,None
Western|AD Office,2023,5,Western,AD Office,0.0,0.0,0.0,0.0,0.0,0.0,0.0,0.0,0.0,0.0,0.0,0.0,0.0,0.0,0.0,0.0,None,0.0,0,2023-05-01,0.49999999999999994,-0.8660254037844387,SW_monsoon,3.0,1,Meat/Egg Trade,11.0,1,Tusk Theft,0.0,0,None
Western|AD Office,2023,6,Western,AD Office,7.0,0.0,0.0,0.0,0.0,0.0,0.0,0.0,0.0,0.0,0.0,8.0,0.0,0.0,0.0,0.0,Meat/Egg Trade,15.0,1,2023-06-01,1.2246467991473532e-16,-1.0,SW_monsoon,0.0,0,None,3.0,1,Meat/Egg Trade,11.0,1,Tusk Theft
Western|AD Office,2023,7,Western,AD Office,0.0,0.0,0.0,0.0,0.0,0.0,0.0,0.0,0.0,0.0,0.0,0.0,0.0,0.0,0.0,0.0,None,0.0,0,2023-07-01,-0.4999999999999997,-0.8660254037844388,SW_monsoon,15.0,1,Meat/Egg Trade,0.0,0,None,3.0,1,Meat/Egg Trade
Western|AD Office,2023,8,Western,AD Office,0.0,4.0,1.0,0.0,0.0,0.0,0.0,0.0,0.0,0.0,0.0,0.0,0.0,0.0,0.0,0.0,Animal Parts Trade,5.0,1,2023-08-01,-0.8660254037844384,-0.5000000000000004,SW_monsoon,0.0,0,None,15.0,1,Meat/Egg Trade,0.0,0,None
Western|AD Office,2023,9,Western,AD Office,0.0,0.0,0.0,0.0,0.0,0.0,0.0,0.0,0.0,0.0,0.0,0.0,0.0,0.0,0.0,0.0,None,0.0,0,2023-09-01,-1.0,-1.8369701987210297e-16,SW_monsoon,5.0,1,Animal Parts Trade,0.0,0,None,15.0,1,Meat/Egg Trade
Western|AD Office,2023,10,Western,AD Office,0.0,0.0,0.0,0.0,0.0,0.0,0.0,0.0,0.0,0.0,0.0,0.0,0.0,0.0,0.0,0.0,None,0.0,0,2023-10-01,-0.8660254037844386,0.5000000000000001,Inter_OctNov,0.0,0,None,5.0,1,Animal Parts Trade,0.0,0,None
Western|AD Office,2023,11,Western,AD Office,0.0,0.0,0.0,0.0,0.0,0.0,0.0,0.0,0.0,0.0,0.0,0.0,0.0,0.0,0.0,0.0,None,0.0,0,2023-11-01,-0.5000000000000004,0.8660254037844384,Inter_OctNov,0.0,0,None,0.0,0,None,5.0,1,Animal Parts Trade
Western|AD Office,2023,12,Western,AD Office,0.0,0.0,0.0,0.0,0.0,0.0,0.0,0.0,0.0,0.0,0.0,0.0,0.0,0.0,0.0,0.0,None,0.0,0,2023-12-01,-2.4492935982947064e-16,1.0,NE_monsoon,0.0,0,None,0.0,0,None,0.0,0,None
Western|AD Office,2024,1,Western,AD Office,0.0,0.0,0.0,0.0,0.0,0.0,0.0,0.0,0.0,0.0,0.0,0.0,0.0,0.0,0.0,0.0,None,0.0,0,2024-01-01,0.49999999999999994,0.8660254037844387,NE_monsoon,0.0,0,None,0.0,0,None,0.0,0,None
Western|AD Office,2024,2,Western,AD Office,0.0,0.0,0.0,0.0,0.0,0.0,0.0,0.0,0.0,0.0,0.0,0.0,0.0,0.0,0.0,0.0,None,0.0,0,2024-02-01,0.8660254037844386,0.5000000000000001,NE_monsoon,0.0,0,None,0.0,0,None,0.0,0,None
Western|AD Office,2024,3,Western,AD Office,0.0,0.0,0.0,0.0,0.0,0.0,0.0,0.0,0.0,0.0,0.0,0.0,0.0,0.0,0.0,0.0,None,0.0,0,2024-03-01,1.0,6.123233995736766e-17,Inter_MarApr,0.0,0,None,0.0,0,None,0.0,0,None
Western|AD Office,2024,4,Western,AD Office,0.0,0.0,0.0,0.0,0.0,0.0,0.0,0.0,0.0,0.0,0.0,0.0,0.0,0.0,0.0,0.0,None,0.0,0,2024-04-01,0.8660254037844387,-0.4999999999999998,Inter_MarApr,0.0,0,None,0.0,0,None,0.0,0,None
Western|AD Office,2024,5,Western,AD Office,0.0,0.0,0.0,0.0,0.0,0.0,0.0,0.0,0.0,0.0,0.0,0.0,0.0,0.0,0.0,0.0,None,0.0,0,2024-05-01,0.49999999999999994,-0.8660254037844387,SW_monsoon,0.0,0,None,0.0,0,None,0.0,0,None
Western|AD Office,2024,6,Western,AD Office,0.0,0.0,0.0,0.0,0.0,0.0,0.0,0.0,0.0,0.0,0.0,0.0,0.0,0.0,0.0,0.0,None,0.0,0,2024-06-01,1.2246467991473532e-16,-1.0,SW_monsoon,0.0,0,None,0.0,0,None,0.0,0,None
Western|AD Office,2024,7,Western,AD Office,0.0,0.0,0.0,0.0,0.0,0.0,0.0,0.0,0.0,0.0,0.0,0.0,0.0,0.0,0.0,0.0,None,0.0,0,2024-07-01,-0.4999999999999997,-0.8660254037844388,SW_monsoon,0.0,0,None,0.0,0,None,0.0,0,None
Western|AD Office,2024,8,Western,AD Office,0.0,0.0,0.0,0.0,0.0,0.0,0.0,0.0,0.0,0.0,0.0,0.0,0.0,0.0,0.0,0.0,None,0.0,0,2024-08-01,-0.8660254037844384,-0.5000000000000004,SW_monsoon,0.0,0,None,0.0,0,None,0.0,0,None
Western|AD Office,2024,9,Western,AD Office,0.0,0.0,0.0,0.0,0.0,0.0,0.0,0.0,0.0,0.0,0.0,0.0,0.0,0.0,0.0,0.0,None,0.0,0,2024-09-01,-1.0,-1.8369701987210297e-16,SW_monsoon,0.0,0,None,0.0,0,None,0.0,0,None
Western|AD Office,2024,10,Western,AD Office,0.0,0.0,0.0,0.0,0.0,0.0,0.0,0.0,0.0,0.0,0.0,0.0,0.0,0.0,0.0,0.0,None,0.0,0,2024-10-01,-0.8660254037844386,0.5000000000000001,Inter_OctNov,0.0,0,None,0.0,0,None,0.0,0,None
Western|AD Office,2024,11,Western,AD Office,0.0,0.0,0.0,0.0,0.0,0.0,0.0,0.0,0.0,0.0,0.0,0.0,0.0,0.0,0.0,0.0,None,0.0,0,2024-11-01,-0.5000000000000004,0.8660254037844384,Inter_OctNov,0.0,0,None,0.0,0,None,0.0,0,None
Western|AD Office,2024,12,Western,AD Office,0.0,1.0,0.0,0.0,0.0,0.0,0.0,0.0,0.0,0.0,0.0,0.0,0.0,0.0,3.0,0.0,Tusk Theft,4.0,1,2024-12-01,-2.4492935982947064e-16,1.0,NE_monsoon,0.0,0,None,0.0,0,None,0.0,0,None
Western|Bellanwila Range,2022,1,Western,Bellanwila Range,0.0,0.0,0.0,0.0,0.0,0.0,0.0,0.0,0.0,0.0,0.0,0.0,0.0,0.0,0.0,0.0,None,0.0,0,2022-01-01,0.49999999999999994,0.8660254037844387,NE_monsoon,0.0,0,None,0.0,0,None,0.0,0,None
Western|Bellanwila Range,2022,2,Western,Bellanwila Range,0.0,0.0,0.0,0.0,0.0,0.0,0.0,0.0,0.0,0.0,0.0,0.0,0.0,0.0,0.0,0.0,None,0.0,0,2022-02-01,0.8660254037844386,0.5000000000000001,NE_monsoon,0.0,0,None,0.0,0,None,0.0,0,None
Western|Bellanwila Range,2022,3,Western,Bellanwila Range,0.0,3.0,0.0,0.0,0.0,0.0,0.0,0.0,0.0,0.0,0.0,0.0,0.0,0.0,0.0,0.0,Animal Parts Trade,3.0,1,2022-03-01,1.0,6.123233995736766e-17,Inter_MarApr,0.0,0,None,0.0,0,None,0.0,0,None
Western|Bellanwila Range,2022,4,Western,Bellanwila Range,0.0,3.0,0.0,0.0,0.0,0.0,0.0,0.0,0.0,0.0,0.0,0.0,0.0,0.0,0.0,0.0,Animal Parts Trade,3.0,1,2022-04-01,0.8660254037844387,-0.4999999999999998,Inter_MarApr,3.0,1,Animal Parts Trade,0.0,0,None,0.0,0,None
Western|Bellanwila Range,2022,5,Western,Bellanwila Range,0.0,0.0,0.0,0.0,0.0,0.0,0.0,0.0,0.0,0.0,0.0,0.0,0.0,1.0,0.0,0.0,Other,1.0,1,2022-05-01,0.49999999999999994,-0.8660254037844387,SW_monsoon,3.0,1,Animal Parts Trade,3.0,1,Animal Parts Trade,0.0,0,None
Western|Bellanwila Range,2022,6,Western,Bellanwila Range,81.0,0.0,0.0,0.0,0.0,0.0,0.0,0.0,0.0,0.0,0.0,0.0,0.0,0.0,0.0,0.0,Animal Death/Injury,81.0,1,2022-06-01,1.2246467991473532e-16,-1.0,SW_monsoon,1.0,1,Other,3.0,1,Animal Parts Trade,3.0,1,Animal Parts Trade
Western|Bellanwila Range,2022,7,Western,Bellanwila Range,0.0,0.0,0.0,0.0,0.0,0.0,0.0,0.0,0.0,0.0,0.0,0.0,0.0,0.0,0.0,0.0,None,0.0,0,2022-07-01,-0.4999999999999997,-0.8660254037844388,SW_monsoon,81.0,1,Animal Death/Injury,1.0,1,Other,3.0,1,Animal Parts Trade
Western|Bellanwila Range,2022,8,Western,Bellanwila Range,3.0,2.0,0.0,0.0,0.0,0.0,0.0,0.0,0.0,0.0,0.0,0.0,0.0,0.0,0.0,0.0,Animal Death/Injury,5.0,1,2022-08-01,-0.8660254037844384,-0.5000000000000004,SW_monsoon,0.0,0,None,81.0,1,Animal Death/Injury,1.0,1,Other
Western|Bellanwila Range,2022,9,Western,Bellanwila Range,36.0,0.0,0.0,0.0,0.0,0.0,0.0,0.0,0.0,0.0,0.0,0.0,0.0,0.0,0.0,0.0,Animal Death/Injury,36.0,1,2022-09-01,-1.0,-1.8369701987210297e-16,SW_monsoon,5.0,1,Animal Death/Injury,0.0,0,None,81.0,1,Animal Death/Injury
Western|Bellanwila Range,2022,10,Western,Bellanwila Range,0.0,0.0,0.0,0.0,0.0,0.0,0.0,0.0,0.0,0.0,0.0,0.0,0.0,0.0,0.0,0.0,None,0.0,0,2022-10-01,-0.8660254037844386,0.5000000000000001,Inter_OctNov,36.0,1,Animal Death/Injury,5.0,1,Animal Death/Injury,0.0,0,None
Western|Bellanwila Range,2022,11,Western,Bellanwila Range,0.0,0.0,0.0,0.0,0.0,0.0,0.0,0.0,0.0,0.0,0.0,0.0,0.0,0.0,0.0,0.0,None,0.0,0,2022-11-01,-0.5000000000000004,0.8660254037844384,Inter_OctNov,0.0,0,None,36.0,1,Animal Death/Injury,5.0,1,Animal Death/Injury
Western|Bellanwila Range,2022,12,Western,Bellanwila Range,0.0,0.0,0.0,0.0,0.0,0.0,0.0,0.0,0.0,0.0,0.0,0.0,0.0,0.0,0.0,0.0,None,0.0,0,2022-12-01,-2.4492935982947064e-16,1.0,NE_monsoon,0.0,0,None,0.0,0,None,36.0,1,Animal Death/Injury
Western|Bellanwila Range,2023,1,Western,Bellanwila Range,6.0,0.0,0.0,0.0,0.0,0.0,0.0,0.0,0.0,0.0,0.0,0.0,0.0,19.0,0.0,0.0,Animal Death/Injury,25.0,1,2023-01-01,0.49999999999999994,0.8660254037844387,NE_monsoon,0.0,0,None,0.0,0,None,0.0,0,None
Western|Bellanwila Range,2023,2,Western,Bellanwila Range,47.0,0.0,0.0,0.0,0.0,0.0,0.0,0.0,0.0,0.0,0.0,0.0,0.0,11.0,0.0,0.0,Animal Death/Injury,58.0,1,2023-02-01,0.8660254037844386,0.5000000000000001,NE_monsoon,25.0,1,Animal Death/Injury,0.0,0,None,0.0,0,None
Western|Bellanwila Range,2023,3,Western,Bellanwila Range,0.0,0.0,0.0,0.0,0.0,0.0,0.0,0.0,0.0,0.0,0.0,0.0,0.0,0.0,0.0,0.0,None,0.0,0,2023-03-01,1.0,6.123233995736766e-17,Inter_MarApr,58.0,1,Animal Death/Injury,25.0,1,Animal Death/Injury,0.0,0,None
Western|Bellanwila Range,2023,4,Western,Bellanwila Range,0.0,0.0,0.0,0.0,0.0,0.0,0.0,0.0,0.0,0.0,0.0,0.0,0.0,0.0,0.0,1.0,Weapons/Traps,1.0,1,2023-04-01,0.8660254037844387,-0.4999999999999998,Inter_MarApr,0.0,0,None,58.0,1,Animal Death/Injury,25.0,1,Animal Death/Injury
Western|Bellanwila Range,2023,5,Western,Bellanwila Range,0.0,0.0,0.0,0.0,0.0,0.0,0.0,0.0,0.0,0.0,0.0,0.0,0.0,10.0,0.0,0.0,Other,10.0,1,2023-05-01,0.49999999999999994,-0.8660254037844387,SW_monsoon,1.0,1,Weapons/Traps,0.0,0,None,58.0,1,Animal Death/Injury
Western|Bellanwila Range,2023,6,Western,Bellanwila Range,19.0,0.0,0.0,0.0,0.0,0.0,0.0,0.0,0.0,0.0,0.0,0.0,0.0,0.0,0.0,0.0,Animal Death/Injury,19.0,1,2023-06-01,1.2246467991473532e-16,-1.0,SW_monsoon,10.0,1,Other,1.0,1,Weapons/Traps,0.0,0,None
Western|Bellanwila Range,2023,7,Western,Bellanwila Range,0.0,17.0,0.0,0.0,0.0,0.0,0.0,0.0,0.0,0.0,0.0,0.0,0.0,0.0,0.0,0.0,Animal Parts Trade,17.0,1,2023-07-01,-0.4999999999999997,-0.8660254037844388,SW_monsoon,19.0,1,Animal Death/Injury,10.0,1,Other,1.0,1,Weapons/Traps
Western|Bellanwila Range,2023,8,Western,Bellanwila Range,81.0,0.0,0.0,0.0,0.0,0.0,0.0,0.0,0.0,0.0,0.0,0.0,0.0,22.0,0.0,0.0,Animal Death/Injury,103.0,1,2023-08-01,-0.8660254037844384,-0.5000000000000004,SW_monsoon,17.0,1,Animal Parts Trade,19.0,1,Animal Death/Injury,10.0,1,Other
Western|Bellanwila Range,2023,9,Western,Bellanwila Range,0.0,0.0,23.0,0.0,0.0,0.0,0.0,0.0,0.0,0.0,0.0,0.0,0.0,0.0,0.0,0.0,Animal Possession,23.0,1,2023-09-01,-1.0,-1.8369701987210297e-16,SW_monsoon,103.0,1,Animal Death/Injury,17.0,1,Animal Parts Trade,19.0,1,Animal Death/Injury
Western|Bellanwila Range,2023,10,Western,Bellanwila Range,0.0,0.0,0.0,0.0,0.0,0.0,0.0,0.0,0.0,0.0,0.0,0.0,0.0,0.0,0.0,0.0,None,0.0,0,2023-10-01,-0.8660254037844386,0.5000000000000001,Inter_OctNov,23.0,1,Animal Possession,103.0,1,Animal Death/Injury,17.0,1,Animal Parts Trade
Western|Bellanwila Range,2023,11,Western,Bellanwila Range,0.0,0.0,0.0,0.0,0.0,0.0,0.0,0.0,0.0,0.0,0.0,0.0,0.0,2.0,0.0,0.0,Other,2.0,1,2023-11-01,-0.5000000000000004,0.8660254037844384,Inter_OctNov,0.0,0,None,23.0,1,Animal Possession,103.0,1,Animal Death/Injury
Western|Bellanwila Range,2023,12,Western,Bellanwila Range,0.0,0.0,0.0,0.0,0.0,0.0,0.0,0.0,0.0,0.0,0.0,0.0,0.0,0.0,0.0,0.0,None,0.0,0,2023-12-01,-2.4492935982947064e-16,1.0,NE_monsoon,2.0,1,Other,0.0,0,None,23.0,1,Animal Possession
Western|Bellanwila Range,2024,1,Western,Bellanwila Range,0.0,0.0,1.0,0.0,0.0,0.0,0.0,0.0,0.0,0.0,0.0,0.0,0.0,0.0,0.0,0.0,Animal Possession,1.0,1,2024-01-01,0.49999999999999994,0.8660254037844387,NE_monsoon,0.0,0,None,2.0,1,Other,0.0,0,None
Western|Bellanwila Range,2024,2,Western,Bellanwila Range,0.0,0.0,0.0,0.0,0.0,0.0,0.0,0.0,0.0,0.0,0.0,0.0,0.0,0.0,0.0,0.0,None,0.0,0,2024-02-01,0.8660254037844386,0.5000000000000001,NE_monsoon,1.0,1,Animal Possession,0.0,0,None,2.0,1,Other
Western|Bellanwila Range,2024,3,Western,Bellanwila Range,0.0,0.0,0.0,0.0,0.0,0.0,0.0,0.0,0.0,0.0,0.0,0.0,0.0,0.0,0.0,0.0,None,0.0,0,2024-03-01,1.0,6.123233995736766e-17,Inter_MarApr,0.0,0,None,1.0,1,Animal Possession,0.0,0,None
Western|Bellanwila Range,2024,4,Western,Bellanwila Range,0.0,0.0,0.0,0.0,0.0,0.0,0.0,0.0,0.0,0.0,0.0,0.0,0.0,0.0,0.0,0.0,None,0.0,0,2024-04-01,0.8660254037844387,-0.4999999999999998,Inter_MarApr,0.0,0,None,0.0,0,None,1.0,1,Animal Possession
Western|Bellanwila Range,2024,5,Western,Bellanwila Range,9.0,0.0,5.0,0.0,0.0,0.0,0.0,0.0,0.0,0.0,0.0,0.0,0.0,0.0,0.0,0.0,Animal Death/Injury,14.0,1,2024-05-01,0.49999999999999994,-0.8660254037844387,SW_monsoon,0.0,0,None,0.0,0,None,0.0,0,None
Western|Bellanwila Range,2024,6,Western,Bellanwila Range,0.0,0.0,3.0,0.0,0.0,9.0,0.0,0.0,0.0,0.0,0.0,0.0,0.0,2.0,0.0,0.0,Encroachment/Land,14.0,1,2024-06-01,1.2246467991473532e-16,-1.0,SW_monsoon,14.0,1,Animal Death/Injury,0.0,0,None,0.0,0,None
Western|Bellanwila Range,2024,7,Western,Bellanwila Range,0.0,0.0,0.0,0.0,0.0,0.0,0.0,0.0,0.0,0.0,0.0,0.0,0.0,5.0,0.0,0.0,Other,5.0,1,2024-07-01,-0.4999999999999997,-0.8660254037844388,SW_monsoon,14.0,1,Encroachment/Land,14.0,1,Animal Death/Injury,0.0,0,None
Western|Bellanwila Range,2024,8,Western,Bellanwila Range,0.0,0.0,0.0,0.0,0.0,0.0,0.0,0.0,0.0,0.0,0.0,0.0,0.0,0.0,0.0,0.0,None,0.0,0,2024-08-01,-0.8660254037844384,-0.5000000000000004,SW_monsoon,5.0,1,Other,14.0,1,Encroachment/Land,14.0,1,Animal Death/Injury
Western|Bellanwila Range,2024,9,Western,Bellanwila Range,0.0,0.0,0.0,0.0,0.0,0.0,0.0,0.0,0.0,0.0,0.0,0.0,0.0,0.0,0.0,0.0,None,0.0,0,2024-09-01,-1.0,-1.8369701987210297e-16,SW_monsoon,0.0,0,None,5.0,1,Other,14.0,1,Encroachment/Land
Western|Bellanwila Range,2024,10,Western,Bellanwila Range,0.0,0.0,0.0,0.0,0.0,0.0,0.0,0.0,0.0,0.0,0.0,0.0,0.0,0.0,0.0,0.0,None,0.0,0,2024-10-01,-0.8660254037844386,0.5000000000000001,Inter_OctNov,0.0,0,None,0.0,0,None,5.0,1,Other
Western|Bellanwila Range,2024,11,Western,Bellanwila Range,0.0,0.0,0.0,0.0,0.0,0.0,0.0,0.0,0.0,0.0,0.0,0.0,0.0,0.0,0.0,0.0,None,0.0,0,2024-11-01,-0.5000000000000004,0.8660254037844384,Inter_OctNov,0.0,0,None,0.0,0,None,0.0,0,None
Western|Bellanwila Range,2024,12,Western,Bellanwila Range,0.0,0.0,0.0,0.0,0.0,0.0,0.0,0.0,0.0,0.0,0.0,0.0,0.0,0.0,0.0,0.0,None,0.0,0,2024-12-01,-2.4492935982947064e-16,1.0,NE_monsoon,0.0,0,None,0.0,0,None,0.0,0,None
Western|Bulathkohupitia Beat,2022,1,Western,Bulathkohupitia Beat,0.0,0.0,0.0,0.0,0.0,0.0,0.0,0.0,0.0,0.0,0.0,0.0,0.0,0.0,0.0,0.0,None,0.0,0,2022-01-01,0.49999999999999994,0.8660254037844387,NE_monsoon,0.0,0,None,0.0,0,None,0.0,0,None
Western|Bulathkohupitia Beat,2022,2,Western,Bulathkohupitia Beat,0.0,0.0,0.0,0.0,0.0,0.0,0.0,0.0,0.0,0.0,0.0,0.0,0.0,0.0,0.0,0.0,None,0.0,0,2022-02-01,0.8660254037844386,0.5000000000000001,NE_monsoon,0.0,0,None,0.0,0,None,0.0,0,None
Western|Bulathkohupitia Beat,2022,3,Western,Bulathkohupitia Beat,0.0,0.0,0.0,0.0,0.0,0.0,0.0,0.0,0.0,0.0,0.0,0.0,0.0,0.0,0.0,0.0,None,0.0,0,2022-03-01,1.0,6.123233995736766e-17,Inter_MarApr,0.0,0,None,0.0,0,None,0.0,0,None
Western|Bulathkohupitia Beat,2022,4,Western,Bulathkohupitia Beat,0.0,0.0,0.0,0.0,0.0,0.0,0.0,0.0,0.0,0.0,0.0,0.0,0.0,0.0,0.0,0.0,None,0.0,0,2022-04-01,0.8660254037844387,-0.4999999999999998,Inter_MarApr,0.0,0,None,0.0,0,None,0.0,0,None
Western|Bulathkohupitia Beat,2022,5,Western,Bulathkohupitia Beat,0.0,0.0,0.0,0.0,0.0,0.0,0.0,0.0,0.0,0.0,0.0,0.0,0.0,0.0,0.0,0.0,None,0.0,0,2022-05-01,0.49999999999999994,-0.8660254037844387,SW_monsoon,0.0,0,None,0.0,0,None,0.0,0,None
Western|Bulathkohupitia Beat,2022,6,Western,Bulathkohupitia Beat,0.0,0.0,0.0,0.0,0.0,0.0,0.0,0.0,0.0,0.0,0.0,0.0,0.0,0.0,0.0,0.0,None,0.0,0,2022-06-01,1.2246467991473532e-16,-1.0,SW_monsoon,0.0,0,None,0.0,0,None,0.0,0,None
Western|Bulathkohupitia Beat,2022,7,Western,Bulathkohupitia Beat,0.0,0.0,0.0,0.0,0.0,0.0,0.0,0.0,0.0,0.0,0.0,0.0,0.0,0.0,0.0,0.0,None,0.0,0,2022-07-01,-0.4999999999999997,-0.8660254037844388,SW_monsoon,0.0,0,None,0.0,0,None,0.0,0,None
Western|Bulathkohupitia Beat,2022,8,Western,Bulathkohupitia Beat,0.0,0.0,0.0,0.0,0.0,0.0,0.0,0.0,0.0,0.0,0.0,0.0,0.0,0.0,0.0,0.0,None,0.0,0,2022-08-01,-0.8660254037844384,-0.5000000000000004,SW_monsoon,0.0,0,None,0.0,0,None,0.0,0,None
Western|Bulathkohupitia Beat,2022,9,Western,Bulathkohupitia Beat,0.0,0.0,0.0,0.0,0.0,0.0,0.0,0.0,0.0,0.0,0.0,0.0,0.0,0.0,0.0,0.0,None,0.0,0,2022-09-01,-1.0,-1.8369701987210297e-16,SW_monsoon,0.0,0,None,0.0,0,None,0.0,0,None
Western|Bulathkohupitia Beat,2022,10,Western,Bulathkohupitia Beat,0.0,0.0,0.0,0.0,0.0,0.0,0.0,0.0,0.0,0.0,0.0,0.0,0.0,0.0,0.0,0.0,None,0.0,0,2022-10-01,-0.8660254037844386,0.5000000000000001,Inter_OctNov,0.0,0,None,0.0,0,None,0.0,0,None
Western|Bulathkohupitia Beat,2022,11,Western,Bulathkohupitia Beat,0.0,0.0,0.0,0.0,0.0,0.0,0.0,0.0,0.0,0.0,0.0,0.0,0.0,0.0,0.0,0.0,None,0.0,0,2022-11-01,-0.5000000000000004,0.8660254037844384,Inter_OctNov,0.0,0,None,0.0,0,None,0.0,0,None
Western|Bulathkohupitia Beat,2022,12,Western,Bulathkohupitia Beat,0.0,0.0,0.0,0.0,0.0,0.0,0.0,0.0,0.0,0.0,0.0,0.0,0.0,0.0,0.0,0.0,None,0.0,0,2022-12-01,-2.4492935982947064e-16,1.0,NE_monsoon,0.0,0,None,0.0,0,None,0.0,0,None
Western|Bulathkohupitia Beat,2023,1,Western,Bulathkohupitia Beat,0.0,0.0,0.0,0.0,0.0,0.0,0.0,0.0,0.0,0.0,0.0,2.0,0.0,0.0,0.0,0.0,Meat/Egg Trade,2.0,1,2023-01-01,0.49999999999999994,0.8660254037844387,NE_monsoon,0.0,0,None,0.0,0,None,0.0,0,None
Western|Bulathkohupitia Beat,2023,2,Western,Bulathkohupitia Beat,0.0,0.0,0.0,0.0,0.0,0.0,0.0,0.0,0.0,0.0,0.0,0.0,0.0,0.0,0.0,0.0,None,0.0,0,2023-02-01,0.8660254037844386,0.5000000000000001,NE_monsoon,2.0,1,Meat/Egg Trade,0.0,0,None,0.0,0,None
Western|Bulathkohupitia Beat,2023,3,Western,Bulathkohupitia Beat,0.0,0.0,0.0,0.0,0.0,0.0,0.0,0.0,0.0,0.0,0.0,0.0,0.0,0.0,0.0,1.0,Weapons/Traps,1.0,1,2023-03-01,1.0,6.123233995736766e-17,Inter_MarApr,0.0,0,None,2.0,1,Meat/Egg Trade,0.0,0,None
Western|Bulathkohupitia Beat,2023,4,Western,Bulathkohupitia Beat,0.0,0.0,0.0,0.0,0.0,0.0,0.0,0.0,0.0,0.0,0.0,0.0,0.0,0.0,0.0,0.0,None,0.0,0,2023-04-01,0.8660254037844387,-0.4999999999999998,Inter_MarApr,1.0,1,Weapons/Traps,0.0,0,None,2.0,1,Meat/Egg Trade
Western|Bulathkohupitia Beat,2023,5,Western,Bulathkohupitia Beat,0.0,0.0,0.0,0.0,0.0,0.0,0.0,0.0,0.0,0.0,0.0,14.0,0.0,0.0,0.0,0.0,Meat/Egg Trade,14.0,1,2023-05-01,0.49999999999999994,-0.8660254037844387,SW_monsoon,0.0,0,None,1.0,1,Weapons/Traps,0.0,0,None
Western|Bulathkohupitia Beat,2023,6,Western,Bulathkohupitia Beat,0.0,0.0,0.0,0.0,0.0,0.0,0.0,0.0,0.0,0.0,0.0,0.0,0.0,0.0,0.0,0.0,None,0.0,0,2023-06-01,1.2246467991473532e-16,-1.0,SW_monsoon,14.0,1,Meat/Egg Trade,0.0,0,None,1.0,1,Weapons/Traps
Western|Bulathkohupitia Beat,2023,7,Western,Bulathkohupitia Beat,0.0,8.0,0.0,0.0,0.0,0.0,0.0,0.0,0.0,0.0,0.0,18.0,0.0,0.0,0.0,0.0,Meat/Egg Trade,26.0,1,2023-07-01,-0.4999999999999997,-0.8660254037844388,SW_monsoon,0.0,0,None,14.0,1,Meat/Egg Trade,0.0,0,None
Western|Bulathkohupitia Beat,2023,8,Western,Bulathkohupitia Beat,0.0,0.0,0.0,0.0,0.0,0.0,0.0,0.0,0.0,0.0,0.0,0.0,0.0,0.0,0.0,7.0,Weapons/Traps,7.0,1,2023-08-01,-0.8660254037844384,-0.5000000000000004,SW_monsoon,26.0,1,Meat/Egg Trade,0.0,0,None,14.0,1,Meat/Egg Trade
Western|Bulathkohupitia Beat,2023,9,Western,Bulathkohupitia Beat,0.0,0.0,1.0,0.0,0.0,0.0,0.0,0.0,0.0,0.0,0.0,12.0,0.0,0.0,0.0,0.0,Meat/Egg Trade,13.0,1,2023-09-01,-1.0,-1.8369701987210297e-16,SW_monsoon,7.0,1,Weapons/Traps,26.0,1,Meat/Egg Trade,0.0,0,None
Western|Bulathkohupitia Beat,2023,10,Western,Bulathkohupitia Beat,0.0,0.0,0.0,0.0,0.0,0.0,0.0,0.0,0.0,0.0,0.0,0.0,0.0,0.0,0.0,0.0,None,0.0,0,2023-10-01,-0.8660254037844386,0.5000000000000001,Inter_OctNov,13.0,1,Meat/Egg Trade,7.0,1,Weapons/Traps,26.0,1,Meat/Egg Trade
Western|Bulathkohupitia Beat,2023,11,Western,Bulathkohupitia Beat,0.0,3.0,5.0,0.0,0.0,0.0,0.0,0.0,0.0,0.0,0.0,5.0,0.0,0.0,0.0,0.0,Animal Possession,13.0,1,2023-11-01,-0.5000000000000004,0.8660254037844384,Inter_OctNov,0.0,0,None,13.0,1,Meat/Egg Trade,7.0,1,Weapons/Traps
Western|Bulathkohupitia Beat,2023,12,Western,Bulathkohupitia Beat,0.0,0.0,0.0,0.0,0.0,0.0,0.0,0.0,0.0,0.0,0.0,0.0,0.0,0.0,0.0,0.0,None,0.0,0,2023-12-01,-2.4492935982947064e-16,1.0,NE_monsoon,13.0,1,Animal Possession,0.0,0,None,13.0,1,Meat/Egg Trade
Western|Bulathkohupitia Beat,2024,1,Western,Bulathkohupitia Beat,0.0,0.0,0.0,0.0,0.0,0.0,0.0,0.0,0.0,0.0,0.0,5.0,0.0,0.0,0.0,0.0,Meat/Egg Trade,5.0,1,2024-01-01,0.49999999999999994,0.8660254037844387,NE_monsoon,0.0,0,None,13.0,1,Animal Possession,0.0,0,None
Western|Bulathkohupitia Beat,2024,2,Western,Bulathkohupitia Beat,0.0,0.0,0.0,0.0,0.0,0.0,0.0,0.0,0.0,0.0,0.0,0.0,0.0,0.0,0.0,0.0,None,0.0,0,2024-02-01,0.8660254037844386,0.5000000000000001,NE_monsoon,5.0,1,Meat/Egg Trade,0.0,0,None,13.0,1,Animal Possession
Western|Bulathkohupitia Beat,2024,3,Western,Bulathkohupitia Beat,0.0,0.0,0.0,0.0,0.0,0.0,0.0,0.0,0.0,0.0,0.0,11.0,0.0,0.0,0.0,0.0,Meat/Egg Trade,11.0,1,2024-03-01,1.0,6.123233995736766e-17,Inter_MarApr,0.0,0,None,5.0,1,Meat/Egg Trade,0.0,0,None
Western|Bulathkohupitia Beat,2024,4,Western,Bulathkohupitia Beat,0.0,0.0,0.0,0.0,0.0,0.0,0.0,0.0,0.0,0.0,0.0,1.0,0.0,0.0,0.0,0.0,Meat/Egg Trade,1.0,1,2024-04-01,0.8660254037844387,-0.4999999999999998,Inter_MarApr,11.0,1,Meat/Egg Trade,0.0,0,None,5.0,1,Meat/Egg Trade
Western|Bulathkohupitia Beat,2024,5,Western,Bulathkohupitia Beat,0.0,0.0,0.0,0.0,0.0,0.0,0.0,0.0,0.0,0.0,0.0,0.0,0.0,0.0,0.0,0.0,None,0.0,0,2024-05-01,0.49999999999999994,-0.8660254037844387,SW_monsoon,1.0,1,Meat/Egg Trade,11.0,1,Meat/Egg Trade,0.0,0,None
Western|Bulathkohupitia Beat,2024,6,Western,Bulathkohupitia Beat,0.0,0.0,0.0,0.0,0.0,0.0,0.0,0.0,0.0,0.0,0.0,1.0,0.0,0.0,0.0,0.0,Meat/Egg Trade,1.0,1,2024-06-01,1.2246467991473532e-16,-1.0,SW_monsoon,0.0,0,None,1.0,1,Meat/Egg Trade,11.0,1,Meat/Egg Trade
Western|Bulathkohupitia Beat,2024,7,Western,Bulathkohupitia Beat,0.0,0.0,0.0,0.0,0.0,0.0,0.0,0.0,0.0,0.0,0.0,0.0,0.0,0.0,0.0,0.0,None,0.0,0,2024-07-01,-0.4999999999999997,-0.8660254037844388,SW_monsoon,1.0,1,Meat/Egg Trade,0.0,0,None,1.0,1,Meat/Egg Trade
Western|Bulathkohupitia Beat,2024,8,Western,Bulathkohupitia Beat,0.0,0.0,0.0,0.0,0.0,0.0,0.0,0.0,0.0,0.0,0.0,0.0,0.0,0.0,0.0,19.0,Weapons/Traps,19.0,1,2024-08-01,-0.8660254037844384,-0.5000000000000004,SW_monsoon,0.0,0,None,1.0,1,Meat/Egg Trade,0.0,0,None
Western|Bulathkohupitia Beat,2024,9,Western,Bulathkohupitia Beat,0.0,0.0,0.0,0.0,0.0,0.0,0.0,0.0,0.0,0.0,0.0,0.0,0.0,0.0,0.0,0.0,None,0.0,0,2024-09-01,-1.0,-1.8369701987210297e-16,SW_monsoon,19.0,1,Weapons/Traps,0.0,0,None,1.0,1,Meat/Egg Trade
Western|Bulathkohupitia Beat,2024,10,Western,Bulathkohupitia Beat,0.0,0.0,0.0,0.0,0.0,0.0,0.0,0.0,0.0,0.0,0.0,0.0,0.0,0.0,0.0,0.0,None,0.0,0,2024-10-01,-0.8660254037844386,0.5000000000000001,Inter_OctNov,0.0,0,None,19.0,1,Weapons/Traps,0.0,0,None
Western|Bulathkohupitia Beat,2024,11,Western,Bulathkohupitia Beat,0.0,0.0,0.0,0.0,0.0,0.0,0.0,0.0,0.0,0.0,0.0,0.0,0.0,0.0,0.0,0.0,None,0.0,0,2024-11-01,-0.5000000000000004,0.8660254037844384,Inter_OctNov,0.0,0,None,0.0,0,None,19.0,1,Weapons/Traps
Western|Bulathkohupitia Beat,2024,12,Western,Bulathkohupitia Beat,0.0,0.0,0.0,0.0,0.0,0.0,0.0,0.0,0.0,0.0,0.0,0.0,0.0,0.0,0.0,0.0,None,0.0,0,2024-12-01,-2.4492935982947064e-16,1.0,NE_monsoon,0.0,0,None,0.0,0,None,0.0,0,None
Western|Hikkaduwa NP,2022,1,Western,Hikkaduwa NP,0.0,0.0,0.0,0.0,0.0,0.0,0.0,0.0,0.0,0.0,0.0,0.0,0.0,0.0,0.0,0.0,None,0.0,0,2022-01-01,0.49999999999999994,0.8660254037844387,NE_monsoon,0.0,0,None,0.0,0,None,0.0,0,None
Western|Hikkaduwa NP,2022,2,Western,Hikkaduwa NP,0.0,0.0,0.0,0.0,0.0,0.0,0.0,0.0,0.0,0.0,0.0,0.0,0.0,0.0,0.0,0.0,None,0.0,0,2022-02-01,0.8660254037844386,0.5000000000000001,NE_monsoon,0.0,0,None,0.0,0,None,0.0,0,None
Western|Hikkaduwa NP,2022,3,Western,Hikkaduwa NP,0.0,0.0,0.0,0.0,0.0,0.0,0.0,0.0,0.0,0.0,0.0,0.0,0.0,0.0,0.0,0.0,None,0.0,0,2022-03-01,1.0,6.123233995736766e-17,Inter_MarApr,0.0,0,None,0.0,0,None,0.0,0,None
Western|Hikkaduwa NP,2022,4,Western,Hikkaduwa NP,0.0,0.0,0.0,0.0,0.0,0.0,0.0,0.0,0.0,0.0,0.0,0.0,0.0,0.0,0.0,0.0,None,0.0,0,2022-04-01,0.8660254037844387,-0.4999999999999998,Inter_MarApr,0.0,0,None,0.0,0,None,0.0,0,None
Western|Hikkaduwa NP,2022,5,Western,Hikkaduwa NP,0.0,0.0,0.0,0.0,0.0,0.0,0.0,0.0,0.0,0.0,0.0,0.0,0.0,0.0,0.0,0.0,None,0.0,0,2022-05-01,0.49999999999999994,-0.8660254037844387,SW_monsoon,0.0,0,None,0.0,0,None,0.0,0,None
Western|Hikkaduwa NP,2022,6,Western,Hikkaduwa NP,0.0,0.0,0.0,0.0,0.0,0.0,0.0,0.0,0.0,0.0,0.0,0.0,0.0,0.0,0.0,0.0,None,0.0,0,2022-06-01,1.2246467991473532e-16,-1.0,SW_monsoon,0.0,0,None,0.0,0,None,0.0,0,None
Western|Hikkaduwa NP,2022,7,Western,Hikkaduwa NP,0.0,0.0,0.0,0.0,0.0,0.0,0.0,0.0,0.0,0.0,0.0,0.0,0.0,0.0,0.0,0.0,None,0.0,0,2022-07-01,-0.4999999999999997,-0.8660254037844388,SW_monsoon,0.0,0,None,0.0,0,None,0.0,0,None
Western|Hikkaduwa NP,2022,8,Western,Hikkaduwa NP,0.0,0.0,0.0,0.0,0.0,0.0,0.0,0.0,0.0,0.0,0.0,0.0,0.0,0.0,0.0,0.0,None,0.0,0,2022-08-01,-0.8660254037844384,-0.5000000000000004,SW_monsoon,0.0,0,None,0.0,0,None,0.0,0,None
Western|Hikkaduwa NP,2022,9,Western,Hikkaduwa NP,0.0,0.0,0.0,0.0,0.0,0.0,0.0,0.0,0.0,0.0,0.0,0.0,0.0,0.0,0.0,0.0,None,0.0,0,2022-09-01,-1.0,-1.8369701987210297e-16,SW_monsoon,0.0,0,None,0.0,0,None,0.0,0,None
Western|Hikkaduwa NP,2022,10,Western,Hikkaduwa NP,0.0,0.0,0.0,0.0,0.0,0.0,0.0,0.0,0.0,0.0,0.0,0.0,0.0,0.0,0.0,0.0,None,0.0,0,2022-10-01,-0.8660254037844386,0.5000000000000001,Inter_OctNov,0.0,0,None,0.0,0,None,0.0,0,None
Western|Hikkaduwa NP,2022,11,Western,Hikkaduwa NP,0.0,0.0,0.0,0.0,0.0,0.0,0.0,0.0,0.0,0.0,0.0,0.0,0.0,0.0,0.0,0.0,None,0.0,0,2022-11-01,-0.5000000000000004,0.8660254037844384,Inter_OctNov,0.0,0,None,0.0,0,None,0.0,0,None
Western|Hikkaduwa NP,2022,12,Western,Hikkaduwa NP,0.0,0.0,0.0,0.0,0.0,0.0,0.0,0.0,0.0,0.0,0.0,0.0,0.0,0.0,0.0,0.0,None,0.0,0,2022-12-01,-2.4492935982947064e-16,1.0,NE_monsoon,0.0,0,None,0.0,0,None,0.0,0,None
Western|Hikkaduwa NP,2023,1,Western,Hikkaduwa NP,0.0,0.0,0.0,0.0,0.0,0.0,0.0,0.0,0.0,0.0,0.0,1.0,0.0,0.0,0.0,0.0,Meat/Egg Trade,1.0,1,2023-01-01,0.49999999999999994,0.8660254037844387,NE_monsoon,0.0,0,None,0.0,0,None,0.0,0,None
Western|Hikkaduwa NP,2023,2,Western,Hikkaduwa NP,0.0,7.0,0.0,0.0,0.0,0.0,0.0,0.0,0.0,0.0,0.0,2.0,0.0,0.0,0.0,0.0,Animal Parts Trade,9.0,1,2023-02-01,0.8660254037844386,0.5000000000000001,NE_monsoon,1.0,1,Meat/Egg Trade,0.0,0,None,0.0,0,None
Western|Hikkaduwa NP,2023,3,Western,Hikkaduwa NP,0.0,0.0,0.0,0.0,0.0,0.0,0.0,0.0,0.0,0.0,0.0,0.0,0.0,0.0,0.0,0.0,None,0.0,0,2023-03-01,1.0,6.123233995736766e-17,Inter_MarApr,9.0,1,Animal Parts Trade,1.0,1,Meat/Egg Trade,0.0,0,None
Western|Hikkaduwa NP,2023,4,Western,Hikkaduwa NP,0.0,0.0,0.0,0.0,0.0,0.0,0.0,0.0,0.0,0.0,0.0,0.0,0.0,6.0,0.0,0.0,Other,6.0,1,2023-04-01,0.8660254037844387,-0.4999999999999998,Inter_MarApr,0.0,0,None,9.0,1,Animal Parts Trade,1.0,1,Meat/Egg Trade
Western|Hikkaduwa NP,2023,5,Western,Hikkaduwa NP,9.0,0.0,0.0,0.0,0.0,0.0,0.0,0.0,0.0,0.0,0.0,0.0,0.0,0.0,0.0,0.0,Animal Death/Injury,9.0,1,2023-05-01,0.49999999999999994,-0.8660254037844387,SW_monsoon,6.0,1,Other,0.0,0,None,9.0,1,Animal Parts Trade
Western|Hikkaduwa NP,2023,6,Western,Hikkaduwa NP,0.0,0.0,0.0,0.0,0.0,0.0,0.0,0.0,0.0,0.0,0.0,0.0,0.0,0.0,0.0,0.0,None,0.0,0,2023-06-01,1.2246467991473532e-16,-1.0,SW_monsoon,9.0,1,Animal Death/Injury,6.0,1,Other,0.0,0,None
Western|Hikkaduwa NP,2023,7,Western,Hikkaduwa NP,0.0,0.0,0.0,0.0,0.0,0.0,0.0,0.0,0.0,0.0,0.0,0.0,0.0,0.0,0.0,0.0,None,0.0,0,2023-07-01,-0.4999999999999997,-0.8660254037844388,SW_monsoon,0.0,0,None,9.0,1,Animal Death/Injury,6.0,1,Other
Western|Hikkaduwa NP,2023,8,Western,Hikkaduwa NP,119.0,0.0,0.0,0.0,0.0,0.0,0.0,0.0,0.0,0.0,0.0,0.0,0.0,0.0,0.0,0.0,Animal Death/Injury,119.0,1,2023-08-01,-0.8660254037844384,-0.5000000000000004,SW_monsoon,0.0,0,None,0.0,0,None,9.0,1,Animal Death/Injury
Western|Hikkaduwa NP,2023,9,Western,Hikkaduwa NP,0.0,0.0,0.0,0.0,0.0,0.0,0.0,0.0,0.0,0.0,0.0,0.0,0.0,0.0,0.0,0.0,None,0.0,0,2023-09-01,-1.0,-1.8369701987210297e-16,SW_monsoon,119.0,1,Animal Death/Injury,0.0,0,None,0.0,0,None
Western|Hikkaduwa NP,2023,10,Western,Hikkaduwa NP,0.0,0.0,0.0,0.0,0.0,0.0,0.0,0.0,0.0,0.0,0.0,0.0,0.0,0.0,0.0,0.0,None,0.0,0,2023-10-01,-0.8660254037844386,0.5000000000000001,Inter_OctNov,0.0,0,None,119.0,1,Animal Death/Injury,0.0,0,None
Western|Hikkaduwa NP,2023,11,Western,Hikkaduwa NP,0.0,0.0,0.0,0.0,0.0,0.0,0.0,0.0,0.0,0.0,0.0,0.0,0.0,0.0,0.0,0.0,None,0.0,0,2023-11-01,-0.5000000000000004,0.8660254037844384,Inter_OctNov,0.0,0,None,0.0,0,None,119.0,1,Animal Death/Injury
Western|Hikkaduwa NP,2023,12,Western,Hikkaduwa NP,0.0,0.0,0.0,0.0,0.0,0.0,0.0,0.0,0.0,0.0,0.0,0.0,0.0,0.0,0.0,0.0,None,0.0,0,2023-12-01,-2.4492935982947064e-16,1.0,NE_monsoon,0.0,0,None,0.0,0,None,0.0,0,None
Western|Hikkaduwa NP,2024,1,Western,Hikkaduwa NP,0.0,0.0,5.0,0.0,0.0,4.0,0.0,0.0,0.0,0.0,0.0,14.0,0.0,0.0,0.0,0.0,Meat/Egg Trade,23.0,1,2024-01-01,0.49999999999999994,0.8660254037844387,NE_monsoon,0.0,0,None,0.0,0,None,0.0,0,None
Western|Hikkaduwa NP,2024,2,Western,Hikkaduwa NP,0.0,0.0,0.0,0.0,0.0,3.0,0.0,0.0,0.0,0.0,0.0,5.0,0.0,0.0,3.0,0.0,Meat/Egg Trade,11.0,1,2024-02-01,0.8660254037844386,0.5000000000000001,NE_monsoon,23.0,1,Meat/Egg Trade,0.0,0,None,0.0,0,None
Western|Hikkaduwa NP,2024,3,Western,Hikkaduwa NP,0.0,0.0,7.0,0.0,0.0,0.0,0.0,0.0,0.0,0.0,0.0,1.0,0.0,0.0,0.0,0.0,Animal Possession,8.0,1,2024-03-01,1.0,6.123233995736766e-17,Inter_MarApr,11.0,1,Meat/Egg Trade,23.0,1,Meat/Egg Trade,0.0,0,None
Western|Hikkaduwa NP,2024,4,Western,Hikkaduwa NP,0.0,0.0,0.0,0.0,0.0,0.0,0.0,0.0,0.0,0.0,0.0,0.0,0.0,0.0,0.0,0.0,None,0.0,0,2024-04-01,0.8660254037844387,-0.4999999999999998,Inter_MarApr,8.0,1,Animal Possession,11.0,1,Meat/Egg Trade,23.0,1,Meat/Egg Trade
Western|Hikkaduwa NP,2024,5,Western,Hikkaduwa NP,0.0,1.0,0.0,0.0,0.0,0.0,0.0,0.0,0.0,0.0,0.0,0.0,0.0,0.0,0.0,0.0,Animal Parts Trade,1.0,1,2024-05-01,0.49999999999999994,-0.8660254037844387,SW_monsoon,0.0,0,None,8.0,1,Animal Possession,11.0,1,Meat/Egg Trade
Western|Hikkaduwa NP,2024,6,Western,Hikkaduwa NP,0.0,0.0,0.0,0.0,0.0,0.0,0.0,0.0,0.0,0.0,0.0,0.0,0.0,0.0,0.0,0.0,None,0.0,0,2024-06-01,1.2246467991473532e-16,-1.0,SW_monsoon,1.0,1,Animal Parts Trade,0.0,0,None,8.0,1,Animal Possession
Western|Hikkaduwa NP,2024,7,Western,Hikkaduwa NP,0.0,0.0,6.0,0.0,0.0,0.0,0.0,0.0,0.0,0.0,0.0,0.0,0.0,0.0,0.0,0.0,Animal Possession,6.0,1,2024-07-01,-0.4999999999999997,-0.8660254037844388,SW_monsoon,0.0,0,None,1.0,1,Animal Parts Trade,0.0,0,None
Western|Hikkaduwa NP,2024,8,Western,Hikkaduwa NP,0.0,0.0,9.0,0.0,0.0,0.0,0.0,0.0,0.0,0.0,0.0,0.0,0.0,13.0,0.0,0.0,Animal Possession,22.0,1,2024-08-01,-0.8660254037844384,-0.5000000000000004,SW_monsoon,6.0,1,Animal Possession,0.0,0,None,1.0,1,Animal Parts Trade
Western|Hikkaduwa NP,2024,9,Western,Hikkaduwa NP,0.0,0.0,0.0,0.0,0.0,0.0,0.0,0.0,0.0,0.0,0.0,0.0,0.0,0.0,0.0,0.0,None,0.0,0,2024-09-01,-1.0,-1.8369701987210297e-16,SW_monsoon,22.0,1,Animal Possession,6.0,1,Animal Possession,0.0,0,None
Western|Hikkaduwa NP,2024,10,Western,Hikkaduwa NP,0.0,0.0,0.0,0.0,0.0,0.0,0.0,0.0,0.0,0.0,0.0,0.0,0.0,0.0,0.0,0.0,None,0.0,0,2024-10-01,-0.8660254037844386,0.5000000000000001,Inter_OctNov,0.0,0,None,22.0,1,Animal Possession,6.0,1,Animal Possession
Western|Hikkaduwa NP,2024,11,Western,Hikkaduwa NP,0.0,0.0,0.0,0.0,0.0,0.0,0.0,0.0,0.0,0.0,0.0,0.0,0.0,0.0,0.0,0.0,None,0.0,0,2024-11-01,-0.5000000000000004,0.8660254037844384,Inter_OctNov,0.0,0,None,0.0,0,None,22.0,1,Animal Possession
Western|Hikkaduwa NP,2024,12,Western,Hikkaduwa NP,0.0,0.0,0.0,0.0,0.0,0.0,0.0,0.0,0.0,0.0,0.0,0.0,0.0,0.0,0.0,0.0,None,0.0,0,2024-12-01,-2.4492935982947064e-16,1.0,NE_monsoon,0.0,0,None,0.0,0,None,0.0,0,None
Western|Horgolla NP,2022,1,Western,Horgolla NP,0.0,0.0,0.0,0.0,0.0,0.0,0.0,0.0,0.0,0.0,0.0,0.0,0.0,0.0,0.0,0.0,None,0.0,0,2022-01-01,0.49999999999999994,0.8660254037844387,NE_monsoon,0.0,0,None,0.0,0,None,0.0,0,None
Western|Horgolla NP,2022,2,Western,Horgolla NP,0.0,0.0,0.0,0.0,0.0,0.0,0.0,0.0,0.0,0.0,0.0,0.0,0.0,0.0,0.0,0.0,None,0.0,0,2022-02-01,0.8660254037844386,0.5000000000000001,NE_monsoon,0.0,0,None,0.0,0,None,0.0,0,None
Western|Horgolla NP,2022,3,Western,Horgolla NP,0.0,0.0,0.0,0.0,0.0,0.0,0.0,0.0,0.0,0.0,0.0,0.0,0.0,0.0,0.0,0.0,None,0.0,0,2022-03-01,1.0,6.123233995736766e-17,Inter_MarApr,0.0,0,None,0.0,0,None,0.0,0,None
Western|Horgolla NP,2022,4,Western,Horgolla NP,0.0,0.0,0.0,0.0,0.0,0.0,0.0,0.0,0.0,0.0,0.0,0.0,0.0,0.0,0.0,0.0,None,0.0,0,2022-04-01,0.8660254037844387,-0.4999999999999998,Inter_MarApr,0.0,0,None,0.0,0,None,0.0,0,None
Western|Horgolla NP,2022,5,Western,Horgolla NP,0.0,0.0,0.0,0.0,0.0,0.0,0.0,0.0,0.0,0.0,0.0,0.0,0.0,0.0,0.0,0.0,None,0.0,0,2022-05-01,0.49999999999999994,-0.8660254037844387,SW_monsoon,0.0,0,None,0.0,0,None,0.0,0,None
Western|Horgolla NP,2022,6,Western,Horgolla NP,0.0,0.0,0.0,0.0,0.0,0.0,0.0,0.0,0.0,0.0,0.0,0.0,0.0,0.0,0.0,0.0,None,0.0,0,2022-06-01,1.2246467991473532e-16,-1.0,SW_monsoon,0.0,0,None,0.0,0,None,0.0,0,None
Western|Horgolla NP,2022,7,Western,Horgolla NP,0.0,0.0,0.0,0.0,0.0,0.0,0.0,0.0,0.0,0.0,0.0,0.0,0.0,0.0,0.0,0.0,None,0.0,0,2022-07-01,-0.4999999999999997,-0.8660254037844388,SW_monsoon,0.0,0,None,0.0,0,None,0.0,0,None
Western|Horgolla NP,2022,8,Western,Horgolla NP,0.0,0.0,0.0,0.0,0.0,0.0,0.0,0.0,0.0,0.0,0.0,0.0,0.0,0.0,0.0,0.0,None,0.0,0,2022-08-01,-0.8660254037844384,-0.5000000000000004,SW_monsoon,0.0,0,None,0.0,0,None,0.0,0,None
Western|Horgolla NP,2022,9,Western,Horgolla NP,0.0,0.0,0.0,0.0,0.0,0.0,0.0,0.0,0.0,0.0,0.0,0.0,0.0,0.0,0.0,0.0,None,0.0,0,2022-09-01,-1.0,-1.8369701987210297e-16,SW_monsoon,0.0,0,None,0.0,0,None,0.0,0,None
Western|Horgolla NP,2022,10,Western,Horgolla NP,0.0,0.0,0.0,0.0,0.0,0.0,0.0,0.0,0.0,0.0,0.0,0.0,0.0,0.0,0.0,0.0,None,0.0,0,2022-10-01,-0.8660254037844386,0.5000000000000001,Inter_OctNov,0.0,0,None,0.0,0,None,0.0,0,None
Western|Horgolla NP,2022,11,Western,Horgolla NP,0.0,0.0,0.0,0.0,0.0,0.0,0.0,0.0,0.0,0.0,0.0,0.0,0.0,0.0,0.0,0.0,None,0.0,0,2022-11-01,-0.5000000000000004,0.8660254037844384,Inter_OctNov,0.0,0,None,0.0,0,None,0.0,0,None
Western|Horgolla NP,2022,12,Western,Horgolla NP,0.0,0.0,0.0,0.0,0.0,0.0,0.0,0.0,0.0,0.0,0.0,0.0,0.0,0.0,0.0,0.0,None,0.0,0,2022-12-01,-2.4492935982947064e-16,1.0,NE_monsoon,0.0,0,None,0.0,0,None,0.0,0,None
Western|Horgolla NP,2023,1,Western,Horgolla NP,0.0,0.0,0.0,0.0,0.0,0.0,0.0,0.0,0.0,0.0,0.0,0.0,0.0,0.0,0.0,0.0,None,0.0,0,2023-01-01,0.49999999999999994,0.8660254037844387,NE_monsoon,0.0,0,None,0.0,0,None,0.0,0,None
Western|Horgolla NP,2023,2,Western,Horgolla NP,0.0,30.0,0.0,0.0,0.0,0.0,0.0,0.0,0.0,0.0,0.0,0.0,0.0,0.0,7.0,0.0,Animal Parts Trade,37.0,1,2023-02-01,0.8660254037844386,0.5000000000000001,NE_monsoon,0.0,0,None,0.0,0,None,0.0,0,None
Western|Horgolla NP,2023,3,Western,Horgolla NP,0.0,0.0,0.0,0.0,0.0,0.0,0.0,0.0,0.0,0.0,0.0,0.0,0.0,0.0,0.0,0.0,None,0.0,0,2023-03-01,1.0,6.123233995736766e-17,Inter_MarApr,37.0,1,Animal Parts Trade,0.0,0,None,0.0,0,None
Western|Horgolla NP,2023,4,Western,Horgolla NP,0.0,2.0,0.0,0.0,0.0,0.0,0.0,0.0,0.0,0.0,0.0,0.0,0.0,0.0,0.0,0.0,Animal Parts Trade,2.0,1,2023-04-01,0.8660254037844387,-0.4999999999999998,Inter_MarApr,0.0,0,None,37.0,1,Animal Parts Trade,0.0,0,None
Western|Horgolla NP,2023,5,Western,Horgolla NP,0.0,0.0,0.0,0.0,0.0,0.0,0.0,0.0,0.0,0.0,0.0,0.0,0.0,0.0,0.0,0.0,None,0.0,0,2023-05-01,0.49999999999999994,-0.8660254037844387,SW_monsoon,2.0,1,Animal Parts Trade,0.0,0,None,37.0,1,Animal Parts Trade
Western|Horgolla NP,2023,6,Western,Horgolla NP,0.0,0.0,0.0,0.0,0.0,0.0,0.0,0.0,0.0,0.0,0.0,0.0,0.0,0.0,0.0,0.0,None,0.0,0,2023-06-01,1.2246467991473532e-16,-1.0,SW_monsoon,0.0,0,None,2.0,1,Animal Parts Trade,0.0,0,None
Western|Horgolla NP,2023,7,Western,Horgolla NP,0.0,18.0,0.0,0.0,0.0,0.0,0.0,0.0,0.0,0.0,0.0,0.0,0.0,0.0,0.0,0.0,Animal Parts Trade,18.0,1,2023-07-01,-0.4999999999999997,-0.8660254037844388,SW_monsoon,0.0,0,None,0.0,0,None,2.0,1,Animal Parts Trade
Western|Horgolla NP,2023,8,Western,Horgolla NP,0.0,0.0,0.0,0.0,0.0,0.0,0.0,0.0,0.0,0.0,0.0,0.0,0.0,0.0,0.0,0.0,None,0.0,0,2023-08-01,-0.8660254037844384,-0.5000000000000004,SW_monsoon,18.0,1,Animal Parts Trade,0.0,0,None,0.0,0,None
Western|Horgolla NP,2023,9,Western,Horgolla NP,0.0,0.0,0.0,0.0,0.0,0.0,0.0,0.0,0.0,0.0,0.0,0.0,0.0,0.0,0.0,0.0,None,0.0,0,2023-09-01,-1.0,-1.8369701987210297e-16,SW_monsoon,0.0,0,None,18.0,1,Animal Parts Trade,0.0,0,None
Western|Horgolla NP,2023,10,Western,Horgolla NP,0.0,0.0,0.0,0.0,0.0,0.0,0.0,0.0,0.0,0.0,0.0,0.0,0.0,0.0,0.0,0.0,None,0.0,0,2023-10-01,-0.8660254037844386,0.5000000000000001,Inter_OctNov,0.0,0,None,0.0,0,None,18.0,1,Animal Parts Trade
Western|Horgolla NP,2023,11,Western,Horgolla NP,0.0,0.0,0.0,0.0,0.0,0.0,0.0,0.0,0.0,0.0,0.0,0.0,0.0,0.0,0.0,0.0,None,0.0,0,2023-11-01,-0.5000000000000004,0.8660254037844384,Inter_OctNov,0.0,0,None,0.0,0,None,0.0,0,None
Western|Horgolla NP,2023,12,Western,Horgolla NP,0.0,0.0,0.0,0.0,0.0,0.0,0.0,0.0,0.0,0.0,0.0,0.0,0.0,0.0,0.0,0.0,None,0.0,0,2023-12-01,-2.4492935982947064e-16,1.0,NE_monsoon,0.0,0,None,0.0,0,None,0.0,0,None
Western|Horgolla NP,2024,1,Western,Horgolla NP,0.0,0.0,0.0,0.0,0.0,0.0,0.0,0.0,0.0,0.0,0.0,0.0,0.0,0.0,0.0,0.0,None,0.0,0,2024-01-01,0.49999999999999994,0.8660254037844387,NE_monsoon,0.0,0,None,0.0,0,None,0.0,0,None
Western|Horgolla NP,2024,2,Western,Horgolla NP,0.0,0.0,0.0,0.0,0.0,0.0,0.0,0.0,0.0,0.0,0.0,0.0,0.0,0.0,0.0,0.0,None,0.0,0,2024-02-01,0.8660254037844386,0.5000000000000001,NE_monsoon,0.0,0,None,0.0,0,None,0.0,0,None
Western|Horgolla NP,2024,3,Western,Horgolla NP,0.0,4.0,0.0,0.0,0.0,0.0,0.0,0.0,0.0,0.0,0.0,0.0,0.0,0.0,0.0,0.0,Animal Parts Trade,4.0,1,2024-03-01,1.0,6.123233995736766e-17,Inter_MarApr,0.0,0,None,0.0,0,None,0.0,0,None
Western|Horgolla NP,2024,4,Western,Horgolla NP,0.0,0.0,0.0,0.0,0.0,0.0,0.0,0.0,0.0,0.0,0.0,0.0,0.0,0.0,0.0,0.0,None,0.0,0,2024-04-01,0.8660254037844387,-0.4999999999999998,Inter_MarApr,4.0,1,Animal Parts Trade,0.0,0,None,0.0,0,None
Western|Horgolla NP,2024,5,Western,Horgolla NP,0.0,0.0,0.0,0.0,0.0,0.0,0.0,0.0,0.0,0.0,0.0,0.0,0.0,0.0,0.0,0.0,None,0.0,0,2024-05-01,0.49999999999999994,-0.8660254037844387,SW_monsoon,0.0,0,None,4.0,1,Animal Parts Trade,0.0,0,None
Western|Horgolla NP,2024,6,Western,Horgolla NP,0.0,0.0,0.0,0.0,0.0,0.0,0.0,0.0,0.0,0.0,0.0,0.0,0.0,0.0,0.0,0.0,None,0.0,0,2024-06-01,1.2246467991473532e-16,-1.0,SW_monsoon,0.0,0,None,0.0,0,None,4.0,1,Animal Parts Trade
Western|Horgolla NP,2024,7,Western,Horgolla NP,0.0,6.0,0.0,0.0,0.0,0.0,0.0,0.0,0.0,0.0,0.0,1.0,0.0,0.0,0.0,0.0,Animal Parts Trade,7.0,1,2024-07-01,-0.4999999999999997,-0.8660254037844388,SW_monsoon,0.0,0,None,0.0,0,None,0.0,0,None
Western|Horgolla NP,2024,8,Western,Horgolla NP,0.0,0.0,0.0,0.0,0.0,0.0,0.0,0.0,0.0,0.0,0.0,6.0,0.0,0.0,1.0,0.0,Meat/Egg Trade,7.0,1,2024-08-01,-0.8660254037844384,-0.5000000000000004,SW_monsoon,7.0,1,Animal Parts Trade,0.0,0,None,0.0,0,None
Western|Horgolla NP,2024,9,Western,Horgolla NP,0.0,0.0,0.0,0.0,0.0,0.0,0.0,0.0,0.0,0.0,0.0,0.0,0.0,0.0,0.0,0.0,None,0.0,0,2024-09-01,-1.0,-1.8369701987210297e-16,SW_monsoon,7.0,1,Meat/Egg Trade,7.0,1,Animal Parts Trade,0.0,0,None
Western|Horgolla NP,2024,10,Western,Horgolla NP,0.0,0.0,0.0,0.0,0.0,0.0,0.0,0.0,0.0,0.0,0.0,0.0,0.0,0.0,0.0,0.0,None,0.0,0,2024-10-01,-0.8660254037844386,0.5000000000000001,Inter_OctNov,0.0,0,None,7.0,1,Meat/Egg Trade,7.0,1,Animal Parts Trade
Western|Horgolla NP,2024,11,Western,Horgolla NP,0.0,0.0,0.0,0.0,0.0,0.0,0.0,0.0,0.0,0.0,0.0,0.0,0.0,0.0,0.0,0.0,None,0.0,0,2024-11-01,-0.5000000000000004,0.8660254037844384,Inter_OctNov,0.0,0,None,0.0,0,None,7.0,1,Meat/Egg Trade
Western|Horgolla NP,2024,12,Western,Horgolla NP,0.0,0.0,0.0,0.0,0.0,0.0,0.0,0.0,0.0,0.0,0.0,0.0,0.0,0.0,0.0,0.0,None,0.0,0,2024-12-01,-2.4492935982947064e-16,1.0,NE_monsoon,0.0,0,None,0.0,0,None,0.0,0,None
Western|Maibulkanda Range,2022,1,Western,Maibulkanda Range,0.0,0.0,0.0,0.0,0.0,0.0,0.0,0.0,0.0,0.0,0.0,0.0,0.0,0.0,0.0,0.0,None,0.0,0,2022-01-01,0.49999999999999994,0.8660254037844387,NE_monsoon,0.0,0,None,0.0,0,None,0.0,0,None
Western|Maibulkanda Range,2022,2,Western,Maibulkanda Range,0.0,0.0,0.0,0.0,0.0,0.0,0.0,0.0,0.0,0.0,0.0,0.0,0.0,0.0,0.0,0.0,None,0.0,0,2022-02-01,0.8660254037844386,0.5000000000000001,NE_monsoon,0.0,0,None,0.0,0,None,0.0,0,None
Western|Maibulkanda Range,2022,3,Western,Maibulkanda Range,0.0,0.0,0.0,0.0,0.0,0.0,0.0,0.0,0.0,0.0,0.0,0.0,0.0,0.0,0.0,0.0,None,0.0,0,2022-03-01,1.0,6.123233995736766e-17,Inter_MarApr,0.0,0,None,0.0,0,None,0.0,0,None
Western|Maibulkanda Range,2022,4,Western,Maibulkanda Range,0.0,0.0,0.0,0.0,0.0,0.0,0.0,0.0,0.0,0.0,0.0,0.0,0.0,0.0,0.0,0.0,None,0.0,0,2022-04-01,0.8660254037844387,-0.4999999999999998,Inter_MarApr,0.0,0,None,0.0,0,None,0.0,0,None
Western|Maibulkanda Range,2022,5,Western,Maibulkanda Range,0.0,0.0,0.0,0.0,0.0,0.0,0.0,0.0,0.0,0.0,0.0,0.0,0.0,0.0,0.0,0.0,None,0.0,0,2022-05-01,0.49999999999999994,-0.8660254037844387,SW_monsoon,0.0,0,None,0.0,0,None,0.0,0,None
Western|Maibulkanda Range,2022,6,Western,Maibulkanda Range,0.0,0.0,0.0,0.0,0.0,0.0,0.0,0.0,0.0,0.0,0.0,0.0,0.0,0.0,0.0,0.0,None,0.0,0,2022-06-01,1.2246467991473532e-16,-1.0,SW_monsoon,0.0,0,None,0.0,0,None,0.0,0,None
Western|Maibulkanda Range,2022,7,Western,Maibulkanda Range,0.0,0.0,0.0,0.0,0.0,0.0,0.0,0.0,0.0,0.0,0.0,0.0,0.0,0.0,0.0,0.0,None,0.0,0,2022-07-01,-0.4999999999999997,-0.8660254037844388,SW_monsoon,0.0,0,None,0.0,0,None,0.0,0,None
Western|Maibulkanda Range,2022,8,Western,Maibulkanda Range,0.0,0.0,0.0,0.0,0.0,0.0,0.0,0.0,0.0,0.0,0.0,0.0,0.0,0.0,0.0,0.0,None,0.0,0,2022-08-01,-0.8660254037844384,-0.5000000000000004,SW_monsoon,0.0,0,None,0.0,0,None,0.0,0,None
Western|Maibulkanda Range,2022,9,Western,Maibulkanda Range,0.0,0.0,0.0,0.0,0.0,0.0,0.0,0.0,0.0,0.0,0.0,0.0,0.0,0.0,0.0,0.0,None,0.0,0,2022-09-01,-1.0,-1.8369701987210297e-16,SW_monsoon,0.0,0,None,0.0,0,None,0.0,0,None
Western|Maibulkanda Range,2022,10,Western,Maibulkanda Range,0.0,0.0,0.0,0.0,0.0,0.0,0.0,0.0,0.0,0.0,0.0,0.0,0.0,0.0,0.0,0.0,None,0.0,0,2022-10-01,-0.8660254037844386,0.5000000000000001,Inter_OctNov,0.0,0,None,0.0,0,None,0.0,0,None
Western|Maibulkanda Range,2022,11,Western,Maibulkanda Range,0.0,0.0,0.0,0.0,0.0,0.0,0.0,0.0,0.0,0.0,0.0,0.0,0.0,0.0,0.0,0.0,None,0.0,0,2022-11-01,-0.5000000000000004,0.8660254037844384,Inter_OctNov,0.0,0,None,0.0,0,None,0.0,0,None
Western|Maibulkanda Range,2022,12,Western,Maibulkanda Range,0.0,0.0,0.0,0.0,0.0,0.0,0.0,0.0,0.0,0.0,0.0,0.0,0.0,0.0,0.0,0.0,None,0.0,0,2022-12-01,-2.4492935982947064e-16,1.0,NE_monsoon,0.0,0,None,0.0,0,None,0.0,0,None
Western|Maibulkanda Range,2023,1,Western,Maibulkanda Range,0.0,0.0,0.0,0.0,0.0,0.0,0.0,0.0,0.0,0.0,0.0,0.0,0.0,0.0,0.0,0.0,None,0.0,0,2023-01-01,0.49999999999999994,0.8660254037844387,NE_monsoon,0.0,0,None,0.0,0,None,0.0,0,None
Western|Maibulkanda Range,2023,2,Western,Maibulkanda Range,0.0,0.0,0.0,0.0,0.0,0.0,0.0,0.0,0.0,0.0,0.0,0.0,0.0,0.0,0.0,0.0,None,0.0,0,2023-02-01,0.8660254037844386,0.5000000000000001,NE_monsoon,0.0,0,None,0.0,0,None,0.0,0,None
Western|Maibulkanda Range,2023,3,Western,Maibulkanda Range,0.0,0.0,0.0,0.0,0.0,0.0,0.0,0.0,0.0,0.0,0.0,0.0,0.0,0.0,0.0,0.0,None,0.0,0,2023-03-01,1.0,6.123233995736766e-17,Inter_MarApr,0.0,0,None,0.0,0,None,0.0,0,None
Western|Maibulkanda Range,2023,4,Western,Maibulkanda Range,0.0,0.0,0.0,0.0,0.0,0.0,0.0,0.0,0.0,0.0,0.0,7.0,0.0,0.0,0.0,0.0,Meat/Egg Trade,7.0,1,2023-04-01,0.8660254037844387,-0.4999999999999998,Inter_MarApr,0.0,0,None,0.0,0,None,0.0,0,None
Western|Maibulkanda Range,2023,5,Western,Maibulkanda Range,0.0,0.0,0.0,0.0,0.0,0.0,0.0,0.0,0.0,0.0,0.0,0.0,0.0,0.0,0.0,0.0,None,0.0,0,2023-05-01,0.49999999999999994,-0.8660254037844387,SW_monsoon,7.0,1,Meat/Egg Trade,0.0,0,None,0.0,0,None
Western|Maibulkanda Range,2023,6,Western,Maibulkanda Range,0.0,0.0,0.0,0.0,0.0,0.0,0.0,0.0,0.0,0.0,0.0,0.0,0.0,0.0,0.0,0.0,None,0.0,0,2023-06-01,1.2246467991473532e-16,-1.0,SW_monsoon,0.0,0,None,7.0,1,Meat/Egg Trade,0.0,0,None
Western|Maibulkanda Range,2023,7,Western,Maibulkanda Range,0.0,0.0,0.0,0.0,0.0,0.0,0.0,0.0,0.0,0.0,0.0,0.0,0.0,0.0,0.0,0.0,None,0.0,0,2023-07-01,-0.4999999999999997,-0.8660254037844388,SW_monsoon,0.0,0,None,0.0,0,None,7.0,1,Meat/Egg Trade
Western|Maibulkanda Range,2023,8,Western,Maibulkanda Range,0.0,0.0,3.0,0.0,0.0,19.0,0.0,0.0,0.0,0.0,0.0,18.0,0.0,0.0,0.0,0.0,Encroachment/Land,40.0,1,2023-08-01,-0.8660254037844384,-0.5000000000000004,SW_monsoon,0.0,0,None,0.0,0,None,0.0,0,None
Western|Maibulkanda Range,2023,9,Western,Maibulkanda Range,0.0,0.0,0.0,0.0,0.0,0.0,0.0,0.0,0.0,0.0,0.0,0.0,0.0,0.0,0.0,0.0,None,0.0,0,2023-09-01,-1.0,-1.8369701987210297e-16,SW_monsoon,40.0,1,Encroachment/Land,0.0,0,None,0.0,0,None
Western|Maibulkanda Range,2023,10,Western,Maibulkanda Range,0.0,0.0,0.0,0.0,0.0,0.0,0.0,0.0,0.0,0.0,0.0,0.0,0.0,0.0,0.0,0.0,None,0.0,0,2023-10-01,-0.8660254037844386,0.5000000000000001,Inter_OctNov,0.0,0,None,40.0,1,Encroachment/Land,0.0,0,None
Western|Maibulkanda Range,2023,11,Western,Maibulkanda Range,0.0,0.0,0.0,0.0,0.0,0.0,0.0,0.0,0.0,0.0,0.0,0.0,0.0,0.0,0.0,0.0,None,0.0,0,2023-11-01,-0.5000000000000004,0.8660254037844384,Inter_OctNov,0.0,0,None,0.0,0,None,40.0,1,Encroachment/Land
Western|Maibulkanda Range,2023,12,Western,Maibulkanda Range,0.0,0.0,0.0,0.0,0.0,0.0,0.0,0.0,0.0,0.0,0.0,0.0,0.0,0.0,0.0,0.0,None,0.0,0,2023-12-01,-2.4492935982947064e-16,1.0,NE_monsoon,0.0,0,None,0.0,0,None,0.0,0,None
Western|Maibulkanda Range,2024,1,Western,Maibulkanda Range,0.0,0.0,0.0,0.0,0.0,0.0,0.0,0.0,0.0,0.0,0.0,0.0,0.0,0.0,0.0,0.0,None,0.0,0,2024-01-01,0.49999999999999994,0.8660254037844387,NE_monsoon,0.0,0,None,0.0,0,None,0.0,0,None
Western|Maibulkanda Range,2024,2,Western,Maibulkanda Range,0.0,0.0,0.0,0.0,0.0,0.0,0.0,0.0,0.0,0.0,0.0,0.0,0.0,0.0,0.0,0.0,None,0.0,0,2024-02-01,0.8660254037844386,0.5000000000000001,NE_monsoon,0.0,0,None,0.0,0,None,0.0,0,None
Western|Maibulkanda Range,2024,3,Western,Maibulkanda Range,0.0,0.0,0.0,0.0,0.0,0.0,0.0,0.0,0.0,0.0,0.0,0.0,0.0,0.0,0.0,0.0,None,0.0,0,2024-03-01,1.0,6.123233995736766e-17,Inter_MarApr,0.0,0,None,0.0,0,None,0.0,0,None
Western|Maibulkanda Range,2024,4,Western,Maibulkanda Range,0.0,0.0,0.0,0.0,0.0,0.0,0.0,0.0,0.0,0.0,0.0,0.0,0.0,0.0,0.0,0.0,None,0.0,0,2024-04-01,0.8660254037844387,-0.4999999999999998,Inter_MarApr,0.0,0,None,0.0,0,None,0.0,0,None
Western|Maibulkanda Range,2024,5,Western,Maibulkanda Range,0.0,0.0,0.0,0.0,0.0,0.0,0.0,0.0,0.0,0.0,0.0,0.0,0.0,0.0,0.0,0.0,None,0.0,0,2024-05-01,0.49999999999999994,-0.8660254037844387,SW_monsoon,0.0,0,None,0.0,0,None,0.0,0,None
Western|Maibulkanda Range,2024,6,Western,Maibulkanda Range,0.0,0.0,0.0,0.0,0.0,0.0,0.0,0.0,0.0,0.0,0.0,0.0,0.0,0.0,0.0,0.0,None,0.0,0,2024-06-01,1.2246467991473532e-16,-1.0,SW_monsoon,0.0,0,None,0.0,0,None,0.0,0,None
Western|Maibulkanda Range,2024,7,Western,Maibulkanda Range,0.0,0.0,0.0,0.0,0.0,0.0,0.0,0.0,0.0,0.0,0.0,0.0,0.0,0.0,0.0,0.0,None,0.0,0,2024-07-01,-0.4999999999999997,-0.8660254037844388,SW_monsoon,0.0,0,None,0.0,0,None,0.0,0,None
Western|Maibulkanda Range,2024,8,Western,Maibulkanda Range,0.0,0.0,0.0,0.0,0.0,0.0,0.0,0.0,0.0,0.0,0.0,0.0,0.0,0.0,0.0,0.0,None,0.0,0,2024-08-01,-0.8660254037844384,-0.5000000000000004,SW_monsoon,0.0,0,None,0.0,0,None,0.0,0,None
Western|Maibulkanda Range,2024,9,Western,Maibulkanda Range,0.0,0.0,0.0,0.0,0.0,0.0,0.0,0.0,0.0,0.0,0.0,0.0,0.0,0.0,0.0,0.0,None,0.0,0,2024-09-01,-1.0,-1.8369701987210297e-16,SW_monsoon,0.0,0,None,0.0,0,None,0.0,0,None
Western|Maibulkanda Range,2024,10,Western,Maibulkanda Range,0.0,0.0,0.0,0.0,0.0,0.0,0.0,0.0,0.0,0.0,0.0,0.0,0.0,0.0,0.0,0.0,None,0.0,0,2024-10-01,-0.8660254037844386,0.5000000000000001,Inter_OctNov,0.0,0,None,0.0,0,None,0.0,0,None
Western|Maibulkanda Range,2024,11,Western,Maibulkanda Range,0.0,0.0,0.0,0.0,0.0,0.0,0.0,0.0,0.0,0.0,0.0,0.0,0.0,0.0,0.0,0.0,None,0.0,0,2024-11-01,-0.5000000000000004,0.8660254037844384,Inter_OctNov,0.0,0,None,0.0,0,None,0.0,0,None
Western|Maibulkanda Range,2024,12,Western,Maibulkanda Range,0.0,0.0,0.0,0.0,0.0,0.0,0.0,0.0,0.0,0.0,0.0,0.0,0.0,0.0,0.0,0.0,None,0.0,0,2024-12-01,-2.4492935982947064e-16,1.0,NE_monsoon,0.0,0,None,0.0,0,None,0.0,0,None
Western|Muthurajawela Range,2022,1,Western,Muthurajawela Range,0.0,0.0,0.0,0.0,0.0,0.0,0.0,0.0,0.0,0.0,0.0,0.0,0.0,0.0,0.0,0.0,None,0.0,0,2022-01-01,0.49999999999999994,0.8660254037844387,NE_monsoon,0.0,0,None,0.0,0,None,0.0,0,None
Western|Muthurajawela Range,2022,2,Western,Muthurajawela Range,0.0,0.0,0.0,0.0,0.0,0.0,0.0,0.0,0.0,0.0,0.0,0.0,0.0,0.0,0.0,0.0,None,0.0,0,2022-02-01,0.8660254037844386,0.5000000000000001,NE_monsoon,0.0,0,None,0.0,0,None,0.0,0,None
Western|Muthurajawela Range,2022,3,Western,Muthurajawela Range,0.0,3.0,0.0,0.0,0.0,0.0,0.0,0.0,0.0,0.0,0.0,0.0,0.0,0.0,0.0,0.0,Animal Parts Trade,3.0,1,2022-03-01,1.0,6.123233995736766e-17,Inter_MarApr,0.0,0,None,0.0,0,None,0.0,0,None
Western|Muthurajawela Range,2022,4,Western,Muthurajawela Range,0.0,0.0,0.0,0.0,0.0,0.0,0.0,0.0,0.0,0.0,0.0,2.0,0.0,1.0,0.0,0.0,Meat/Egg Trade,3.0,1,2022-04-01,0.8660254037844387,-0.4999999999999998,Inter_MarApr,3.0,1,Animal Parts Trade,0.0,0,None,0.0,0,None
Western|Muthurajawela Range,2022,5,Western,Muthurajawela Range,0.0,0.0,0.0,0.0,0.0,0.0,0.0,0.0,0.0,0.0,0.0,0.0,0.0,0.0,0.0,0.0,None,0.0,0,2022-05-01,0.49999999999999994,-0.8660254037844387,SW_monsoon,3.0,1,Meat/Egg Trade,3.0,1,Animal Parts Trade,0.0,0,None
Western|Muthurajawela Range,2022,6,Western,Muthurajawela Range,0.0,0.0,0.0,0.0,0.0,0.0,0.0,0.0,0.0,0.0,0.0,0.0,0.0,10.0,0.0,0.0,Other,10.0,1,2022-06-01,1.2246467991473532e-16,-1.0,SW_monsoon,0.0,0,None,3.0,1,Meat/Egg Trade,3.0,1,Animal Parts Trade
Western|Muthurajawela Range,2022,7,Western,Muthurajawela Range,0.0,0.0,0.0,0.0,0.0,0.0,0.0,0.0,0.0,0.0,0.0,0.0,0.0,0.0,0.0,0.0,None,0.0,0,2022-07-01,-0.4999999999999997,-0.8660254037844388,SW_monsoon,10.0,1,Other,0.0,0,None,3.0,1,Meat/Egg Trade
Western|Muthurajawela Range,2022,8,Western,Muthurajawela Range,0.0,0.0,0.0,0.0,0.0,0.0,0.0,0.0,0.0,0.0,0.0,0.0,0.0,1.0,0.0,0.0,Other,1.0,1,2022-08-01,-0.8660254037844384,-0.5000000000000004,SW_monsoon,0.0,0,None,10.0,1,Other,0.0,0,None
Western|Muthurajawela Range,2022,9,Western,Muthurajawela Range,55.0,0.0,0.0,0.0,0.0,0.0,0.0,0.0,0.0,0.0,0.0,0.0,0.0,0.0,0.0,0.0,Animal Death/Injury,55.0,1,2022-09-01,-1.0,-1.8369701987210297e-16,SW_monsoon,1.0,1,Other,0.0,0,None,10.0,1,Other
Western|Muthurajawela Range,2022,10,Western,Muthurajawela Range,0.0,0.0,0.0,0.0,0.0,0.0,0.0,0.0,0.0,0.0,0.0,0.0,0.0,0.0,0.0,0.0,None,0.0,0,2022-10-01,-0.8660254037844386,0.5000000000000001,Inter_OctNov,55.0,1,Animal Death/Injury,1.0,1,Other,0.0,0,None
Western|Muthurajawela Range,2022,11,Western,Muthurajawela Range,0.0,0.0,0.0,0.0,0.0,0.0,0.0,0.0,0.0,0.0,0.0,0.0,0.0,0.0,0.0,0.0,None,0.0,0,2022-11-01,-0.5000000000000004,0.8660254037844384,Inter_OctNov,0.0,0,None,55.0,1,Animal Death/Injury,1.0,1,Other
Western|Muthurajawela Range,2022,12,Western,Muthurajawela Range,0.0,0.0,0.0,0.0,0.0,0.0,0.0,0.0,0.0,0.0,0.0,0.0,0.0,0.0,0.0,0.0,None,0.0,0,2022-12-01,-2.4492935982947064e-16,1.0,NE_monsoon,0.0,0,None,0.0,0,None,55.0,1,Animal Death/Injury
Western|Muthurajawela Range,2023,1,Western,Muthurajawela Range,0.0,0.0,0.0,0.0,0.0,0.0,0.0,0.0,0.0,0.0,0.0,0.0,0.0,0.0,0.0,0.0,None,0.0,0,2023-01-01,0.49999999999999994,0.8660254037844387,NE_monsoon,0.0,0,None,0.0,0,None,0.0,0,None
Western|Muthurajawela Range,2023,2,Western,Muthurajawela Range,0.0,0.0,0.0,0.0,0.0,0.0,0.0,0.0,0.0,0.0,0.0,0.0,0.0,0.0,1.0,0.0,Tusk Theft,1.0,1,2023-02-01,0.8660254037844386,0.5000000000000001,NE_monsoon,0.0,0,None,0.0,0,None,0.0,0,None
Western|Muthurajawela Range,2023,3,Western,Muthurajawela Range,0.0,14.0,0.0,0.0,0.0,0.0,0.0,0.0,0.0,0.0,0.0,5.0,0.0,0.0,9.0,0.0,Animal Parts Trade,28.0,1,2023-03-01,1.0,6.123233995736766e-17,Inter_MarApr,1.0,1,Tusk Theft,0.0,0,None,0.0,0,None
Western|Muthurajawela Range,2023,4,Western,Muthurajawela Range,0.0,0.0,0.0,0.0,0.0,0.0,0.0,0.0,0.0,0.0,0.0,17.0,0.0,0.0,0.0,0.0,Meat/Egg Trade,17.0,1,2023-04-01,0.8660254037844387,-0.4999999999999998,Inter_MarApr,28.0,1,Animal Parts Trade,1.0,1,Tusk Theft,0.0,0,None
Western|Muthurajawela Range,2023,5,Western,Muthurajawela Range,0.0,12.0,0.0,0.0,0.0,0.0,0.0,0.0,0.0,0.0,0.0,0.0,0.0,0.0,0.0,0.0,Animal Parts Trade,12.0,1,2023-05-01,0.49999999999999994,-0.8660254037844387,SW_monsoon,17.0,1,Meat/Egg Trade,28.0,1,Animal Parts Trade,1.0,1,Tusk Theft
Western|Muthurajawela Range,2023,6,Western,Muthurajawela Range,0.0,2.0,0.0,0.0,0.0,0.0,0.0,0.0,0.0,0.0,0.0,0.0,0.0,0.0,0.0,0.0,Animal Parts Trade,2.0,1,2023-06-01,1.2246467991473532e-16,-1.0,SW_monsoon,12.0,1,Animal Parts Trade,17.0,1,Meat/Egg Trade,28.0,1,Animal Parts Trade
Western|Muthurajawela Range,2023,7,Western,Muthurajawela Range,0.0,107.0,0.0,0.0,0.0,0.0,0.0,0.0,0.0,0.0,0.0,3.0,0.0,0.0,0.0,0.0,Animal Parts Trade,110.0,1,2023-07-01,-0.4999999999999997,-0.8660254037844388,SW_monsoon,2.0,1,Animal Parts Trade,12.0,1,Animal Parts Trade,17.0,1,Meat/Egg Trade
Western|Muthurajawela Range,2023,8,Western,Muthurajawela Range,0.0,0.0,0.0,0.0,0.0,0.0,0.0,0.0,0.0,0.0,0.0,0.0,0.0,132.0,0.0,0.0,Other,132.0,1,2023-08-01,-0.8660254037844384,-0.5000000000000004,SW_monsoon,110.0,1,Animal Parts Trade,2.0,1,Animal Parts Trade,12.0,1,Animal Parts Trade
Western|Muthurajawela Range,2023,9,Western,Muthurajawela Range,0.0,0.0,0.0,0.0,0.0,0.0,0.0,0.0,0.0,0.0,0.0,0.0,0.0,0.0,0.0,0.0,None,0.0,0,2023-09-01,-1.0,-1.8369701987210297e-16,SW_monsoon,132.0,1,Other,110.0,1,Animal Parts Trade,2.0,1,Animal Parts Trade
Western|Muthurajawela Range,2023,10,Western,Muthurajawela Range,0.0,0.0,0.0,0.0,0.0,0.0,0.0,0.0,0.0,0.0,0.0,0.0,0.0,0.0,0.0,0.0,None,0.0,0,2023-10-01,-0.8660254037844386,0.5000000000000001,Inter_OctNov,0.0,0,None,132.0,1,Other,110.0,1,Animal Parts Trade
Western|Muthurajawela Range,2023,11,Western,Muthurajawela Range,0.0,0.0,0.0,0.0,0.0,0.0,0.0,0.0,0.0,0.0,0.0,0.0,0.0,0.0,0.0,0.0,None,0.0,0,2023-11-01,-0.5000000000000004,0.8660254037844384,Inter_OctNov,0.0,0,None,0.0,0,None,132.0,1,Other
Western|Muthurajawela Range,2023,12,Western,Muthurajawela Range,0.0,0.0,1.0,0.0,0.0,0.0,0.0,2.0,0.0,0.0,0.0,0.0,0.0,0.0,0.0,0.0,Hunting/Killing,3.0,1,2023-12-01,-2.4492935982947064e-16,1.0,NE_monsoon,0.0,0,None,0.0,0,None,0.0,0,None
Western|Muthurajawela Range,2024,1,Western,Muthurajawela Range,0.0,0.0,0.0,0.0,0.0,7.0,0.0,0.0,0.0,0.0,0.0,0.0,0.0,0.0,0.0,0.0,Encroachment/Land,7.0,1,2024-01-01,0.49999999999999994,0.8660254037844387,NE_monsoon,3.0,1,Hunting/Killing,0.0,0,None,0.0,0,None
Western|Muthurajawela Range,2024,2,Western,Muthurajawela Range,0.0,0.0,0.0,0.0,0.0,10.0,0.0,0.0,0.0,0.0,0.0,0.0,0.0,0.0,0.0,0.0,Encroachment/Land,10.0,1,2024-02-01,0.8660254037844386,0.5000000000000001,NE_monsoon,7.0,1,Encroachment/Land,3.0,1,Hunting/Killing,0.0,0,None
Western|Muthurajawela Range,2024,3,Western,Muthurajawela Range,0.0,0.0,6.0,0.0,0.0,0.0,0.0,7.0,0.0,0.0,0.0,0.0,0.0,0.0,0.0,0.0,Hunting/Killing,13.0,1,2024-03-01,1.0,6.123233995736766e-17,Inter_MarApr,10.0,1,Encroachment/Land,7.0,1,Encroachment/Land,3.0,1,Hunting/Killing
Western|Muthurajawela Range,2024,4,Western,Muthurajawela Range,0.0,0.0,0.0,0.0,0.0,0.0,0.0,0.0,0.0,0.0,0.0,0.0,0.0,0.0,0.0,0.0,None,0.0,0,2024-04-01,0.8660254037844387,-0.4999999999999998,Inter_MarApr,13.0,1,Hunting/Killing,10.0,1,Encroachment/Land,7.0,1,Encroachment/Land
Western|Muthurajawela Range,2024,5,Western,Muthurajawela Range,0.0,0.0,0.0,0.0,0.0,0.0,0.0,0.0,0.0,0.0,0.0,0.0,0.0,0.0,0.0,0.0,None,0.0,0,2024-05-01,0.49999999999999994,-0.8660254037844387,SW_monsoon,0.0,0,None,13.0,1,Hunting/Killing,10.0,1,Encroachment/Land
Western|Muthurajawela Range,2024,6,Western,Muthurajawela Range,0.0,0.0,0.0,0.0,0.0,0.0,0.0,0.0,0.0,0.0,0.0,0.0,0.0,0.0,0.0,0.0,None,0.0,0,2024-06-01,1.2246467991473532e-16,-1.0,SW_monsoon,0.0,0,None,0.0,0,None,13.0,1,Hunting/Killing
Western|Muthurajawela Range,2024,7,Western,Muthurajawela Range,0.0,0.0,0.0,0.0,0.0,0.0,0.0,0.0,0.0,0.0,0.0,0.0,0.0,3.0,0.0,0.0,Other,3.0,1,2024-07-01,-0.4999999999999997,-0.8660254037844388,SW_monsoon,0.0,0,None,0.0,0,None,0.0,0,None
Western|Muthurajawela Range,2024,8,Western,Muthurajawela Range,0.0,0.0,7.0,0.0,0.0,0.0,0.0,0.0,0.0,0.0,0.0,0.0,0.0,0.0,0.0,0.0,Animal Possession,7.0,1,2024-08-01,-0.8660254037844384,-0.5000000000000004,SW_monsoon,3.0,1,Other,0.0,0,None,0.0,0,None
Western|Muthurajawela Range,2024,9,Western,Muthurajawela Range,0.0,0.0,0.0,0.0,0.0,0.0,0.0,0.0,0.0,0.0,0.0,0.0,0.0,0.0,0.0,0.0,None,0.0,0,2024-09-01,-1.0,-1.8369701987210297e-16,SW_monsoon,7.0,1,Animal Possession,3.0,1,Other,0.0,0,None
Western|Muthurajawela Range,2024,10,Western,Muthurajawela Range,0.0,0.0,0.0,0.0,0.0,0.0,0.0,0.0,0.0,0.0,0.0,0.0,0.0,0.0,0.0,0.0,None,0.0,0,2024-10-01,-0.8660254037844386,0.5000000000000001,Inter_OctNov,0.0,0,None,7.0,1,Animal Possession,3.0,1,Other
Western|Muthurajawela Range,2024,11,Western,Muthurajawela Range,0.0,0.0,0.0,0.0,0.0,0.0,0.0,0.0,0.0,0.0,0.0,0.0,0.0,0.0,0.0,0.0,None,0.0,0,2024-11-01,-0.5000000000000004,0.8660254037844384,Inter_OctNov,0.0,0,None,0.0,0,None,7.0,1,Animal Possession
Western|Muthurajawela Range,2024,12,Western,Muthurajawela Range,0.0,0.0,0.0,0.0,0.0,0.0,0.0,2.0,0.0,0.0,0.0,0.0,0.0,0.0,0.0,0.0,Hunting/Killing,2.0,1,2024-12-01,-2.4492935982947064e-16,1.0,NE_monsoon,0.0,0,None,0.0,0,None,0.0,0,None
Western|Unknown,2022,1,Western,Unknown,0.0,0.0,0.0,0.0,0.0,0.0,0.0,0.0,0.0,0.0,0.0,0.0,0.0,0.0,0.0,0.0,None,0.0,0,2022-01-01,0.49999999999999994,0.8660254037844387,NE_monsoon,0.0,0,None,0.0,0,None,0.0,0,None
Western|Unknown,2022,2,Western,Unknown,0.0,0.0,0.0,0.0,0.0,0.0,0.0,0.0,0.0,0.0,0.0,0.0,0.0,0.0,0.0,0.0,None,0.0,0,2022-02-01,0.8660254037844386,0.5000000000000001,NE_monsoon,0.0,0,None,0.0,0,None,0.0,0,None
Western|Unknown,2022,3,Western,Unknown,0.0,0.0,0.0,0.0,0.0,0.0,0.0,0.0,0.0,0.0,0.0,0.0,0.0,0.0,0.0,0.0,None,0.0,0,2022-03-01,1.0,6.123233995736766e-17,Inter_MarApr,0.0,0,None,0.0,0,None,0.0,0,None
Western|Unknown,2022,4,Western,Unknown,0.0,0.0,0.0,0.0,0.0,0.0,0.0,0.0,0.0,0.0,0.0,0.0,0.0,0.0,0.0,0.0,None,0.0,0,2022-04-01,0.8660254037844387,-0.4999999999999998,Inter_MarApr,0.0,0,None,0.0,0,None,0.0,0,None
Western|Unknown,2022,5,Western,Unknown,0.0,0.0,0.0,0.0,0.0,0.0,0.0,0.0,0.0,0.0,0.0,0.0,0.0,0.0,0.0,0.0,None,0.0,0,2022-05-01,0.49999999999999994,-0.8660254037844387,SW_monsoon,0.0,0,None,0.0,0,None,0.0,0,None
Western|Unknown,2022,6,Western,Unknown,0.0,0.0,0.0,0.0,0.0,0.0,0.0,0.0,0.0,0.0,0.0,0.0,0.0,0.0,0.0,0.0,None,0.0,0,2022-06-01,1.2246467991473532e-16,-1.0,SW_monsoon,0.0,0,None,0.0,0,None,0.0,0,None
Western|Unknown,2022,7,Western,Unknown,0.0,0.0,0.0,0.0,0.0,0.0,0.0,0.0,0.0,0.0,0.0,0.0,0.0,0.0,0.0,0.0,None,0.0,0,2022-07-01,-0.4999999999999997,-0.8660254037844388,SW_monsoon,0.0,0,None,0.0,0,None,0.0,0,None
Western|Unknown,2022,8,Western,Unknown,0.0,0.0,0.0,0.0,0.0,0.0,0.0,0.0,0.0,0.0,0.0,0.0,0.0,0.0,0.0,0.0,None,0.0,0,2022-08-01,-0.8660254037844384,-0.5000000000000004,SW_monsoon,0.0,0,None,0.0,0,None,0.0,0,None
Western|Unknown,2022,9,Western,Unknown,0.0,0.0,0.0,0.0,0.0,0.0,0.0,0.0,0.0,0.0,0.0,0.0,0.0,0.0,0.0,0.0,None,0.0,0,2022-09-01,-1.0,-1.8369701987210297e-16,SW_monsoon,0.0,0,None,0.0,0,None,0.0,0,None
Western|Unknown,2022,10,Western,Unknown,0.0,0.0,0.0,0.0,0.0,0.0,0.0,0.0,0.0,0.0,0.0,0.0,0.0,0.0,0.0,0.0,None,0.0,0,2022-10-01,-0.8660254037844386,0.5000000000000001,Inter_OctNov,0.0,0,None,0.0,0,None,0.0,0,None
Western|Unknown,2022,11,Western,Unknown,0.0,0.0,0.0,0.0,0.0,0.0,0.0,0.0,0.0,0.0,0.0,0.0,0.0,0.0,0.0,0.0,None,0.0,0,2022-11-01,-0.5000000000000004,0.8660254037844384,Inter_OctNov,0.0,0,None,0.0,0,None,0.0,0,None
Western|Unknown,2022,12,Western,Unknown,0.0,0.0,0.0,0.0,0.0,0.0,0.0,0.0,0.0,0.0,0.0,0.0,0.0,0.0,0.0,0.0,None,0.0,0,2022-12-01,-2.4492935982947064e-16,1.0,NE_monsoon,0.0,0,None,0.0,0,None,0.0,0,None
Western|Unknown,2023,1,Western,Unknown,0.0,0.0,0.0,0.0,0.0,0.0,0.0,0.0,0.0,0.0,0.0,0.0,0.0,0.0,0.0,0.0,None,0.0,0,2023-01-01,0.49999999999999994,0.8660254037844387,NE_monsoon,0.0,0,None,0.0,0,None,0.0,0,None
Western|Unknown,2023,2,Western,Unknown,0.0,0.0,0.0,0.0,0.0,0.0,0.0,0.0,0.0,0.0,0.0,0.0,0.0,0.0,0.0,0.0,None,0.0,0,2023-02-01,0.8660254037844386,0.5000000000000001,NE_monsoon,0.0,0,None,0.0,0,None,0.0,0,None
Western|Unknown,2023,3,Western,Unknown,0.0,5.0,0.0,0.0,0.0,0.0,0.0,0.0,0.0,0.0,0.0,0.0,0.0,0.0,0.0,0.0,Animal Parts Trade,5.0,1,2023-03-01,1.0,6.123233995736766e-17,Inter_MarApr,0.0,0,None,0.0,0,None,0.0,0,None
Western|Unknown,2023,4,Western,Unknown,0.0,0.0,0.0,0.0,0.0,0.0,0.0,0.0,0.0,0.0,0.0,0.0,0.0,0.0,0.0,0.0,None,0.0,0,2023-04-01,0.8660254037844387,-0.4999999999999998,Inter_MarApr,5.0,1,Animal Parts Trade,0.0,0,None,0.0,0,None
Western|Unknown,2023,5,Western,Unknown,0.0,0.0,0.0,0.0,0.0,0.0,0.0,0.0,0.0,0.0,0.0,0.0,0.0,10.0,0.0,0.0,Other,10.0,1,2023-05-01,0.49999999999999994,-0.8660254037844387,SW_monsoon,0.0,0,None,5.0,1,Animal Parts Trade,0.0,0,None
Western|Unknown,2023,6,Western,Unknown,0.0,0.0,0.0,0.0,0.0,0.0,0.0,0.0,0.0,0.0,0.0,0.0,0.0,0.0,0.0,0.0,None,0.0,0,2023-06-01,1.2246467991473532e-16,-1.0,SW_monsoon,10.0,1,Other,0.0,0,None,5.0,1,Animal Parts Trade
Western|Unknown,2023,7,Western,Unknown,0.0,0.0,0.0,0.0,0.0,0.0,0.0,0.0,0.0,0.0,0.0,0.0,0.0,0.0,0.0,0.0,None,0.0,0,2023-07-01,-0.4999999999999997,-0.8660254037844388,SW_monsoon,0.0,0,None,10.0,1,Other,0.0,0,None
Western|Unknown,2023,8,Western,Unknown,0.0,0.0,0.0,0.0,0.0,0.0,0.0,0.0,0.0,0.0,0.0,0.0,0.0,0.0,0.0,0.0,None,0.0,0,2023-08-01,-0.8660254037844384,-0.5000000000000004,SW_monsoon,0.0,0,None,0.0,0,None,10.0,1,Other
Western|Unknown,2023,9,Western,Unknown,0.0,0.0,0.0,0.0,0.0,0.0,0.0,0.0,0.0,0.0,0.0,0.0,0.0,0.0,0.0,0.0,None,0.0,0,2023-09-01,-1.0,-1.8369701987210297e-16,SW_monsoon,0.0,0,None,0.0,0,None,0.0,0,None
Western|Unknown,2023,10,Western,Unknown,0.0,0.0,0.0,0.0,0.0,0.0,0.0,0.0,0.0,0.0,0.0,0.0,0.0,0.0,0.0,0.0,None,0.0,0,2023-10-01,-0.8660254037844386,0.5000000000000001,Inter_OctNov,0.0,0,None,0.0,0,None,0.0,0,None
Western|Unknown,2023,11,Western,Unknown,0.0,0.0,0.0,0.0,0.0,0.0,0.0,0.0,0.0,0.0,0.0,0.0,0.0,0.0,0.0,0.0,None,0.0,0,2023-11-01,-0.5000000000000004,0.8660254037844384,Inter_OctNov,0.0,0,None,0.0,0,None,0.0,0,None
Western|Unknown,2023,12,Western,Unknown,0.0,0.0,0.0,0.0,0.0,0.0,0.0,0.0,0.0,0.0,0.0,0.0,0.0,0.0,0.0,0.0,None,0.0,0,2023-12-01,-2.4492935982947064e-16,1.0,NE_monsoon,0.0,0,None,0.0,0,None,0.0,0,None
Western|Unknown,2024,1,Western,Unknown,0.0,0.0,0.0,0.0,0.0,0.0,0.0,0.0,0.0,0.0,0.0,0.0,0.0,0.0,0.0,0.0,None,0.0,0,2024-01-01,0.49999999999999994,0.8660254037844387,NE_monsoon,0.0,0,None,0.0,0,None,0.0,0,None
Western|Unknown,2024,2,Western,Unknown,0.0,0.0,0.0,0.0,0.0,0.0,0.0,0.0,0.0,0.0,0.0,0.0,0.0,0.0,0.0,0.0,None,0.0,0,2024-02-01,0.8660254037844386,0.5000000000000001,NE_monsoon,0.0,0,None,0.0,0,None,0.0,0,None
Western|Unknown,2024,3,Western,Unknown,0.0,0.0,0.0,0.0,0.0,0.0,0.0,0.0,0.0,0.0,0.0,0.0,0.0,0.0,0.0,0.0,None,0.0,0,2024-03-01,1.0,6.123233995736766e-17,Inter_MarApr,0.0,0,None,0.0,0,None,0.0,0,None
Western|Unknown,2024,4,Western,Unknown,0.0,0.0,0.0,0.0,0.0,0.0,0.0,0.0,0.0,0.0,0.0,0.0,0.0,0.0,0.0,0.0,None,0.0,0,2024-04-01,0.8660254037844387,-0.4999999999999998,Inter_MarApr,0.0,0,None,0.0,0,None,0.0,0,None
Western|Unknown,2024,5,Western,Unknown,0.0,0.0,0.0,0.0,0.0,0.0,0.0,0.0,0.0,0.0,0.0,0.0,0.0,0.0,0.0,0.0,None,0.0,0,2024-05-01,0.49999999999999994,-0.8660254037844387,SW_monsoon,0.0,0,None,0.0,0,None,0.0,0,None
Western|Unknown,2024,6,Western,Unknown,0.0,0.0,0.0,0.0,0.0,0.0,0.0,0.0,0.0,0.0,0.0,0.0,0.0,0.0,0.0,0.0,None,0.0,0,2024-06-01,1.2246467991473532e-16,-1.0,SW_monsoon,0.0,0,None,0.0,0,None,0.0,0,None
Western|Unknown,2024,7,Western,Unknown,0.0,0.0,0.0,0.0,0.0,0.0,0.0,0.0,0.0,0.0,0.0,0.0,0.0,0.0,0.0,0.0,None,0.0,0,2024-07-01,-0.4999999999999997,-0.8660254037844388,SW_monsoon,0.0,0,None,0.0,0,None,0.0,0,None
Western|Unknown,2024,8,Western,Unknown,0.0,11.0,0.0,0.0,0.0,0.0,0.0,0.0,0.0,0.0,0.0,0.0,0.0,0.0,0.0,0.0,Animal Parts Trade,11.0,1,2024-08-01,-0.8660254037844384,-0.5000000000000004,SW_monsoon,0.0,0,None,0.0,0,None,0.0,0,None
Western|Unknown,2024,9,Western,Unknown,0.0,0.0,0.0,0.0,0.0,0.0,0.0,0.0,0.0,0.0,0.0,0.0,0.0,0.0,0.0,0.0,None,0.0,0,2024-09-01,-1.0,-1.8369701987210297e-16,SW_monsoon,11.0,1,Animal Parts Trade,0.0,0,None,0.0,0,None
Western|Unknown,2024,10,Western,Unknown,0.0,0.0,0.0,0.0,0.0,0.0,0.0,0.0,0.0,0.0,0.0,0.0,0.0,0.0,0.0,0.0,None,0.0,0,2024-10-01,-0.8660254037844386,0.5000000000000001,Inter_OctNov,0.0,0,None,11.0,1,Animal Parts Trade,0.0,0,None
Western|Unknown,2024,11,Western,Unknown,0.0,0.0,0.0,0.0,0.0,0.0,0.0,0.0,0.0,0.0,0.0,0.0,0.0,0.0,0.0,0.0,None,0.0,0,2024-11-01,-0.5000000000000004,0.8660254037844384,Inter_OctNov,0.0,0,None,0.0,0,None,11.0,1,Animal Parts Trade
Western|Unknown,2024,12,Western,Unknown,0.0,0.0,0.0,0.0,0.0,0.0,0.0,0.0,0.0,0.0,0.0,0.0,0.0,0.0,0.0,0.0,None,0.0,0,2024-12-01,-2.4492935982947064e-16,1.0,NE_monsoon,0.0,0,None,0.0,0,None,0.0,0,None
